Date,Open,High,Low,Close,Volume,Dividends,Stock Splits
2002-02-13 00:00:00-05:00,1.6201283182409236,1.6933497726063989,1.6032957520223263,1.6916664838790894,76216000,0.0,0.0
2002-02-14 00:00:00-05:00,1.7127069779419912,1.716073394607065,1.6706257262015356,1.683250069618225,11021600,0.0,0.0
2002-02-15 00:00:00-05:00,1.6832502965735487,1.6874583581040796,1.6580016063358487,1.6748340129852295,8389600,0.0,0.0
2002-02-19 00:00:00-05:00,1.6664176722436537,1.6664176722436537,1.5780470989152977,1.6075040102005005,7410400,0.0,0.0
2002-02-20 00:00:00-05:00,1.615920543900883,1.6622098684310913,1.6032960367314837,1.6622098684310913,6892800,0.0,0.0
2002-02-21 00:00:00-05:00,1.6563183724217407,1.6706260068380219,1.6411690935660002,1.6580016613006592,6976800,0.0,0.0
2002-02-22 00:00:00-05:00,1.670626067778491,1.670626067778491,1.615920461436213,1.628544807434082,3525600,0.0,0.0
2002-02-25 00:00:00-05:00,1.6243363857056468,1.653793296436526,1.6058206912166149,1.6411689519882202,3453600,0.0,0.0
2002-02-26 00:00:00-05:00,1.6327526688469336,1.6580015182707941,1.6066623355834684,1.6411689519882202,2761600,0.0,0.0
2002-02-27 00:00:00-05:00,1.6285441831809022,1.6293858273284438,1.5990872801257754,1.6117116212844849,4091200,0.0,0.0
2002-02-28 00:00:00-05:00,1.6159202935001657,1.636960921485703,1.6075040102005005,1.6075040102005005,2751200,0.0,0.0
2002-03-01 00:00:00-05:00,1.6032956675477572,1.6453769203498214,1.5974043178398265,1.63022780418396,1913600,0.0,0.0
2002-03-04 00:00:00-05:00,1.6369610318959669,1.667259429080185,1.634436098577589,1.6580016613006592,3180800,0.0,0.0
2002-03-05 00:00:00-05:00,1.649585183777812,1.6537932449538337,1.6125536354252938,1.6201282739639282,3444800,0.0,0.0
2002-03-06 00:00:00-05:00,1.619286878789586,1.6352778026680965,1.615920461436213,1.628544807434082,1316800,0.0,0.0
2002-03-07 00:00:00-05:00,1.6285447366630348,1.7337478829522843,1.6285447366630348,1.7185986042022705,2700800,0.0,0.0
2002-03-08 00:00:00-05:00,1.7084991784165255,1.7674130096145888,1.7084991784165255,1.7589967250823975,1600800,0.0,0.0
2002-03-11 00:00:00-05:00,1.75057973102979,1.801077257228713,1.746371670732884,1.7817199230194092,5462400,0.0,0.0
2002-03-12 00:00:00-05:00,1.7674128047056807,1.8431590356590444,1.7674128047056807,1.7842453718185425,5819200,0.0,0.0
2002-03-13 00:00:00-05:00,1.784245294523696,1.8094939835719392,1.7379558172322498,1.76909601688385,5063200,0.0,0.0
2002-03-14 00:00:00-05:00,1.7690960705102348,1.7842453486092988,1.7539467924111705,1.767412781715393,1696800,0.0,0.0
2002-03-15 00:00:00-05:00,1.7674130089703497,1.775829293499473,1.6748342002045429,1.7127074003219604,1708000,0.0,0.0
2002-03-18 00:00:00-05:00,1.7169159100487021,1.7169159100487021,1.6032964405948014,1.624337077140808,2207200,0.0,0.0
2002-03-19 00:00:00-05:00,1.6369609536080432,1.6411690150768252,1.5654227849479614,1.5738390684127808,3229600,0.0,0.0
2002-03-20 00:00:00-05:00,1.561214504434068,1.561214504434068,1.4307626774643907,1.516608476638794,9236000,0.0,0.0
2002-03-21 00:00:00-05:00,1.5166085589071978,1.6201284138361614,1.5166085589071978,1.5780471563339233,4427200,0.0,0.0
2002-03-22 00:00:00-05:00,1.5780477409505198,1.6487442925872886,1.5578487491296313,1.624337077140808,2494400,0.0,0.0
2002-03-25 00:00:00-05:00,1.6411687276736469,1.6672590573710915,1.6142367537243845,1.659684419631958,7571200,0.0,0.0
2002-03-26 00:00:00-05:00,1.683250481085268,1.6916667655961495,1.6647347835831492,1.6815671920776367,1816800,0.0,0.0
2002-03-27 00:00:00-05:00,1.6815671256525602,1.7674129353233832,1.674834130415276,1.733747959136963,1369600,0.0,0.0
2002-03-28 00:00:00-05:00,1.7253314679086715,1.7337477510770907,1.691666495762245,1.700082778930664,1714400,0.0,0.0
2002-04-01 00:00:00-05:00,1.6874579393872435,1.6874579393872435,1.5990873849558345,1.6032954454421997,1880000,0.0,0.0
2002-04-02 00:00:00-05:00,1.599087800765559,1.599087800765559,1.5443821975816627,1.5687892436981201,2098400,0.0,0.0
2002-04-03 00:00:00-05:00,1.5696308347988412,1.5822551796390014,1.551956784128068,1.565422773361206,567200,0.0,0.0
2002-04-04 00:00:00-05:00,1.5612146115302794,1.6032958696365107,1.5612146115302794,1.5948797464370728,763200,0.0,0.0
2002-04-05 00:00:00-05:00,1.5948795783682417,1.6327526103564236,1.556164741516113,1.5561647415161133,837600,0.0,0.0
2002-04-08 00:00:00-04:00,1.5654224955140543,1.5654224955140543,1.495567628567985,1.5401736497879028,1558400,0.0,0.0
2002-04-09 00:00:00-04:00,1.5317578592777257,1.6159203754901883,1.5317578592777257,1.5948797464370728,3562400,0.0,0.0
2002-04-10 00:00:00-04:00,1.590671723831746,1.6032960707416646,1.5780473769218275,1.5923550128936768,1302400,0.0,0.0
2002-04-11 00:00:00-04:00,1.5915132173785103,1.5915132173785103,1.557006597518921,1.557006597518921,1444000,0.0,0.0
2002-04-12 00:00:00-04:00,1.569631015665947,1.569631015665947,1.5199751144492275,1.5359660387039185,1236000,0.0,0.0
2002-04-15 00:00:00-04:00,1.5317575547422309,1.562897589654488,1.5309159104841659,1.5620559453964233,1559200,0.0,0.0
2002-04-16 00:00:00-04:00,1.578047087318019,1.6159202816245517,1.578047087318019,1.5990877151489258,1225600,0.0,0.0
2002-04-17 00:00:00-04:00,1.6201284890832932,1.704291007996711,1.6201284890832932,1.6672594547271729,3348800,0.0,0.0
2002-04-18 00:00:00-04:00,1.667259454727173,1.6958747239999163,1.6613681040875963,1.6672594547271729,984800,0.0,0.0
2002-04-19 00:00:00-04:00,1.6672596137804618,1.7127074553824295,1.6672596137804618,1.7059744596481323,646400,0.0,0.0
2002-04-22 00:00:00-04:00,1.6958744130349146,1.6958744130349146,1.667259149009226,1.683250069618225,772800,0.0,0.0
2002-04-23 00:00:00-04:00,1.6790419297223194,1.7042906153687427,1.641168740725456,1.6453768014907837,824800,0.0,0.0
2002-04-24 00:00:00-04:00,1.6428523216946074,1.6504269608423785,1.632752749321827,1.6335943937301636,1064800,0.0,0.0
2002-04-25 00:00:00-04:00,1.6335948976510548,1.6335948976510548,1.613395907201896,1.6327532529830933,1727200,0.0,0.0
2002-04-26 00:00:00-04:00,1.6243363351399498,1.6479018950965056,1.6201282739639282,1.6201282739639282,1653600,0.0,0.0
2002-04-29 00:00:00-04:00,1.6117122893442555,1.6117122893442555,1.5822553740791454,1.5906716585159302,2562400,0.0,0.0
2002-04-30 00:00:00-04:00,1.5780467614695735,1.6243360689284607,1.5738387009832084,1.6032954454421997,6894400,0.0,0.0
2002-05-01 00:00:00-04:00,1.6243363511729758,1.725331425666809,1.6243363511729758,1.725331425666809,1672000,0.0,0.0
2002-05-02 00:00:00-04:00,1.7169150233033514,1.7665709127480396,1.7169150233033514,1.7531049251556396,3316000,0.0,0.0
2002-05-03 00:00:00-04:00,1.7505806684494019,1.751422313064918,1.7303816792589046,1.7505806684494019,463200,0.0,0.0
2002-05-06 00:00:00-04:00,1.7497386454905892,1.9012310980275269,1.7497386454905892,1.83053457736969,2146400,0.0,0.0
2002-05-07 00:00:00-04:00,1.822118243281894,1.8515751528185467,1.80528583820898,1.809493899345398,452800,0.0,0.0
2002-05-08 00:00:00-04:00,1.8263264208488221,1.8936563605692787,1.8263264208488221,1.885240077972412,658400,0.0,0.0
2002-05-09 00:00:00-04:00,1.8936571403994713,1.9525709823117101,1.8936571403994713,1.9231140613555908,847200,0.0,0.0
2002-05-10 00:00:00-04:00,1.9357375181710412,1.9719274191951175,1.851575017380996,1.856624722480774,696000,0.0,0.0
2002-05-13 00:00:00-04:00,1.8574665026204287,1.8574665026204287,1.754788301935753,1.809493899345398,1929600,0.0,0.0
2002-05-14 00:00:00-04:00,1.8515757749291852,1.8852407569133474,1.7505806684494019,1.7505806684494019,3958400,0.0,0.0
2002-05-15 00:00:00-04:00,1.7421640936438372,1.7674127834826878,1.670625925064087,1.670625925064087,5829600,0.0,0.0
2002-05-16 00:00:00-04:00,1.6706260685896994,1.7421642433153852,1.6706260685896994,1.733747959136963,5286400,0.0,0.0
2002-05-17 00:00:00-04:00,1.746372370837097,1.80949426375892,1.746372370837097,1.7867703437805176,4351200,0.0,0.0
2002-05-20 00:00:00-04:00,1.7867699065265656,1.8094938209440272,1.7758288517295853,1.7993942499160767,2336000,0.0,0.0
2002-05-21 00:00:00-04:00,1.9020727257673948,1.9062807869849523,1.7211233644492518,1.725331425666809,3872000,0.0,0.0
2002-05-22 00:00:00-04:00,1.7219651100196642,1.8094942092895507,1.7084991194438772,1.7884535789489746,1847200,0.0,0.0
2002-05-23 00:00:00-04:00,1.788453430159293,1.9104891401928297,1.788453430159293,1.8860819339752197,2157600,0.0,0.0
2002-05-24 00:00:00-04:00,1.8801901159951078,1.9946511584241566,1.8801901159951078,1.974452018737793,2212000,0.0,0.0
2002-05-28 00:00:00-04:00,1.9820277431960198,2.0443081637586102,1.960987108297857,2.0375750064849854,2082400,0.0,0.0
2002-05-29 00:00:00-04:00,2.0375744050108486,2.0375744050108486,1.9778190965924165,1.9862353801727295,4728000,0.0,0.0
2002-05-30 00:00:00-04:00,1.9862356541122574,1.9862356541122574,1.9483624530410464,1.95762038230896,3941600,0.0,0.0
2002-05-31 00:00:00-04:00,1.9576201293958968,2.0451490620239547,1.9576201293958968,2.03589129447937,2708000,0.0,0.0
2002-06-03 00:00:00-04:00,2.0358912134497,2.0358912134497,1.9475204793934904,1.9567784070968628,1817600,0.0,0.0
2002-06-04 00:00:00-04:00,1.9534121420810728,2.0114843296914673,1.9273218040932696,1.9719280004501343,1933600,0.0,0.0
2002-06-05 00:00:00-04:00,1.9778190351301626,1.9929683129984985,1.944995706766936,1.9567784070968628,1752000,0.0,0.0
2002-06-06 00:00:00-04:00,1.956778407096863,1.9904433798446919,1.9517287013165017,1.9567784070968628,1403200,0.0,0.0
2002-06-07 00:00:00-04:00,1.9357379413184892,1.9559369266602797,1.89870638792824,1.9315298795700073,1752000,0.0,0.0
2002-06-10 00:00:00-04:00,1.9315299294758006,1.9609866835307912,1.8768241621684865,1.8936567306518555,854400,0.0,0.0
2002-06-11 00:00:00-04:00,1.903756232730472,1.914697289466858,1.8953399488031868,1.914697289466858,323200,0.0,0.0
2002-06-12 00:00:00-04:00,1.8944980048816893,1.8953396491941,1.8364258315432713,1.885240077972412,532000,0.0,0.0
2002-06-13 00:00:00-04:00,1.885240179191571,1.9441540000055018,1.859991490572599,1.9323711395263672,1297600,0.0,0.0
2002-06-14 00:00:00-04:00,1.9306882575925173,1.9306882575925173,1.7968698376838423,1.894498348236084,718400,0.0,0.0
2002-06-17 00:00:00-04:00,1.9020728216483416,1.9736109896436798,1.9020728216483416,1.9374210834503174,936800,0.0,0.0
2002-06-18 00:00:00-04:00,1.9374212253072967,1.9483622821419155,1.8768241089085893,1.8953399658203125,260000,0.0,0.0
2002-06-19 00:00:00-04:00,1.8936564740927322,1.9483620734610725,1.8936564740927322,1.9357377290725708,905600,0.0,0.0
2002-06-20 00:00:00-04:00,1.9239551788793365,1.9239551788793365,1.8339013118936913,1.8431590795516968,509600,0.0,0.0
2002-06-21 00:00:00-04:00,1.830534666776657,1.830534666776657,1.7589964982684403,1.767412781715393,1016000,0.0,0.0
2002-06-24 00:00:00-04:00,1.767412991163176,1.767412991163176,1.6748341833301263,1.7270150184631348,1092800,0.0,0.0
2002-06-25 00:00:00-04:00,1.727015032120031,1.7497389521412283,1.6815671920776367,1.6815671920776367,829600,0.0,0.0
2002-06-26 00:00:00-04:00,1.6622096951961387,1.6622096951961387,1.545223849029539,1.5948797464370728,2882400,0.0,0.0
2002-06-27 00:00:00-04:00,1.6075038485908522,1.683250069618225,1.591512927981853,1.683250069618225,1632000,0.0,0.0
2002-06-28 00:00:00-04:00,1.6790421190224103,1.7943446664751108,1.6689425473088488,1.766571044921875,3480000,0.0,0.0
2002-07-01 00:00:00-04:00,1.7589966423539014,1.7665712820238981,1.6537934919675763,1.6613681316375732,1088000,0.0,0.0
2002-07-02 00:00:00-04:00,1.6605263542954636,1.6605263542954636,1.5039841882056986,1.5788887739181519,1637600,0.0,0.0
2002-07-03 00:00:00-04:00,1.5738391654867883,1.6075041408952577,1.4518034490379126,1.557006597518921,2226400,0.0,0.0
2002-07-05 00:00:00-04:00,1.5654229497869572,1.6378026099405676,1.5654229497869572,1.5999295711517334,455200,0.0,0.0
2002-07-08 00:00:00-04:00,1.6075041433517336,1.712707291993506,1.5965629259977208,1.6672594547271729,1433600,0.0,0.0
2002-07-09 00:00:00-04:00,1.6580015182707941,1.7194401123058645,1.6192866800317742,1.6411689519882202,2162400,0.0,0.0
2002-07-10 00:00:00-04:00,1.6411693580232318,1.6916669088370968,1.594880030084774,1.6159206628799438,2144000,0.0,0.0
2002-07-11 00:00:00-04:00,1.6032959471071315,1.6066625249713868,1.493884734955128,1.5511152744293213,2443200,0.0,0.0
2002-07-12 00:00:00-04:00,1.5511154691294322,1.5511154691294322,1.4787356412353199,1.4888352155685425,1052800,0.0,0.0
2002-07-15 00:00:00-04:00,1.487151579955087,1.487151579955087,1.32976769357605,1.4055140018463135,1300000,0.0,0.0
2002-07-16 00:00:00-04:00,1.3844734203391522,1.4198216826613892,1.3541748639123043,1.3625911474227905,1246400,0.0,0.0
2002-07-17 00:00:00-04:00,1.3667989566244798,1.4013055681735564,1.2035237448208742,1.3541746139526367,6398400,0.0,0.0
2002-07-18 00:00:00-04:00,1.3541747062424438,1.3802650376126597,1.3432335710581662,1.3499666452407837,1261600,0.0,0.0
2002-07-19 00:00:00-04:00,1.3423918618752702,1.3474416472022752,1.3171430957674752,1.3280842304229736,1353600,0.0,0.0
2002-07-22 00:00:00-04:00,1.3230347094794175,1.3861565131378144,1.312935217683529,1.3297677040100098,999200,0.0,0.0
2002-07-23 00:00:00-04:00,1.3381841286337277,1.3802653915500542,1.283478518947959,1.3466004133224487,2536000,0.0,0.0
2002-07-24 00:00:00-04:00,1.3297679945212677,1.4829438542152757,1.261596309676181,1.4804189205169678,1784800,0.0,0.0
2002-07-25 00:00:00-04:00,1.4812604885436562,1.4812604885436562,1.3970979626096676,1.4290796518325806,560800,0.0,0.0
2002-07-26 00:00:00-04:00,1.4299206525997123,1.4896761025849083,1.4299206525997123,1.476210117340088,668800,0.0,0.0
2002-07-29 00:00:00-04:00,1.4778934205069563,1.544381871005874,1.4778934205069563,1.5401736497879028,936000,0.0,0.0
2002-07-30 00:00:00-04:00,1.5401740258403853,1.548590309804042,1.4854684208675137,1.5107172727584839,716800,0.0,0.0
2002-07-31 00:00:00-04:00,1.4938845123563493,1.4947261566970025,1.45011996980585,1.472843885421753,777600,0.0,0.0
2002-08-01 00:00:00-04:00,1.464427567045536,1.464427567045536,1.3642741403168932,1.4046722650527954,1011200,0.0,0.0
2002-08-02 00:00:00-04:00,1.3928894148700999,1.3928894148700999,1.2498132504953454,1.270853877067566,1099200,0.0,0.0
2002-08-05 00:00:00-04:00,1.2708541622171963,1.3196684203964237,1.2708541622171963,1.291894793510437,702400,0.0,0.0
2002-08-06 00:00:00-04:00,1.3045187266545328,1.3373421299620316,1.3045187266545328,1.3289258480072021,1688800,0.0,0.0
2002-08-07 00:00:00-04:00,1.3314510695796564,1.3466003491924348,1.3003109461362177,1.3373425006866455,1560800,0.0,0.0
2002-08-08 00:00:00-04:00,1.329767842114304,1.3339759841988712,1.165650942925254,1.2540215253829956,4937600,0.0,0.0
2002-08-09 00:00:00-04:00,1.2540216992555557,1.312935536080748,1.2540216992555557,1.2834786176681519,946400,0.0,0.0
2002-08-12 00:00:00-04:00,1.282636694498279,1.3676408529281616,1.27927019714777,1.3676408529281616,926400,0.0,0.0
2002-08-13 00:00:00-04:00,1.3886812524782408,1.44843655053181,1.3684822717054612,1.3760569095611572,1760800,0.0,0.0
2002-08-14 00:00:00-04:00,1.3760570106203227,1.498092548484196,1.3760570106203227,1.4560112953186035,3224800,0.0,0.0
2002-08-15 00:00:00-04:00,1.5149253715615167,1.5780472620432466,1.5149253715615167,1.5233416557312012,3407200,0.0,0.0
2002-08-16 00:00:00-04:00,1.5233411709497415,1.6664173141933727,1.5233411709497415,1.5931960344314575,1723200,0.0,0.0
2002-08-19 00:00:00-04:00,1.5931963041126962,1.7194400662702507,1.5738389657750766,1.679042100906372,1722400,0.0,0.0
2002-08-20 00:00:00-04:00,1.7421640273567667,1.8094939713833884,1.7000827722083158,1.7606797218322754,5432800,0.0,0.0
2002-08-21 00:00:00-04:00,1.7632046750059776,1.8094939919854014,1.7270147694819094,1.805285930633545,1994400,0.0,0.0
2002-08-22 00:00:00-04:00,1.7842452458760862,1.8094939342359218,1.716915142704449,1.725331425666809,3035200,0.0,0.0
2002-08-23 00:00:00-04:00,1.7253317621689808,1.7261734066820926,1.6622098684310913,1.6622098684310913,1333600,0.0,0.0
2002-08-26 00:00:00-04:00,1.6630510860767866,1.746371945160957,1.6605261531855444,1.7387973070144653,2069600,0.0,0.0
2002-08-27 00:00:00-04:00,1.7421638571220717,1.7707791206690715,1.7211232316038207,1.7345892190933228,1864800,0.0,0.0
2002-08-28 00:00:00-04:00,1.729539809483366,1.788453640681429,1.7135490454522058,1.7589967250823975,2461600,0.0,0.0
2002-08-29 00:00:00-04:00,1.752263973969586,1.804444816925586,1.7228070542618745,1.803603172302246,1388000,0.0,0.0
2002-08-30 00:00:00-04:00,1.817910792945023,1.850734130313669,1.7505806684494019,1.7505806684494019,778400,0.0,0.0
2002-09-03 00:00:00-04:00,1.7505800081920597,1.7505800081920597,1.6453768788409207,1.683250069618225,1085600,0.0,0.0
2002-09-04 00:00:00-04:00,1.70008282621984,1.7320645105167292,1.565422773361206,1.565422773361206,2308800,0.0,0.0
2002-09-05 00:00:00-04:00,1.557006533961744,1.6411690493110274,1.5511151835716555,1.6142370700836182,1292800,0.0,0.0
2002-09-06 00:00:00-04:00,1.620128309799317,1.6664176258683985,1.620128309799317,1.6504268646240234,1339200,0.0,0.0
2002-09-09 00:00:00-04:00,1.6537937718698932,1.6874587535858154,1.5654231747996856,1.6874587535858154,1700000,0.0,0.0
2002-09-10 00:00:00-04:00,1.6933502014116126,1.7244902481161546,1.6697846348435437,1.7169156074523926,1416800,0.0,0.0
2002-09-11 00:00:00-04:00,1.733748257720969,1.7581553094617504,1.733748257720969,1.7505806684494019,599200,0.0,0.0
2002-09-12 00:00:00-04:00,1.7716212207250035,1.7741461544553538,1.7169156074523926,1.7169156074523926,1172000,0.0,0.0
2002-09-13 00:00:00-04:00,1.7000829085834235,1.7000829085834235,1.6495853662490845,1.6495853662490845,288000,0.0,0.0
2002-09-16 00:00:00-04:00,1.65042678324796,1.703449091049627,1.6495851389301888,1.7009241580963135,484800,0.0,0.0
2002-09-17 00:00:00-04:00,1.7219650214093505,1.7556301566437196,1.67146763961232,1.7185986042022705,388800,0.0,0.0
2002-09-18 00:00:00-04:00,1.7084988895704383,1.7160735283160822,1.6706258563694671,1.6916664838790894,408000,0.0,0.0
2002-09-19 00:00:00-04:00,1.7000829628653327,1.746372284508878,1.6832503947073523,1.7068159580230713,3078400,0.0,0.0
2002-09-20 00:00:00-04:00,1.756472166762575,1.756472166762575,1.6664181199474521,1.6874587535858154,737600,0.0,0.0
2002-09-23 00:00:00-04:00,1.6883000025156374,1.6908249357503105,1.6731507241621142,1.6748340129852295,1595200,0.0,0.0
2002-09-24 00:00:00-04:00,1.6714678058576031,1.6723094503748992,1.5696310666466848,1.6344362497329712,1099200,0.0,0.0
2002-09-25 00:00:00-04:00,1.637802530729342,1.663893027008487,1.6369610468094795,1.653793454170227,840000,0.0,0.0
2002-09-26 00:00:00-04:00,1.6664176426535329,1.7379558086395264,1.6622095813420477,1.7379558086395264,1353600,0.0,0.0
2002-09-27 00:00:00-04:00,1.737955724376512,1.8641994839272595,1.737955724376512,1.790978193283081,2938400,0.0,0.0
2002-09-30 00:00:00-04:00,1.7909782123531273,1.8010776233294687,1.6369608304823526,1.7211233377456665,2290400,0.0,0.0
2002-10-01 00:00:00-04:00,1.7211232603955295,1.7211232603955295,1.5999292104353913,1.683250069618225,3411200,0.0,0.0
2002-10-02 00:00:00-04:00,1.670626178983155,1.682408881295175,1.6243366932066998,1.6664179563522339,1560000,0.0,0.0
2002-10-03 00:00:00-04:00,1.6731501993101559,1.6731501993101559,1.6117116212844849,1.6117116212844849,1212000,0.0,0.0
2002-10-04 00:00:00-04:00,1.6234950894869078,1.6537934875588571,1.5570066215669083,1.6251782178878784,2060800,0.0,0.0
2002-10-07 00:00:00-04:00,1.6075040298465757,1.6159203132491005,1.565422773361206,1.565422773361206,1420800,0.0,0.0
2002-10-08 00:00:00-04:00,1.5822553740791454,1.6226535072702577,1.5797306011172016,1.5906716585159302,1255200,0.0,0.0
2002-10-09 00:00:00-04:00,1.5822550393662183,1.5906713220226083,1.4703189134597778,1.4703189134597778,1482400,0.0,0.0
2002-10-10 00:00:00-04:00,1.4728441458354016,1.5763640101304301,1.4534868041595388,1.5410157442092896,2052800,0.0,0.0
2002-10-11 00:00:00-04:00,1.5494319306824267,1.5780471994071914,1.548590286246138,1.5628979206085205,1828000,0.0,0.0
2002-10-14 00:00:00-04:00,1.5544817382771554,1.5864635868354195,1.5443823254367468,1.5772056579589844,673600,0.0,0.0
2002-10-15 00:00:00-04:00,1.6411689905033706,1.6706259019255485,1.6133953678544037,1.6487436294555664,1840800,0.0,0.0
2002-10-16 00:00:00-04:00,1.642010596355074,1.6580015182707941,1.6125536856241944,1.6411689519882202,1138400,0.0,0.0
2002-10-17 00:00:00-04:00,1.6580017259329003,1.7387976689434208,1.6394858685975373,1.6647347211837769,1288800,0.0,0.0
2002-10-18 00:00:00-04:00,1.664734787191415,1.7581550799355863,1.6630514981801354,1.7127074003219604,1427200,0.0,0.0
2002-10-21 00:00:00-04:00,1.7135486709194516,1.7665709789867274,1.6916664001295036,1.7547882795333862,1616800,0.0,0.0
2002-10-22 00:00:00-04:00,1.5317576426880428,1.6664175211653427,1.5317576426880428,1.6133952140808105,7187200,0.0,0.0
2002-10-23 00:00:00-04:00,1.6108700361684525,1.6866164069509044,1.6108700361684525,1.678200125694275,1184800,0.0,0.0
2002-10-24 00:00:00-04:00,1.6916669122580457,1.723648603539371,1.6916669122580457,1.7169156074523926,1300800,0.0,0.0
2002-10-25 00:00:00-04:00,1.708499177793761,1.7674130089703497,1.7034494712871973,1.7127074003219604,2435200,0.0,0.0
2002-10-28 00:00:00-05:00,1.7253317957754952,1.7253317957754952,1.5586900315881165,1.561214804649353,4722400,0.0,0.0
2002-10-29 00:00:00-05:00,1.562056204035116,1.562056204035116,1.4997759633712728,1.514925241470337,4871200,0.0,0.0
2002-10-30 00:00:00-05:00,1.5401739312839406,1.5612145596376954,1.511558663880654,1.514925241470337,4926400,0.0,0.0
2002-10-31 00:00:00-05:00,1.5275494537362173,1.5275494537362173,1.4980925444933264,1.5065088272094727,1644000,0.0,0.0
2002-11-01 00:00:00-05:00,1.5065089502574696,1.5065089502574696,1.4459119987008395,1.4837850332260132,2742400,0.0,0.0
2002-11-04 00:00:00-05:00,1.5048257337379642,1.544382219476188,1.5048257337379642,1.5216583013534546,1336800,0.0,0.0
2002-11-05 00:00:00-05:00,1.52249990927315,1.5780471563339233,1.507350630887983,1.5780471563339233,2224800,0.0,0.0
2002-11-06 00:00:00-05:00,1.579730406987322,1.5974044576580952,1.5570064899586813,1.565422773361206,910400,0.0,0.0
2002-11-07 00:00:00-05:00,1.5527987353842043,1.5788890746134598,1.5359661652527123,1.554481863975525,834400,0.0,0.0
2002-11-08 00:00:00-05:00,1.5544815208407181,1.5544815208407181,1.4332876205444336,1.4332876205444336,2266400,0.0,0.0
2002-11-11 00:00:00-05:00,1.4391789024694264,1.4711605845121947,1.4223463368507636,1.4644275903701782,1081600,0.0,0.0
2002-11-12 00:00:00-05:00,1.4686360065095656,1.6007711343729911,1.467794362064461,1.5485903024673462,2532000,0.0,0.0
2002-11-13 00:00:00-05:00,1.548590176249299,1.6125537041185263,1.516608492578311,1.5990877151489258,3766400,0.0,0.0
2002-11-14 00:00:00-05:00,1.6075039983867387,1.643693903940259,1.578047087318019,1.5990877151489258,1755200,0.0,0.0
2002-11-15 00:00:00-05:00,1.6075040612257572,1.7169152660125715,1.6075040612257572,1.6975579261779785,2507200,0.0,0.0
2002-11-18 00:00:00-05:00,1.7589962489887423,1.7632044703794696,1.6664174652467596,1.703449010848999,4120000,0.0,0.0
2002-11-19 00:00:00-05:00,1.6032957882870418,1.6075040102005005,1.4812602422872767,1.6075040102005005,9400000,0.0,0.0
2002-11-20 00:00:00-05:00,1.6075039299086191,1.6453769620745462,1.5612144543361604,1.6201282739639282,2154400,0.0,0.0
2002-11-21 00:00:00-05:00,1.6327530259070802,1.6580018808525105,1.5780474143162406,1.6361196041107178,2915200,0.0,0.0
2002-11-22 00:00:00-05:00,1.6361194101242733,1.6361194101242733,1.5401740295510535,1.557006597518921,3816800,0.0,0.0
2002-11-25 00:00:00-05:00,1.5738388044821028,1.5948794293520387,1.5570062403752627,1.5620559453964233,1702400,0.0,0.0
2002-11-26 00:00:00-05:00,1.562897948149495,1.5847802222968164,1.5199750443059716,1.557006597518921,1782400,0.0,0.0
2002-11-27 00:00:00-05:00,1.5654227463289485,1.5881466629651846,1.5553231743148708,1.5713140964508057,1418400,0.0,0.0
2002-11-29 00:00:00-05:00,1.6117120912842111,1.6117120912842111,1.565422773361206,1.565422773361206,461600,0.0,0.0
2002-12-02 00:00:00-05:00,1.599087942952715,1.6622098354376906,1.5780473121243899,1.5906716585159302,3728000,0.0,0.0
2002-12-03 00:00:00-05:00,1.5780469698248631,1.6268612163370226,1.536807361610042,1.6041373014450073,1670400,0.0,0.0
2002-12-04 00:00:00-05:00,1.5948796299776018,1.620128318786756,1.5822551250457764,1.5822551250457764,1547200,0.0,0.0
2002-12-05 00:00:00-05:00,1.5864633029740227,1.6605262391518147,1.582255081270757,1.6201282739639282,2463200,0.0,0.0
2002-12-06 00:00:00-05:00,1.6117121898366986,1.6243365354488084,1.578047214695318,1.6176035404205322,1127200,0.0,0.0
2002-12-09 00:00:00-05:00,1.5654226984696025,1.5755221096476615,1.5107170997612507,1.5275495052337646,1407200,0.0,0.0
2002-12-10 00:00:00-05:00,1.5443823521607514,1.565422983224175,1.5182920145897434,1.5250250101089478,2289600,0.0,0.0
2002-12-11 00:00:00-05:00,1.53175801633679,1.5452240074693409,1.4433872689362386,1.448436975479126,2988800,0.0,0.0
2002-12-12 00:00:00-05:00,1.4484369032010058,1.5233416557312012,1.4433871969101026,1.5233416557312012,1598400,0.0,0.0
2002-12-13 00:00:00-05:00,1.4896765247706438,1.4896765247706438,1.3297677040100098,1.3297677040100098,5163200,0.0,0.0
2002-12-16 00:00:00-05:00,1.3466004133224487,1.3710076228670118,1.3381841286337277,1.3466004133224487,3011200,0.0,0.0
2002-12-17 00:00:00-05:00,1.3634328985272082,1.3667993158785008,1.2245646913182933,1.2540215253829956,6561600,0.0,0.0
2002-12-18 00:00:00-05:00,1.1361939136389176,1.1530264000104729,1.067180679383729,1.121044635772705,15253600,0.0,0.0
2002-12-19 00:00:00-05:00,0.8357338078739405,0.8837064162125458,0.7591459313110339,0.7843946218490601,38963200,0.0,0.0
2002-12-20 00:00:00-05:00,0.799543678307636,0.8121680200702083,0.7684035657314978,0.797018826007843,23508800,0.0,0.0
2002-12-23 00:00:00-05:00,0.794494059715017,0.8071184843832182,0.7785032181183112,0.7911275625228882,10243200,0.0,0.0
2002-12-24 00:00:00-05:00,0.7658787642032056,0.7742949658483099,0.7507294888729596,0.7700868248939514,4208000,0.0,0.0
2002-12-26 00:00:00-05:00,0.7785032931955648,0.7911276388176076,0.7709286537168862,0.7742951512336731,2602400,0.0,0.0
2002-12-27 00:00:00-05:00,0.7742951090091613,0.7894443871403851,0.7641956170095546,0.7869195342063904,4116000,0.0,0.0
2002-12-30 00:00:00-05:00,0.7785032150734652,0.8197428255816548,0.7734534291732104,0.8189011812210083,2522400,0.0,0.0
2002-12-31 00:00:00-05:00,0.8189012523519031,0.8290008250296756,0.7785032826953365,0.8247926831245422,2881600,0.0,0.0
2003-01-02 00:00:00-05:00,0.8247927979353502,0.8374171451444233,0.8062770191335532,0.8180598020553589,2815200,0.0,0.0
2003-01-03 00:00:00-05:00,0.8205845730133354,0.8391003499551462,0.8130099333433386,0.8306840658187866,1894400,0.0,0.0
2003-01-06 00:00:00-05:00,0.8668738850727021,0.8668738850727021,0.8205844876645414,0.8315256237983704,2815200,0.0,0.0
2003-01-07 00:00:00-05:00,0.8584575923701262,0.8693987283836211,0.8416251062969129,0.850041389465332,3504000,0.0,0.0
2003-01-08 00:00:00-05:00,0.9047472068264105,0.9047472068264105,0.8391004552235238,0.8542496562004089,3288800,0.0,0.0
2003-01-09 00:00:00-05:00,0.8811815493913626,0.9156881674981977,0.8811815493913626,0.8921226859092712,10240800,0.0,0.0
2003-01-10 00:00:00-05:00,0.8921226352522624,0.8963306965279049,0.8592992275623336,0.8736068606376648,2906400,0.0,0.0
2003-01-13 00:00:00-05:00,0.8921226801344595,0.9013805277757035,0.8752901131305569,0.8879145383834839,1628800,0.0,0.0
2003-01-14 00:00:00-05:00,0.8853898151085821,0.8853898151085821,0.824792773705194,0.8332089781761169,5394400,0.0,0.0
2003-01-15 00:00:00-05:00,0.8323672997843976,0.8323672997843976,0.734738715251543,0.8029103875160217,9749600,0.0,0.0
2003-01-16 00:00:00-05:00,0.8113266440172238,0.8222677802013383,0.7953357218005849,0.8037520051002502,2660000,0.0,0.0
2003-01-17 00:00:00-05:00,0.7953357218005849,0.8121682081362895,0.7801865242302637,0.8037520051002502,2741600,0.0,0.0
2003-01-21 00:00:00-05:00,0.7953360453863303,0.8138518280206408,0.7700872654783902,0.812168538570404,3869600,0.0,0.0
2003-01-22 00:00:00-05:00,0.803752142132427,0.8332089781761169,0.7860780084007571,0.8332089781761169,2268800,0.0,0.0
2003-01-23 00:00:00-05:00,0.8315256119723332,0.8332088204424158,0.7869195039562119,0.8205844759941101,2531200,0.0,0.0
2003-01-24 00:00:00-05:00,0.7995438787739053,0.8071185178360489,0.7633539722608308,0.7919692397117615,5676000,0.0,0.0
2003-01-27 00:00:00-05:00,0.7843945993436137,0.7953357357192015,0.7574626207351685,0.7574626207351685,3596800,0.0,0.0
2003-01-28 00:00:00-05:00,0.7658788709894363,0.7785032153491074,0.749046304825043,0.7566209435462952,5787200,0.0,0.0
2003-01-29 00:00:00-05:00,0.7566209763377477,0.7650372597847006,0.7423133426361044,0.7574626207351685,3560800,0.0,0.0
2003-01-30 00:00:00-05:00,0.7658789536073041,0.772611948693922,0.7153814101940367,0.746521532535553,3940800,0.0,0.0
2003-01-31 00:00:00-05:00,0.7465215050926471,0.7515712913537915,0.715381383895874,0.715381383895874,2208000,0.0,0.0
2003-02-03 00:00:00-05:00,0.7237976505867815,0.7414717816904753,0.6901325969178452,0.6951823830604553,2149600,0.0,0.0
2003-02-04 00:00:00-05:00,0.6901326966059792,0.7280058172235462,0.6867661987791652,0.7145398259162903,2489600,0.0,0.0
2003-02-05 00:00:00-05:00,0.7153812105005437,0.7254807003112711,0.6892908016251236,0.6943405866622925,3685600,0.0,0.0
2003-02-06 00:00:00-05:00,0.6943408381193876,0.7069651848888299,0.6581509664588019,0.6733002066612244,3609600,0.0,0.0
2003-02-07 00:00:00-05:00,0.6766666997808369,0.6892910464625341,0.6648839574830705,0.6665672063827515,2403200,0.0,0.0
2003-02-10 00:00:00-05:00,0.6581509604967262,0.6733002005619143,0.6438433248136944,0.6497346758842468,3335200,0.0,0.0
2003-02-11 00:00:00-05:00,0.6581509089348897,0.6724585033651954,0.6312188885749066,0.6387935280799866,5256000,0.0,0.0
2003-02-12 00:00:00-05:00,0.6438433306461597,0.6859245534306666,0.6438433306461597,0.6733002066612244,2116000,0.0,0.0
2003-02-13 00:00:00-05:00,0.6766666997808369,0.6884494822104227,0.6497346772541229,0.6665672063827515,3216800,0.0,0.0
2003-02-14 00:00:00-05:00,0.6690920461869821,0.694340819305359,0.6632006952226944,0.6926575303077698,1928800,0.0,0.0
2003-02-18 00:00:00-05:00,0.7574627821578752,0.862665946346469,0.7515714306476802,0.8584578037261963,14183200,0.0,0.0
2003-02-19 00:00:00-05:00,0.8626659860465522,0.8862314734354657,0.8416253522405387,0.8752903342247009,4581600,0.0,0.0
2003-02-20 00:00:00-05:00,0.8752901998264643,0.8794983419942488,0.855932858223746,0.8576160669326782,2695200,0.0,0.0
2003-02-21 00:00:00-05:00,0.8651906266868696,0.8963307474238582,0.8626657737253919,0.8921226859092712,4217600,0.0,0.0
2003-02-24 00:00:00-05:00,0.8811816200132275,0.9047471034907979,0.8449917101892324,0.8710821270942688,2048800,0.0,0.0
2003-02-25 00:00:00-05:00,0.8416250077815567,0.8752899759873728,0.8247925236786486,0.8677154183387756,2479200,0.0,0.0
2003-02-26 00:00:00-05:00,0.8626657939005581,0.8845480674481362,0.8542495101472957,0.8550911545753479,901600,0.0,0.0
2003-02-27 00:00:00-05:00,0.8416252338872267,0.907271979656612,0.8374170916650632,0.8635075092315674,3037600,0.0,0.0
2003-02-28 00:00:00-05:00,0.8668739042274183,0.8904393855098078,0.8584576207804655,0.8837063908576965,2528800,0.0,0.0
2003-03-03 00:00:00-05:00,0.887914581019756,0.9165298499840973,0.887914581019756,0.9072719216346741,1984000,0.0,0.0
2003-03-04 00:00:00-05:00,0.9089553964725114,0.9089553964725114,0.8710822716744169,0.8752903342247009,1655200,0.0,0.0
2003-03-05 00:00:00-05:00,0.8719236100846881,0.887914532581173,0.8626657625039419,0.8837063908576965,3040800,0.0,0.0
2003-03-06 00:00:00-05:00,0.8837065027385905,0.9241044757658087,0.8702405117295179,0.9089552760124207,1593600,0.0,0.0
2003-03-07 00:00:00-05:00,0.9097968981030516,0.9308375286022897,0.8963308271620855,0.9190547466278076,2727200,0.0,0.0
2003-03-10 00:00:00-05:00,0.9190546648680443,0.9207378734211534,0.8921226859092712,0.8921226859092712,1478400,0.0,0.0
2003-03-11 00:00:00-05:00,0.9005389867349016,0.9173714754071766,0.8921227825305827,0.9022222757339478,871200,0.0,0.0
2003-03-12 00:00:00-05:00,0.9039052972196218,0.9400952005657721,0.8980139474706654,0.9257875680923462,2159200,0.0,0.0
2003-03-13 00:00:00-05:00,0.9426200694358317,0.9973257475553943,0.9350454309066906,0.9712353348731995,5355200,0.0,0.0
2003-03-14 00:00:00-05:00,1.0099505271611955,1.0385658049396143,1.0099505271611955,1.018366813659668,7757600,0.0,0.0
2003-03-17 00:00:00-05:00,1.009950080838618,1.0377237016405902,0.9998505896618664,1.0225744247436523,2560000,0.0,0.0
2003-03-18 00:00:00-05:00,1.034357661690378,1.0520317991262451,1.0175251689570894,1.018366813659668,1610400,0.0,0.0
2003-03-19 00:00:00-05:00,1.022574278522867,1.0427733382516708,1.009949936423023,1.0208910703659058,2491200,0.0,0.0
2003-03-20 00:00:00-05:00,0.9468282909219016,0.9981673960236495,0.9257876622347482,0.9931176900863647,5579200,0.0,0.0
2003-03-21 00:00:00-05:00,0.9973255038024408,1.0351986069280874,0.9973255038024408,1.0200493335723877,2633600,0.0,0.0
2003-03-24 00:00:00-05:00,1.0099501772035384,1.0124750301727312,0.9804932649296505,0.9905928373336792,1311200,0.0,0.0
2003-03-25 00:00:00-05:00,0.9889095211681245,1.0099501492780845,0.9754435320199303,1.00153386592865,2338400,0.0,0.0
2003-03-26 00:00:00-05:00,0.9973258160734229,1.0158415112349153,0.9897511770238907,1.0099501609802246,3872000,0.0,0.0
2003-03-27 00:00:00-05:00,1.0015338775332718,1.0225745058870266,0.98890953262647,1.0099501609802246,1572800,0.0,0.0
2003-03-28 00:00:00-05:00,1.0099502528939936,1.0377238784274876,0.9847014805189168,1.0133167505264282,1539200,0.0,0.0
2003-03-31 00:00:00-05:00,1.0099501609802246,1.0267826476105029,0.9830181823717794,1.0099501609802246,2738400,0.0,0.0
2003-04-01 00:00:00-05:00,1.0107918977737427,1.0250995327832415,0.997325907238599,1.0107918977737427,1600800,0.0,0.0
2003-04-02 00:00:00-05:00,1.024257752342997,1.0436150911017523,1.024257752342997,1.0250993967056274,2104800,0.0,0.0
2003-04-03 00:00:00-05:00,1.0259410577794952,1.038565483621376,1.0082669258117676,1.0082669258117676,1254400,0.0,0.0
2003-04-04 00:00:00-05:00,1.0217328682550564,1.0840131044387817,1.0082667996558856,1.0840131044387817,2118400,0.0,0.0
2003-04-07 00:00:00-04:00,1.08990478515625,1.1244114108079417,1.0840134335367844,1.08990478515625,5702400,0.0,0.0
2003-04-08 00:00:00-04:00,1.089904387784236,1.116836443076069,1.062130768470484,1.077280044555664,2711200,0.0,0.0
2003-04-09 00:00:00-04:00,1.068863923252284,1.0890629075664306,1.0478232945258075,1.0570812225341797,1153600,0.0,0.0
2003-04-10 00:00:00-04:00,1.043615369680705,1.0604479403720433,1.0099503888253192,1.0377240180969238,852000,0.0,0.0
2003-04-11 00:00:00-04:00,1.0688638173002918,1.0840130941660318,1.0444566936075,1.0452983379364014,1669600,0.0,0.0
2003-04-14 00:00:00-04:00,1.0621308211705351,1.0789633063983524,1.0444566916154217,1.0730719566345215,874400,0.0,0.0
2003-04-15 00:00:00-04:00,1.064655808496133,1.0730720923059458,1.0537147519124597,1.0562396049499512,707200,0.0,0.0
2003-04-16 00:00:00-04:00,1.0579225222570339,1.0856961388129267,1.0579225222570339,1.0629723072052002,2460800,0.0,0.0
2003-04-17 00:00:00-04:00,1.0562396213494243,1.0680223225497465,1.0419319868087769,1.0419319868087769,1225600,0.0,0.0
2003-04-21 00:00:00-04:00,1.0436152434254282,1.0638143097586472,1.0410903902326392,1.0604478120803833,614400,0.0,0.0
2003-04-22 00:00:00-04:00,1.0612894666451593,1.0949545265571934,1.0377239808912853,1.068864107131958,1528000,0.0,0.0
2003-04-23 00:00:00-04:00,1.0772801486398644,1.104212126270183,1.0705471542322849,1.0941126346588135,742400,0.0,0.0
2003-04-24 00:00:00-04:00,1.0856964822225035,1.0915879132361126,1.0141583879637257,1.0436152219772339,2826400,0.0,0.0
2003-04-25 00:00:00-04:00,1.0562396271801795,1.0579228358193893,1.01331672332129,1.0166832208633423,979200,0.0,0.0
2003-04-28 00:00:00-04:00,1.0250997246478994,1.052873355390844,1.0250997246478994,1.0335159301757812,1275200,0.0,0.0
2003-04-29 00:00:00-04:00,1.047823331898348,1.0772802452715018,1.047823331898348,1.0671807527542114,1404000,0.0,0.0
2003-04-30 00:00:00-04:00,1.0242578494747063,1.0318324889294448,0.9973258694255305,1.005742073059082,4572800,0.0,0.0
2003-05-01 00:00:00-04:00,1.005741965438715,1.008266818232243,0.9325205923174165,0.9594525694847107,6383200,0.0,0.0
2003-05-02 00:00:00-04:00,0.9931177399455539,1.0006923794953921,0.9468283384571446,0.9476699829101562,3861600,0.0,0.0
2003-05-05 00:00:00-04:00,0.951036642882049,1.0091087555759766,0.951036642882049,1.0074255466461182,5194400,0.0,0.0
2003-05-06 00:00:00-04:00,1.0091083714909002,1.0436149841874378,0.9880677461624146,0.9880677461624146,2504800,0.0,0.0
2003-05-07 00:00:00-04:00,1.0183666705520777,1.1185200484386753,1.0141585278941974,1.1176784038543701,7851200,0.0,0.0
2003-05-08 00:00:00-04:00,1.1092618580237392,1.1134699191252078,1.0814882373832209,1.098320722579956,3544800,0.0,0.0
2003-05-09 00:00:00-04:00,1.0966376274796288,1.1227280443371146,1.0949544187946876,1.118519902229309,2789600,0.0,0.0
2003-05-12 00:00:00-04:00,1.110945521770542,1.1681760751609587,1.0941130296744352,1.1538684368133545,2990400,0.0,0.0
2003-05-13 00:00:00-04:00,1.0941129913792378,1.1269364100155292,1.0873799947764577,1.0966378450393677,5832000,0.0,0.0
2003-05-14 00:00:00-04:00,1.1109450644523875,1.150501464792671,1.1109450644523875,1.1235694885253906,3248000,0.0,0.0
2003-05-15 00:00:00-04:00,1.131986146290539,1.1370359340036165,1.0907465209777412,1.0932713747024536,2109600,0.0,0.0
2003-05-16 00:00:00-04:00,1.0814882902105079,1.1025289178001003,1.0772801486398644,1.0941126346588135,3456800,0.0,0.0
2003-05-19 00:00:00-04:00,1.085696522237868,1.0899046644702206,1.0394071984728996,1.046140193939209,1703200,0.0,0.0
2003-05-20 00:00:00-04:00,1.0503481962838639,1.068863972896967,0.9897512405269251,1.0166832208633423,5705600,0.0,0.0
2003-05-21 00:00:00-04:00,1.0175249767145296,1.0503483112771652,1.0074254829826694,1.0394072532653809,3861600,0.0,0.0
2003-05-22 00:00:00-04:00,1.0520314454696877,1.0520314454696877,0.9552445845919284,0.9720770716667175,12603200,0.0,0.0
2003-05-23 00:00:00-04:00,0.9762851386832211,1.001533827228644,0.9720769971711095,0.9889094829559326,3620000,0.0,0.0
2003-05-27 00:00:00-04:00,0.9914344494965079,1.0250995051918803,0.9889095964050356,1.0141583681106567,6578400,0.0,0.0
2003-05-28 00:00:00-04:00,1.0604479221412284,1.0680224825057372,1.02930771505579,1.0495067834854126,5043200,0.0,0.0
2003-05-29 00:00:00-04:00,1.064655984478074,1.0730722696790538,1.0436153517392692,1.0495067834854126,3565600,0.0,0.0
2003-05-30 00:00:00-04:00,1.0604478008538125,1.1042122702079242,1.0545563697814941,1.0545563697814941,5804800,0.0,0.0
2003-06-02 00:00:00-04:00,1.0562397611304601,1.097479381316436,1.0562397611304601,1.063814401626587,6280000,0.0,0.0
2003-06-03 00:00:00-04:00,1.0772799645815132,1.0772799645815132,1.0486647031065395,1.0621306896209717,3224800,0.0,0.0
2003-06-04 00:00:00-04:00,1.068864016144225,1.0772803004717026,1.0520315277529058,1.0604478120803833,2476000,0.0,0.0
2003-06-05 00:00:00-04:00,1.0604476248460057,1.0856963128432169,1.0553978390883905,1.0814882516860962,2214400,0.0,0.0
2003-06-06 00:00:00-04:00,1.081488278346383,1.110945108490491,1.0755968481066627,1.0856963396072388,2603200,0.0,0.0
2003-06-09 00:00:00-04:00,1.0856963004894793,1.0932709389079025,1.061289176843239,1.0730719566345215,1652800,0.0,0.0
2003-06-10 00:00:00-04:00,1.0722303123072254,1.084013092098508,1.0663389625433946,1.0730719566345215,1913600,0.0,0.0
2003-06-11 00:00:00-04:00,1.0772800980073811,1.0814882393802405,1.068863815261662,1.0730719566345215,985600,0.0,0.0
2003-06-12 00:00:00-04:00,1.0814881458607082,1.096637341123937,1.0688637228338014,1.0697053670883179,2263200,0.0,0.0
2003-06-13 00:00:00-04:00,1.0646556738888024,1.089904441862339,1.061289176843239,1.0730719566345215,856800,0.0,0.0
2003-06-16 00:00:00-04:00,1.07391366271357,1.1151532739589711,1.07391366271357,1.1101034879684448,3298400,0.0,0.0
2003-06-17 00:00:00-04:00,1.119361217448742,1.196790720507751,1.1168363650321862,1.168175458908081,7159200,0.0,0.0
2003-06-18 00:00:00-04:00,1.1673341989517212,1.17911698121373,1.1488184211867463,1.1673341989517212,1871200,0.0,0.0
2003-06-19 00:00:00-04:00,1.16733408484509,1.1799585103768444,1.1286193243555762,1.1395604610443115,2144800,0.0,0.0
2003-06-20 00:00:00-04:00,1.1387189084074065,1.155551396876205,1.131144268530538,1.1429270505905151,643200,0.0,0.0
2003-06-23 00:00:00-04:00,1.144610061584902,1.144610061584902,1.1025288105010986,1.1025288105010986,2215200,0.0,0.0
2003-06-24 00:00:00-04:00,1.1025292121871793,1.133669339702888,1.1025292121871793,1.1260946989059448,2541600,0.0,0.0
2003-06-25 00:00:00-04:00,1.1345105856583673,1.1345105856583673,1.1109451055526733,1.1109451055526733,876000,0.0,0.0
2003-06-26 00:00:00-04:00,1.102528878543464,1.1042120869536143,1.072230324524541,1.0890628099441528,3217600,0.0,0.0
2003-06-27 00:00:00-04:00,1.0890629352282328,1.0957960104342614,1.0545563160825362,1.0562396049499512,4385600,0.0,0.0
2003-06-30 00:00:00-04:00,1.0562396890406114,1.0915879554342052,1.0545564000391843,1.087379813194275,7811200,0.0,0.0
2003-07-01 00:00:00-04:00,1.098320787763259,1.1117867767198286,1.073072018337878,1.1101034879684448,2725600,0.0,0.0
2003-07-02 00:00:00-04:00,1.1109449987341369,1.1648090283459773,1.1058952936145487,1.144610047340393,3976000,0.0,0.0
2003-07-03 00:00:00-04:00,1.1361940075767631,1.1361940075767631,1.115153377806823,1.1193615198135376,698400,0.0,0.0
2003-07-07 00:00:00-04:00,1.1277778178154385,1.161442876419022,1.1277778178154385,1.158918023109436,2100800,0.0,0.0
2003-07-08 00:00:00-04:00,1.1673342201707966,1.2413972523133303,1.1555514376946074,1.227931261062622,7599200,0.0,0.0
2003-07-09 00:00:00-04:00,1.2312977782778316,1.2498135566711426,1.211098791083478,1.2498135566711426,2591200,0.0,0.0
2003-07-10 00:00:00-04:00,1.2371889677486159,1.2422387540189042,1.2035239934921265,1.2035239934921265,2032800,0.0,0.0
2003-07-11 00:00:00-04:00,1.200999211748619,1.21194026883343,1.172383941800936,1.182483434677124,3182400,0.0,0.0
2003-07-14 00:00:00-04:00,1.2035239660937005,1.233822442234791,1.2035239660937005,1.2119401693344116,2216800,0.0,0.0
2003-07-15 00:00:00-04:00,1.2203566470121052,1.2228815003596902,1.1740672409002972,1.1883748769760132,1241600,0.0,0.0
2003-07-16 00:00:00-04:00,1.1883749048125027,1.1900581939260826,1.145451995579929,1.1462936401367188,1678400,0.0,0.0
2003-07-17 00:00:00-04:00,1.115153361249853,1.1361939907073975,1.0924294429091619,1.1361939907073975,6809600,0.0,0.0
2003-07-18 00:00:00-04:00,1.136194055653054,1.1715423215833511,1.1185199226879055,1.1404021978378296,1889600,0.0,0.0
2003-07-21 00:00:00-04:00,1.1404020158825083,1.1404020158825083,1.1109451055526733,1.1109451055526733,1136800,0.0,0.0
2003-07-22 00:00:00-04:00,1.1151535235762953,1.1547099351882935,1.1151535235762953,1.1547099351882935,780800,0.0,0.0
2003-07-23 00:00:00-04:00,1.1462935281893172,1.1462935281893172,1.1159950494766235,1.1159950494766235,1536800,0.0,0.0
2003-07-24 00:00:00-04:00,1.1244110261546538,1.1505014377479936,1.1244110261546538,1.1319856643676758,3165600,0.0,0.0
2003-07-25 00:00:00-04:00,1.1361939907073975,1.1530264782207067,1.1168366501329998,1.1361939907073975,4858400,0.0,0.0
2003-07-28 00:00:00-04:00,1.1319857246397187,1.190899464608162,1.1319857246397187,1.186691403388977,1265600,0.0,0.0
2003-07-29 00:00:00-04:00,1.1934247921245082,1.2287730638421348,1.1673343705182033,1.199316143989563,1875200,0.0,0.0
2003-07-30 00:00:00-04:00,1.1908997297286987,1.200999303641275,1.1740672403138062,1.1908997297286987,1607200,0.0,0.0
2003-07-31 00:00:00-04:00,1.1908993587456196,1.1908993587456196,1.136193765122925,1.144610047340393,1833600,0.0,0.0
2003-08-01 00:00:00-04:00,1.1454518384635832,1.147135127346274,1.1202031473322733,1.138718843460083,1719200,0.0,0.0
2003-08-04 00:00:00-04:00,1.1361941554329613,1.157234787940979,1.1050540289527322,1.157234787940979,1385600,0.0,0.0
2003-08-05 00:00:00-04:00,1.153026588685838,1.153026588685838,1.1210448192147373,1.1277778148651123,1742400,0.0,0.0
2003-08-06 00:00:00-04:00,1.1151531537207928,1.1151531537207928,1.078121688083037,1.1025288105010986,3007200,0.0,0.0
2003-08-07 00:00:00-04:00,1.1025289028890424,1.1202030330358128,1.08653798118959,1.1058954000473022,1733600,0.0,0.0
2003-08-08 00:00:00-04:00,1.1092621070770168,1.1176783114331936,1.070547342300415,1.070547342300415,3044800,0.0,0.0
2003-08-11 00:00:00-04:00,1.071388508846675,1.0899042799789385,1.0537144621803072,1.0654971599578857,1729600,0.0,0.0
2003-08-12 00:00:00-04:00,1.0654973182160985,1.0873795891440716,1.0654973182160985,1.0730719566345215,1381600,0.0,0.0
2003-08-13 00:00:00-04:00,1.0814882516860962,1.0848547487699658,1.0772801102653538,1.0814882516860962,1910400,0.0,0.0
2003-08-14 00:00:00-04:00,1.0899043870177874,1.1134698651509047,1.0747551912068776,1.1025288105010986,3041600,0.0,0.0
2003-08-15 00:00:00-04:00,1.103370466881366,1.1109451055526733,1.0983207612762433,1.1109451055526733,880000,0.0,0.0
2003-08-18 00:00:00-04:00,1.1109451206777627,1.129460895430419,1.0814882902105079,1.0941126346588135,5063200,0.0,0.0
2003-08-19 00:00:00-04:00,1.136193765014377,1.2127816281842787,1.136193765014377,1.2052069902420044,9913600,0.0,0.0
2003-08-20 00:00:00-04:00,1.1908994337562406,1.2599127436009858,1.1782750898984908,1.2430802583694458,5542400,0.0,0.0
2003-08-21 00:00:00-04:00,1.2371891221031524,1.3322927865726222,1.2296144818845054,1.316301941871643,7432800,0.0,0.0
2003-08-22 00:00:00-04:00,1.3508080890656518,1.379423352506835,1.3466000281884558,1.3701655864715576,4632000,0.0,0.0
2003-08-25 00:00:00-04:00,1.3802648916838403,1.4021471597388881,1.3802648916838403,1.388681173324585,3606400,0.0,0.0
2003-08-26 00:00:00-04:00,1.3634329168983594,1.3802653249361632,1.3289262155508654,1.3423922061920166,4282400,0.0,0.0
2003-08-27 00:00:00-04:00,1.3339756857009208,1.390364568330778,1.3339756857009208,1.3802649974822998,1772800,0.0,0.0
2003-08-28 00:00:00-04:00,1.388681173324585,1.4071968645124466,1.3726902542598922,1.388681173324585,2484000,0.0,0.0
2003-08-29 00:00:00-04:00,1.3937312091576692,1.4299211164401755,1.3937312091576692,1.3996225595474243,1029600,0.0,0.0
2003-09-02 00:00:00-04:00,1.4097219810473485,1.4627442894040088,1.4097219810473485,1.4560112953186035,2410400,0.0,0.0
2003-09-03 00:00:00-04:00,1.4644278336240752,1.503142676766967,1.4644278336240752,1.495568037033081,3322400,0.0,0.0
2003-09-04 00:00:00-04:00,1.4812602040129403,1.535965803256347,1.4728439209307438,1.5132418870925903,3259200,0.0,0.0
2003-09-05 00:00:00-04:00,1.5048256692285427,1.52334152491729,1.4964095463088447,1.514925241470337,3857600,0.0,0.0
2003-09-08 00:00:00-04:00,1.5149255909519828,1.5233418763405078,1.4518036913289836,1.5014595985412598,3529600,0.0,0.0
2003-09-09 00:00:00-04:00,1.501458935127746,1.521657914818994,1.4829432438759074,1.4896762371063232,2056800,0.0,0.0
2003-09-10 00:00:00-04:00,1.4770518004741169,1.4795767332462866,1.4400204163123307,1.4509614706039429,4885600,0.0,0.0
2003-09-11 00:00:00-04:00,1.4518035450106779,1.4703192425775164,1.4139303448429672,1.429921269416809,2279200,0.0,0.0
2003-09-12 00:00:00-04:00,1.4299211937475238,1.4299211937475238,1.3213515462939183,1.4147719144821167,8944000,0.0,0.0
2003-09-15 00:00:00-04:00,1.414771750570966,1.4635860000333256,1.414771750570966,1.447595238685608,4904000,0.0,0.0
2003-09-16 00:00:00-04:00,1.455169935712892,1.455169935712892,1.4139301628269696,1.4181383848190308,2780000,0.0,0.0
2003-09-17 00:00:00-04:00,1.4307631153131928,1.4728443834106397,1.4223468295882438,1.4534870386123657,1543200,0.0,0.0
2003-09-18 00:00:00-04:00,1.4433870315551758,1.4669525924251594,1.4366540370962162,1.4433870315551758,1971200,0.0,0.0
2003-09-19 00:00:00-04:00,1.4408622589625975,1.4602195979661998,1.440020614589321,1.4433870315551758,2948000,0.0,0.0
2003-09-22 00:00:00-04:00,1.434970939942178,1.434970939942178,1.4055141855807942,1.4122471809387207,1579200,0.0,0.0
2003-09-23 00:00:00-04:00,1.4122469923802068,1.447595253421557,1.401305776054866,1.4433870315551758,2878400,0.0,0.0
2003-09-24 00:00:00-04:00,1.436654308448316,1.44759552684021,1.3760573468722594,1.3785821199417114,1897600,0.0,0.0
2003-09-25 00:00:00-04:00,1.3785821025068543,1.4156136588208597,1.3466004133224487,1.3466004133224487,2580000,0.0,0.0
2003-09-26 00:00:00-04:00,1.3550165079296606,1.3802651979266627,1.3381839409134884,1.3676408529281616,2954400,0.0,0.0
2003-09-29 00:00:00-04:00,1.3676412358086818,1.3735325877554896,1.3171436811502857,1.3718492984771729,1711200,0.0,0.0
2003-09-30 00:00:00-04:00,1.3802653808613246,1.3844736034367362,1.3255597715991942,1.338184118270874,1328800,0.0,0.0
2003-10-01 00:00:00-04:00,1.3381839409134884,1.4013058264332496,1.3381839409134884,1.3676408529281616,2031200,0.0,0.0
2003-10-02 00:00:00-04:00,1.3634329035087318,1.397097879781002,1.3634329035087318,1.3954145908355713,1287200,0.0,0.0
2003-10-03 00:00:00-04:00,1.4038307666778564,1.4299211012091204,1.3886814883928462,1.4038307666778564,1417600,0.0,0.0
2003-10-06 00:00:00-04:00,1.4122468879422345,1.451803207397461,1.386998040192892,1.451803207397461,862400,0.0,0.0
2003-10-07 00:00:00-04:00,1.4307625812032947,1.4593778456695397,1.418979881903278,1.451803207397461,1112000,0.0,0.0
2003-10-08 00:00:00-04:00,1.4518033420254681,1.4711606813926001,1.4358124196874116,1.4374957084655762,1096000,0.0,0.0
2003-10-09 00:00:00-04:00,1.4475951973111347,1.4863098738177152,1.4475951973111347,1.472843885421753,1604800,0.0,0.0
2003-10-10 00:00:00-04:00,1.4770517603235482,1.4804183372615944,1.4391787329338712,1.4661107063293457,1479200,0.0,0.0
2003-10-13 00:00:00-04:00,1.4644278207519676,1.5696309711009204,1.456011536618598,1.5511152744293213,4789600,0.0,0.0
2003-10-14 00:00:00-04:00,1.54438242567414,1.5864636898040771,1.533441207105078,1.5864636898040771,2483200,0.0,0.0
2003-10-15 00:00:00-04:00,1.5990880086141186,1.6032960707416646,1.5847803726422696,1.5923550128936768,3519200,0.0,0.0
2003-10-16 00:00:00-04:00,1.5906714623847873,1.5906714623847873,1.5570064893158415,1.5755221843719482,2020000,0.0,0.0
2003-10-17 00:00:00-04:00,1.5570066693710953,1.5780473000382722,1.531757976781392,1.5359660387039185,1344000,0.0,0.0
2003-10-20 00:00:00-04:00,1.5317580754453555,1.5527987074678067,1.5048259316137005,1.5191335678100586,2658400,0.0,0.0
2003-10-21 00:00:00-04:00,1.5191330371093525,1.5283909633337562,1.5090336271620273,1.5157666206359863,3004000,0.0,0.0
2003-10-22 00:00:00-04:00,1.5140837667619798,1.514925411253727,1.4644278654398146,1.4770522117614746,3074400,0.0,0.0
2003-10-23 00:00:00-04:00,1.4475955490985113,1.482102172814696,1.4273964010686289,1.4316046237945557,3544000,0.0,0.0
2003-10-24 00:00:00-04:00,1.418138188004317,1.418138188004317,1.3205096184557166,1.3524913787841797,5844000,0.0,0.0
2003-10-27 00:00:00-05:00,1.3600662206383283,1.4105637614126103,1.3600662206383283,1.4038307666778564,1797600,0.0,0.0
2003-10-28 00:00:00-05:00,1.420662906148827,1.4947259948335947,1.4181381339275185,1.460219383239746,2028000,0.0,0.0
2003-10-29 00:00:00-05:00,1.451803396729862,1.451803396729862,1.4147718448511488,1.430762767791748,999200,0.0,0.0
2003-10-30 00:00:00-05:00,1.451803396729862,1.472844025667976,1.430762767791748,1.430762767791748,1977600,0.0,0.0
2003-10-31 00:00:00-05:00,1.4316045760462452,1.4518035628751478,1.4055142381248225,1.4156136512756348,2096800,0.0,0.0
2003-11-03 00:00:00-05:00,1.3516499393887862,1.4475953151814132,1.296102692600703,1.314618468284607,8729600,0.0,0.0
2003-11-04 00:00:00-05:00,1.3432337857443155,1.355858211557887,1.334817501868601,1.335659146308899,5112800,0.0,0.0
2003-11-05 00:00:00-05:00,1.3466001797704557,1.4181383464262112,1.3440753269072012,1.4055140018463135,4628800,0.0,0.0
2003-11-06 00:00:00-05:00,1.405514419436214,1.4812606699476862,1.3802655622475242,1.422346830368042,6298400,0.0,0.0
2003-11-07 00:00:00-05:00,1.4265550440912282,1.4467540333926294,1.413930535316467,1.4139305353164673,1880000,0.0,0.0
2003-11-10 00:00:00-05:00,1.4147720245228117,1.4147720245228117,1.388681686273791,1.4013060331344604,2553600,0.0,0.0
2003-11-11 00:00:00-05:00,1.3903651372284598,1.422346830368042,1.3903651372284598,1.422346830368042,3220000,0.0,0.0
2003-11-12 00:00:00-05:00,1.4206635403377943,1.4560118119607415,1.4206635403377943,1.4534870386123657,2810400,0.0,0.0
2003-11-13 00:00:00-05:00,1.4450703243372602,1.4450703243372602,1.4029890687194335,1.4055140018463135,2245600,0.0,0.0
2003-11-14 00:00:00-05:00,1.4055143504821228,1.4088807682924136,1.3466005137927728,1.3609081506729126,1969600,0.0,0.0
2003-11-17 00:00:00-05:00,1.360908049135091,1.367641044780612,1.3272430709074854,1.3466004133224487,2148800,0.0,0.0
2003-11-18 00:00:00-05:00,1.346600003046722,1.3827899038129594,1.265803999653374,1.275061845779419,5380000,0.0,0.0
2003-11-19 00:00:00-05:00,1.296102735369562,1.3247180041170357,1.2750621060274352,1.2969443798065186,2281600,0.0,0.0
2003-11-20 00:00:00-05:00,1.3171439651376968,1.4013065208720843,1.3171439651376968,1.3651165962219238,6318400,0.0,0.0
2003-11-21 00:00:00-05:00,1.3819487837009248,1.395414775996669,1.3550167991094357,1.3609081506729126,1628800,0.0,0.0
2003-11-24 00:00:00-05:00,1.3760570287833962,1.4013057168051217,1.3634326847725335,1.386156439781189,1812000,0.0,0.0
2003-11-25 00:00:00-05:00,1.3937309857715683,1.3987808514624773,1.3550163119713292,1.3575410842895508,2044800,0.0,0.0
2003-11-26 00:00:00-05:00,1.361749464220404,1.392889503636536,1.3558581140890953,1.3600661754608154,1508000,0.0,0.0
2003-11-28 00:00:00-05:00,1.3634327798585189,1.3710074188987416,1.3558581408182961,1.359224557876587,765600,0.0,0.0
2003-12-01 00:00:00-05:00,1.3760572351199947,1.3760572351199947,1.3289261885692472,1.3457586765289307,3568000,0.0,0.0
2003-12-02 00:00:00-05:00,1.338184231561664,1.338184231561664,1.2716958342503843,1.2834786176681519,4720800,0.0,0.0
2003-12-03 00:00:00-05:00,1.296102430350174,1.3087268531426495,1.2843197320601984,1.2876862287521362,3321600,0.0,0.0
2003-12-04 00:00:00-05:00,1.287686364403519,1.287686364403519,1.1892162254614862,1.2506548166275024,4660800,0.0,0.0
2003-12-05 00:00:00-05:00,1.2422386017217464,1.2498132400667212,1.2262476807126619,1.2371888160705566,2948000,0.0,0.0
2003-12-08 00:00:00-05:00,1.2287727322519153,1.2413970772027634,1.220356448775598,1.2346640825271606,1979200,0.0,0.0
2003-12-09 00:00:00-05:00,1.2371889677486159,1.2506549574512116,1.2026823490698069,1.2035239934921265,1828000,0.0,0.0
2003-12-10 00:00:00-05:00,1.2043655306835177,1.2254061577863746,1.2018405976413666,1.2169898748397827,2492000,0.0,0.0
2003-12-11 00:00:00-05:00,1.220356214649771,1.2918943696829612,1.220356214649771,1.2876862287521362,3736800,0.0,0.0
2003-12-12 00:00:00-05:00,1.2792701724100708,1.2961026588371192,1.2624376859830226,1.2742204666137695,1320800,0.0,0.0
2003-12-15 00:00:00-05:00,1.2952610905409168,1.2986275878154816,1.2119401425340923,1.2127817869186401,2688800,0.0,0.0
2003-12-16 00:00:00-05:00,1.2203562913621935,1.2573877573013306,1.212781653263284,1.2573877573013306,2509600,0.0,0.0
2003-12-17 00:00:00-05:00,1.2498132400667212,1.2506548041222363,1.2245644723380118,1.2371888160705566,2261600,0.0,0.0
2003-12-18 00:00:00-05:00,1.2456050188709409,1.2910527657632231,1.2413968778086968,1.275061845779419,2147200,0.0,0.0
2003-12-19 00:00:00-05:00,1.279270339455857,1.3120937524723684,1.2767454862280139,1.295261263847351,2088000,0.0,0.0
2003-12-22 00:00:00-05:00,1.2792700401018269,1.287686322576712,1.263279199715887,1.2658040523529053,1568800,0.0,0.0
2003-12-23 00:00:00-05:00,1.2700124203090937,1.3238763809204102,1.2700124203090937,1.3238763809204102,1188000,0.0,0.0
2003-12-24 00:00:00-05:00,1.3154599979674149,1.3154599979674149,1.2582294673522607,1.2615959644317627,893600,0.0,0.0
2003-12-26 00:00:00-05:00,1.2750618451131053,1.2792699861731502,1.2624375021965855,1.2674872875213623,596000,0.0,0.0
2003-12-29 00:00:00-05:00,1.2759036595471518,1.2961026430130005,1.25486303170432,1.2961026430130005,1125600,0.0,0.0
2003-12-30 00:00:00-05:00,1.2927359215263163,1.3129349817519926,1.2910527133279501,1.3070435523986816,1088800,0.0,0.0
2003-12-31 00:00:00-05:00,1.315460156101407,1.3163018005383635,1.2885281762278467,1.2969443798065186,1160800,0.0,0.0
2004-01-02 00:00:00-05:00,1.3297678644330093,1.3297678644330093,1.2666459728959705,1.2733789682388306,1301600,0.0,0.0
2004-01-05 00:00:00-05:00,1.282636534017496,1.3516497611999512,1.2759035401588965,1.3516497611999512,3140800,0.0,0.0
2004-01-06 00:00:00-05:00,1.428237794863056,1.5511151479231557,1.428237794863056,1.514925241470337,10285600,0.0,0.0
2004-01-07 00:00:00-05:00,1.4980929925922783,1.517450496787666,1.4307630317783313,1.4349710941314697,3737600,0.0,0.0
2004-01-08 00:00:00-05:00,1.510717249776723,1.5906715448969966,1.4821019810519582,1.5628979206085205,5824800,0.0,0.0
2004-01-09 00:00:00-05:00,1.527549547219081,1.5612145196166507,1.5098754969080759,1.5124002695083618,3762400,0.0,0.0
2004-01-12 00:00:00-05:00,1.513241582679533,1.5233411524519265,1.4922009594703274,1.5115582942962646,3532000,0.0,0.0
2004-01-13 00:00:00-05:00,1.5115584662955468,1.5115584662955468,1.466952442753758,1.499775767326355,1687200,0.0,0.0
2004-01-14 00:00:00-05:00,1.503142627415572,1.503142627415572,1.4736857139206234,1.4795770645141602,1610400,0.0,0.0
2004-01-15 00:00:00-05:00,1.4879931501308576,1.4879931501308576,1.4433869636104708,1.4644275903701782,2018400,0.0,0.0
2004-01-16 00:00:00-05:00,1.4896764511803278,1.4896764511803278,1.4619028300477501,1.472843885421753,2268000,0.0,0.0
2004-01-20 00:00:00-05:00,1.466110879037493,1.5056671995559352,1.4576945962281616,1.4644275903701782,2199200,0.0,0.0
2004-01-21 00:00:00-05:00,1.4711604651970553,1.4795767473238033,1.4459117793440412,1.4694771766662598,2417600,0.0,0.0
2004-01-22 00:00:00-05:00,1.4745274737598104,1.4812604693260858,1.4316045668270758,1.448436975479126,2157600,0.0,0.0
2004-01-23 00:00:00-05:00,1.4526451895174355,1.4526451895174355,1.4139303448429672,1.429921269416809,1616800,0.0,0.0
2004-01-26 00:00:00-05:00,1.4349708935813807,1.450120172779093,1.4004642734209323,1.4425455331802368,2102400,0.0,0.0
2004-01-27 00:00:00-05:00,1.451803664598601,1.4644280121853048,1.4282380980500748,1.4349710941314697,1401600,0.0,0.0
2004-01-28 00:00:00-05:00,1.4324463505496698,1.433287995143158,1.37269086863033,1.3928898572921753,1510400,0.0,0.0
2004-01-29 00:00:00-05:00,1.388681173324585,1.425712716227529,1.3407085766577271,1.388681173324585,2201600,0.0,0.0
2004-01-30 00:00:00-05:00,1.3802652582521764,1.4122471048752423,1.3718489743762503,1.3970978260040283,1152000,0.0,0.0
2004-02-02 00:00:00-05:00,1.4316041468181084,1.434970563349957,1.3743736210316182,1.3760569095611572,2384000,0.0,0.0
2004-02-03 00:00:00-05:00,1.3802653299535548,1.401305960472747,1.3676409837474937,1.3710075616836548,1553600,0.0,0.0
2004-02-04 00:00:00-05:00,1.36764118193091,1.381948819178356,1.352491900077462,1.3735325336456299,2297600,0.0,0.0
2004-02-05 00:00:00-05:00,1.3760568311270782,1.4139298577195982,1.3760568311270782,1.388681173324585,1414400,0.0,0.0
2004-02-06 00:00:00-05:00,1.4055137661895283,1.4661107063293455,1.4029888334859935,1.4661107063293457,2170400,0.0,0.0
2004-02-09 00:00:00-05:00,1.4602200262602303,1.4602200262602303,1.4097224727430784,1.4139305353164673,2311200,0.0,0.0
2004-02-10 00:00:00-05:00,1.422346389326095,1.450120011252485,1.4164550393003834,1.447595238685608,1301600,0.0,0.0
2004-02-11 00:00:00-05:00,1.4518032584871563,1.49135957933439,1.443386975607869,1.472843885421753,1499200,0.0,0.0
2004-02-12 00:00:00-05:00,1.473685529762406,1.4812601683010402,1.467794179905078,1.472843885421753,1062400,0.0,0.0
2004-02-13 00:00:00-05:00,1.4812603876316797,1.4812603876316797,1.440862416462054,1.4459121227264404,1412800,0.0,0.0
2004-02-17 00:00:00-05:00,1.4492785817122171,1.5410157442092896,1.4492785817122171,1.5410157442092896,2278400,0.0,0.0
2004-02-18 00:00:00-05:00,1.5494321292911186,1.5654230545758208,1.4854685886795933,1.5191335678100586,2777600,0.0,0.0
2004-02-19 00:00:00-05:00,1.5527983145749142,1.554481442710106,1.5157667666375754,1.5199748277664185,2091200,0.0,0.0
2004-02-20 00:00:00-05:00,1.514925241470337,1.5199749473276067,1.4879932628618917,1.514925241470337,1675200,0.0,0.0
2004-02-23 00:00:00-05:00,1.5149251909142518,1.5149251909142518,1.4896765019432476,1.498934268951416,2349600,0.0,0.0
2004-02-24 00:00:00-05:00,1.5317579949883824,1.5864636032678372,1.5065091415712901,1.5679477453231812,5475200,0.0,0.0
2004-02-25 00:00:00-05:00,1.5679474533865434,1.5965627189483311,1.5536398206056496,1.569630742073059,1902400,0.0,0.0
2004-02-26 00:00:00-05:00,1.5149256226905135,1.56121495250625,1.502301274606885,1.555323600769043,2088000,0.0,0.0
2004-02-27 00:00:00-05:00,1.563739392197499,1.5763637362918772,1.549431759416605,1.569630742073059,1702400,0.0,0.0
2004-03-01 00:00:00-05:00,1.5696305831917785,1.576363576729069,1.5485899583218425,1.5620559453964233,974400,0.0,0.0
2004-03-02 00:00:00-05:00,1.563739409764177,1.577205398353087,1.5166084497029928,1.5275495052337646,2381600,0.0,0.0
2004-03-03 00:00:00-05:00,1.5359656934192198,1.5595312522587446,1.5039840126265844,1.5393322706222534,1089600,0.0,0.0
2004-03-04 00:00:00-05:00,1.5401736617813782,1.5401736617813782,1.5073503386617308,1.5157666206359863,1819200,0.0,0.0
2004-03-05 00:00:00-05:00,1.5023010255706246,1.5325994238433123,1.4879933906403418,1.5233416557312012,823200,0.0,0.0
2004-03-08 00:00:00-05:00,1.5191331585113923,1.5267077968408294,1.492201182463278,1.498092532157898,893600,0.0,0.0
2004-03-09 00:00:00-05:00,1.514925124461763,1.514925124461763,1.4829434424662236,1.4922012090682983,1060800,0.0,0.0
2004-03-10 00:00:00-05:00,1.4930429817839275,1.523341538247181,1.4307627405751053,1.4366540908813477,2227200,0.0,0.0
2004-03-11 00:00:00-05:00,1.4433871686467163,1.4568531588436224,1.4189801216125488,1.4189801216125488,1601600,0.0,0.0
2004-03-12 00:00:00-05:00,1.4307626038186398,1.5065088272094727,1.4299209594943012,1.5065088272094727,1474400,0.0,0.0
2004-03-15 00:00:00-05:00,1.4980927607405996,1.4980927607405996,1.4543283732483552,1.4795770645141602,1458400,0.0,0.0
2004-03-16 00:00:00-05:00,1.4795772482799343,1.4871518887059108,1.4122472895237932,1.4450706243515015,1356800,0.0,0.0
2004-03-17 00:00:00-05:00,1.445070551535537,1.4652695381445684,1.389523298228882,1.419821858406067,3562400,0.0,0.0
2004-03-18 00:00:00-05:00,1.4223466091652384,1.4223466091652384,1.3970979164305142,1.4080389738082886,1796800,0.0,0.0
2004-03-19 00:00:00-05:00,1.416455106748264,1.4433870855923756,1.409722112037236,1.4366540908813477,2048800,0.0,0.0
2004-03-22 00:00:00-05:00,1.4400204427997396,1.4400204427997396,1.3878396215723614,1.389522910118103,1509600,0.0,0.0
2004-03-23 00:00:00-05:00,1.4139302004303531,1.430762767791748,1.3970977935962177,1.430762767791748,1937600,0.0,0.0
2004-03-24 00:00:00-05:00,1.4349709759300786,1.4518035450106779,1.418138567376755,1.429921269416809,2676000,0.0,0.0
2004-03-25 00:00:00-05:00,1.4475951463695231,1.4686357725636892,1.439178863786409,1.451803207397461,1376000,0.0,0.0
2004-03-26 00:00:00-05:00,1.4518033112958908,1.4762105164809016,1.450961666924623,1.471160650253296,2542400,0.0,0.0
2004-03-29 00:00:00-05:00,1.51492545085968,1.5477487842595776,1.5065091662494485,1.5258665084838867,2706400,0.0,0.0
2004-03-30 00:00:00-05:00,1.5233411524519265,1.5250244408351947,1.4922009594703274,1.5115582942962646,1578400,0.0,0.0
2004-03-31 00:00:00-05:00,1.52249982668517,1.5309161098345279,1.5048256160187932,1.516608476638794,1370400,0.0,0.0
2004-04-01 00:00:00-05:00,1.5149251490667928,1.5359657761371648,1.4997758718917655,1.5090337991714478,1200000,0.0,0.0
2004-04-02 00:00:00-05:00,1.528391382771831,1.5561650085397611,1.523341676412372,1.5452239513397217,1431200,0.0,0.0
2004-04-05 00:00:00-04:00,1.5452237660161254,1.558689755044511,1.537649127121752,1.5536398887634277,1612800,0.0,0.0
2004-04-06 00:00:00-04:00,1.540174018543563,1.5527985246928697,1.5351243124001988,1.5485903024673462,1045600,0.0,0.0
2004-04-07 00:00:00-04:00,1.5401740728439626,1.5485903570644703,1.5267080823020578,1.541857361793518,870400,0.0,0.0
2004-04-08 00:00:00-04:00,1.5696311190161978,1.5763641148519287,1.547748842418252,1.5502737760543823,1216000,0.0,0.0
2004-04-12 00:00:00-04:00,1.5485905251856074,1.5679478686251966,1.542699173749844,1.5527987480163574,578400,0.0,0.0
2004-04-13 00:00:00-04:00,1.5527985320495028,1.5654228777313555,1.501459344345735,1.5107172727584839,1197600,0.0,0.0
2004-04-14 00:00:00-04:00,1.4938845750419756,1.5393324081808402,1.4694773697206038,1.5073505640029907,1248000,0.0,0.0
2004-04-15 00:00:00-04:00,1.5191331284585257,1.544381975899567,1.516608356083487,1.5393322706222534,863200,0.0,0.0
2004-04-16 00:00:00-04:00,1.5275492409821905,1.5519564414069036,1.5157665431370013,1.5334405899047852,993600,0.0,0.0
2004-04-19 00:00:00-04:00,1.5334408138037696,1.5418570965765812,1.5124001871353616,1.5376490354537964,567200,0.0,0.0
2004-04-20 00:00:00-04:00,1.5485901202290493,1.5485901202290493,1.5140835046768188,1.5140835046768188,713600,0.0,0.0
2004-04-21 00:00:00-04:00,1.519133193337391,1.5671059573660109,1.5140834878444154,1.5561647415161133,1426400,0.0,0.0
2004-04-22 00:00:00-04:00,1.5561646081144884,1.573838816615653,1.5452235537297518,1.5603728294372559,1044000,0.0,0.0
2004-04-23 00:00:00-04:00,1.5612144767060392,1.5645810541168899,1.519974866586597,1.5275495052337646,1183200,0.0,0.0
2004-04-26 00:00:00-04:00,1.5401739426234136,1.5401739426234136,1.5199749585183653,1.5283912420272827,544800,0.0,0.0
2004-04-27 00:00:00-04:00,1.5342827881108074,1.5570067083264425,1.5317580151050323,1.5384910106658936,961600,0.0,0.0
2004-04-28 00:00:00-04:00,1.5300744261974668,1.5325991987084013,1.5124002159846992,1.5140835046768188,1119200,0.0,0.0
2004-04-29 00:00:00-04:00,1.523341838947026,1.5241834835179477,1.482102218135584,1.4938849210739136,880000,0.0,0.0
2004-04-30 00:00:00-04:00,1.5023010221206303,1.5023010221206303,1.4627445347721346,1.4821020364761353,2173600,0.0,0.0
2004-05-03 00:00:00-04:00,1.4787354686183856,1.530916302282126,1.4770521796714622,1.495568037033081,1444000,0.0,0.0
2004-05-04 00:00:00-04:00,1.4955677439725314,1.5527982727352956,1.4955677439725314,1.5300743579864502,1389600,0.0,0.0
2004-05-05 00:00:00-04:00,1.5250248790874572,1.5401739973086845,1.5157669508462115,1.5216583013534546,812800,0.0,0.0
2004-05-06 00:00:00-04:00,1.5132422165281374,1.5250250796192624,1.4938848735940302,1.5191335678100586,1055200,0.0,0.0
2004-05-07 00:00:00-04:00,1.510717333689137,1.5191334574649702,1.480418774408869,1.4812604188919067,1816000,0.0,0.0
2004-05-10 00:00:00-04:00,1.4728439275178717,1.5039841269030962,1.442545372497356,1.447595238685608,1288800,0.0,0.0
2004-05-11 00:00:00-04:00,1.4686358242457311,1.4896764511803278,1.4602195413664438,1.472843885421753,2290400,0.0,0.0
2004-05-12 00:00:00-04:00,1.4711608248247967,1.4837851708373466,1.4147719294766237,1.4593781232833862,1540800,0.0,0.0
2004-05-13 00:00:00-04:00,1.4593778456695397,1.4913595268526874,1.4307625812032947,1.451803207397461,1621600,0.0,0.0
2004-05-14 00:00:00-04:00,1.4518033691129746,1.461061297038359,1.4307627405751053,1.4366540908813477,1024000,0.0,0.0
2004-05-17 00:00:00-04:00,1.4299209397165065,1.4307625840292042,1.3853147543069666,1.3912062644958496,1733600,0.0,0.0
2004-05-18 00:00:00-04:00,1.363432812188024,1.363432812188024,1.2834783584352525,1.3255596160888672,5284800,0.0,0.0
2004-05-19 00:00:00-04:00,1.3592247872624754,1.3844736418333572,1.2918948294613544,1.3045191764831543,3824800,0.0,0.0
2004-05-20 00:00:00-04:00,1.3171435418372743,1.344917169882707,1.275062277494056,1.29021155834198,3968000,0.0,0.0
2004-05-21 00:00:00-04:00,1.3019940733882587,1.3078854234998916,1.2918945816553344,1.2961026430130005,2605600,0.0,0.0
2004-05-24 00:00:00-04:00,1.3045191125252014,1.3449170852252426,1.2876866239001843,1.295261263847351,1155200,0.0,0.0
2004-05-25 00:00:00-04:00,1.2952610788996426,1.3028356375016166,1.2860031512800763,1.2961026430130005,3429600,0.0,0.0
2004-05-26 00:00:00-04:00,1.2986275726857741,1.3331341894139492,1.289369645090861,1.321351408958435,3244000,0.0,0.0
2004-05-27 00:00:00-04:00,1.3179850302944556,1.3381840155236993,1.3146185327562483,1.3238763809204102,1440800,0.0,0.0
2004-05-28 00:00:00-04:00,1.3238763159947446,1.3297677465954036,1.3129352597298676,1.314618468284607,1972000,0.0,0.0
2004-06-01 00:00:00-04:00,1.314618495920199,1.333134271993337,1.305360648015445,1.3062022924423218,2676800,0.0,0.0
2004-06-02 00:00:00-04:00,1.306202503210721,1.3171435614710438,1.3036775695226681,1.309569001197815,3504800,0.0,0.0
2004-06-03 00:00:00-04:00,1.309568497381537,1.3104100613568122,1.2801115911293734,1.2876862287521362,5264800,0.0,0.0
2004-06-04 00:00:00-04:00,1.2961028105658126,1.3221932277797404,1.2927363128863028,1.312093734741211,3554400,0.0,0.0
2004-06-07 00:00:00-04:00,1.329767860031846,1.3499669262572083,1.3255597178905776,1.3423922061920166,2432000,0.0,0.0
2004-06-08 00:00:00-04:00,1.3381840640507479,1.3508084102109184,1.333134357692134,1.3423922061920166,1524000,0.0,0.0
2004-06-09 00:00:00-04:00,1.338183747051351,1.3701655876434304,1.338183747051351,1.3524913787841797,3109600,0.0,0.0
2004-06-10 00:00:00-04:00,1.353333333141468,1.3541749776159113,1.3221932099597868,1.3314510583877563,2831200,0.0,0.0
2004-06-14 00:00:00-04:00,1.3255596485539922,1.3255596485539922,1.284320034306695,1.2969443798065186,2829600,0.0,0.0
2004-06-15 00:00:00-04:00,1.3045189262555834,1.3230347012310908,1.2876864400340429,1.2961026430130005,3318400,0.0,0.0
2004-06-16 00:00:00-04:00,1.3019939003136902,1.331450727219772,1.3003106117834835,1.3280842304229736,1603200,0.0,0.0
2004-06-17 00:00:00-04:00,1.3196683093546913,1.3196683093546913,1.2918946848056794,1.3053606748580933,1549600,0.0,0.0
2004-06-18 00:00:00-04:00,1.3062021234502534,1.3070436875046212,1.264120870714309,1.2649624347686768,2098400,0.0,0.0
2004-06-21 00:00:00-04:00,1.2658043180785172,1.2826368062982512,1.2624378204345703,1.2624378204345703,3212800,0.0,0.0
2004-06-22 00:00:00-04:00,1.2624379398404662,1.2632795843969673,1.2203566751791173,1.2237231731414795,4074400,0.0,0.0
2004-06-23 00:00:00-04:00,1.2304560428520686,1.2540215261713725,1.2178316968540643,1.2489718198776245,4132000,0.0,0.0
2004-06-24 00:00:00-04:00,1.253179857643351,1.2582295635167342,1.2380305794959465,1.2397137880325317,2618400,0.0,0.0
2004-06-25 00:00:00-04:00,1.2481299618430297,1.270853877067566,1.222039629841104,1.270853877067566,4368000,0.0,0.0
2004-06-28 00:00:00-04:00,1.270854197546409,1.2834785445678496,1.2582297702613277,1.2632795572280884,1071200,0.0,0.0
2004-06-29 00:00:00-04:00,1.2733789468665515,1.2750621555421977,1.2523383167073492,1.2540215253829956,951200,0.0,0.0
2004-06-30 00:00:00-04:00,1.2649627210992658,1.2902114945087415,1.2590713700670553,1.2809536457061768,2249600,0.0,0.0
2004-07-01 00:00:00-04:00,1.2809532476488803,1.2876862410973053,1.2346638574932478,1.2456049919128418,1580800,0.0,0.0
2004-07-02 00:00:00-04:00,1.2540213136740839,1.2674873821240304,1.2430802584704097,1.2506548166275024,1110400,0.0,0.0
2004-07-06 00:00:00-04:00,1.2514965147750567,1.266645792267971,1.2262477457080745,1.2413970232009888,1435200,0.0,0.0
2004-07-07 00:00:00-04:00,1.2355059283266447,1.262437911419223,1.2270896434783936,1.2270896434783936,2023200,0.0,0.0
2004-07-08 00:00:00-04:00,1.227089325031797,1.2405553130834766,1.2161481896739021,1.2371888160705566,2152000,0.0,0.0
2004-07-09 00:00:00-04:00,1.232980568999335,1.2481298443900979,1.209415091929847,1.2456049919128418,1757600,0.0,0.0
2004-07-12 00:00:00-04:00,1.237189047973152,1.2624378204345703,1.2228814129204693,1.2624378204345703,1244000,0.0,0.0
2004-07-13 00:00:00-04:00,1.2641209747575406,1.2918945974280769,1.2632793303702816,1.2742204666137695,3024800,0.0,0.0
2004-07-14 00:00:00-04:00,1.27085378498079,1.2876862689661508,1.262437502856302,1.275061845779419,2243200,0.0,0.0
2004-07-15 00:00:00-04:00,1.2691706151394575,1.282636603587045,1.2649624736836809,1.2700122594833374,2975200,0.0,0.0
2004-07-16 00:00:00-04:00,1.2733787835125425,1.2733787835125425,1.2447635173247242,1.2666457891464233,1953600,0.0,0.0
2004-07-19 00:00:00-04:00,1.263279119780861,1.2716953214595859,1.2447633476658855,1.2456049919128418,1305600,0.0,0.0
2004-07-20 00:00:00-04:00,1.2371890055540904,1.2876865487455358,1.2296143660490104,1.2775870561599731,1123200,0.0,0.0
2004-07-21 00:00:00-04:00,1.2918946582399373,1.339867266881091,1.2801118770545532,1.3062022924423218,3187200,0.0,0.0
2004-07-22 00:00:00-04:00,1.304519140180926,1.307043993462296,1.2708541622171963,1.291894793510437,1840800,0.0,0.0
2004-07-23 00:00:00-04:00,1.28516167968668,1.28516167968668,1.2203565027388334,1.225406289100647,2850400,0.0,0.0
2004-07-26 00:00:00-04:00,1.232981021815303,1.2430805959606526,1.226248025894165,1.226248025894165,1063200,0.0,0.0
2004-07-27 00:00:00-04:00,1.2329808111565836,1.287686493998742,1.2296143137711915,1.2868448495864868,1923200,0.0,0.0
2004-07-28 00:00:00-04:00,1.2792702532981055,1.2792702532981055,1.2624377658067418,1.271695613861084,1484800,0.0,0.0
2004-07-29 00:00:00-04:00,1.2759038417308537,1.2986277615723545,1.2750621972336937,1.295261263847351,948800,0.0,0.0
2004-07-30 00:00:00-04:00,1.2918945816553344,1.3045189262555834,1.2868447956570594,1.2961026430130005,649600,0.0,0.0
2004-08-02 00:00:00-04:00,1.2893697354932117,1.3205098571693896,1.2834783849842035,1.3196682929992676,728000,0.0,0.0
2004-08-03 00:00:00-04:00,1.3104100613568122,1.3238760481245626,1.2826364435824236,1.2876862287521362,2539200,0.0,0.0
2004-08-04 00:00:00-04:00,1.2876865754561282,1.3045190634478903,1.2716956516662288,1.2792702913284302,1422400,0.0,0.0
2004-08-05 00:00:00-04:00,1.2750619798501182,1.2801117657085108,1.2531797885000793,1.2582294940948486,1144000,0.0,0.0
2004-08-06 00:00:00-04:00,1.2456053322148364,1.2658043180785172,1.2178317065863666,1.2624378204345703,2006400,0.0,0.0
2004-08-09 00:00:00-04:00,1.2624375694452237,1.2834781956026442,1.2456050845720112,1.251496434211731,1792800,0.0,0.0
2004-08-10 00:00:00-04:00,1.2599127681476467,1.3045188749461858,1.2599127681476467,1.2700122594833374,817600,0.0,0.0
2004-08-11 00:00:00-04:00,1.2708538378905598,1.2826365370390571,1.2548629172410017,1.2658040523529053,982400,0.0,0.0
2004-08-12 00:00:00-04:00,1.2582297600391235,1.2725373960211255,1.233822630469292,1.2548632621765137,961600,0.0,0.0
2004-08-13 00:00:00-04:00,1.2582296783137281,1.2742206023202016,1.2472885409049923,1.2624378204345703,681600,0.0,0.0
2004-08-16 00:00:00-04:00,1.2540213951454067,1.3381839070414374,1.2540213951454067,1.3297677040100098,2464800,0.0,0.0
2004-08-17 00:00:00-04:00,1.3339762097952546,1.3659579024138515,1.321351781406563,1.3508086204528809,5612000,0.0,0.0
2004-08-18 00:00:00-04:00,1.347441761169941,1.4097219973102282,1.3398671226705723,1.408880352973938,1912000,0.0,0.0
2004-08-19 00:00:00-04:00,1.3987810034622876,1.4467536090482807,1.3861564983903945,1.4433870315551758,3917600,0.0,0.0
2004-08-20 00:00:00-04:00,1.4602196804105596,1.4829435981902648,1.4114054276952255,1.430762767791748,3558400,0.0,0.0
2004-08-23 00:00:00-04:00,1.4349709555326005,1.4374958890169824,1.3979395609253082,1.4080389738082886,923200,0.0,0.0
2004-08-24 00:00:00-04:00,1.4105642427654126,1.4475958067071495,1.4105642427654126,1.4273966550827026,1626400,0.0,0.0
2004-08-25 00:00:00-04:00,1.4273961901085654,1.4366541182100585,1.4206631952694593,1.430762767791748,743200,0.0,0.0
2004-08-26 00:00:00-04:00,1.4265548539424107,1.435812622475336,1.414771991358352,1.419821858406067,623200,0.0,0.0
2004-08-27 00:00:00-04:00,1.4265548519170546,1.4366542649435936,1.420663340369752,1.429921269416809,968000,0.0,0.0
2004-08-30 00:00:00-04:00,1.425713046482206,1.4602196647279342,1.4198216961271681,1.4400206804275513,1219200,0.0,0.0
2004-08-31 00:00:00-04:00,1.4433871573429717,1.4459120906828424,1.405514120408497,1.4105638265609741,1634400,0.0,0.0
2004-09-01 00:00:00-04:00,1.4105641375891464,1.4450707648730725,1.4105641375891464,1.4257134199142456,1335200,0.0,0.0
2004-09-02 00:00:00-04:00,1.4257129021979011,1.459377872624927,1.4257129021979011,1.4560112953186035,988000,0.0,0.0
2004-09-03 00:00:00-04:00,1.456011600093304,1.456011600093304,1.4139303381191939,1.452645182609558,797600,0.0,0.0
2004-09-07 00:00:00-04:00,1.456852859510717,1.4686357189074886,1.4307625289307808,1.458536148071289,762400,0.0,0.0
2004-09-08 00:00:00-04:00,1.4619027383090741,1.4720021487086563,1.433287474631535,1.4341291189193726,520800,0.0,0.0
2004-09-09 00:00:00-04:00,1.4374959026145144,1.459378178104325,1.4307629071197479,1.452645182609558,684000,0.0,0.0
2004-09-10 00:00:00-04:00,1.4484365378317732,1.4652691019251147,1.4391787720549407,1.4509614706039429,618400,0.0,0.0
2004-09-13 00:00:00-04:00,1.4509615100759474,1.4795767734967418,1.4509615100759474,1.458536148071289,1047200,0.0,0.0
2004-09-14 00:00:00-04:00,1.4467537614900634,1.4922014387449658,1.4459121170281046,1.4686360359191895,837600,0.0,0.0
2004-09-15 00:00:00-04:00,1.4576945290367977,1.4888347258377668,1.4576945290367977,1.4753687381744385,900800,0.0,0.0
2004-09-16 00:00:00-04:00,1.4804188488988155,1.5014594804516386,1.4770522707972698,1.4964097738265991,697600,0.0,0.0
2004-09-17 00:00:00-04:00,1.5090339197146143,1.5780471563339233,1.4728440125783284,1.5780471563339233,3007200,0.0,0.0
2004-09-20 00:00:00-04:00,1.5401740635433012,1.55700663188267,1.510717309740309,1.5233416557312012,1695200,0.0,0.0
2004-09-21 00:00:00-04:00,1.5275496838387854,1.557006597518921,1.5191333998548517,1.557006597518921,1024800,0.0,0.0
2004-09-22 00:00:00-04:00,1.5570061582468406,1.5586894466741807,1.5023005685760442,1.5317574739456177,1588800,0.0,0.0
2004-09-23 00:00:00-04:00,1.531757769551936,1.5334408977768748,1.4964095083922067,1.5023008584976196,1520000,0.0,0.0
2004-09-24 00:00:00-04:00,1.5048258346844965,1.5393326166637575,1.4947264218595242,1.5359660387039185,1889600,0.0,0.0
2004-09-27 00:00:00-04:00,1.531757984257878,1.5334411127187402,1.5065091310176628,1.5081924200057983,750400,0.0,0.0
2004-09-28 00:00:00-04:00,1.5081924761274508,1.51071740970361,1.4871518445746277,1.4964097738265991,1472000,0.0,0.0
2004-09-29 00:00:00-04:00,1.4854685461498462,1.5300747425501655,1.4854685461498462,1.5292330980300903,1319200,0.0,0.0
2004-09-30 00:00:00-04:00,1.5292331804068349,1.5612148712560934,1.5233418289762308,1.5578484535217285,2827200,0.0,0.0
2004-10-01 00:00:00-04:00,1.5603733233533976,1.593196657424642,1.555323456167606,1.5923550128936768,2232000,0.0,0.0
2004-10-04 00:00:00-04:00,1.5990876539956895,1.6908248006723587,1.5662643272034438,1.679042100906372,7313600,0.0,0.0
2004-10-05 00:00:00-04:00,1.6664174913732819,1.721964730383909,1.6664174913732819,1.7026073932647705,2984800,0.0,0.0
2004-10-06 00:00:00-04:00,1.6967161924679404,1.7118654699854263,1.6436938816839886,1.6739922761917114,4059200,0.0,0.0
2004-10-07 00:00:00-04:00,1.6327529872163282,1.6335946317472934,1.5317580514096993,1.5923550128936768,7043200,0.0,0.0
2004-10-08 00:00:00-04:00,1.5915131067774178,1.6049790960049959,1.5696308341507894,1.5755221843719482,3828800,0.0,0.0
2004-10-11 00:00:00-04:00,1.5830966346797668,1.621811469489846,1.573838868518828,1.609187126159668,2159200,0.0,0.0
2004-10-12 00:00:00-04:00,1.609187666806581,1.623495303528388,1.5755225259124785,1.6159206628799438,2926400,0.0,0.0
2004-10-13 00:00:00-04:00,1.6243367312046504,1.6361195943195852,1.583097111620586,1.5864636898040771,1616000,0.0,0.0
2004-10-14 00:00:00-04:00,1.5864637280259233,1.5873053725920732,1.542699173749844,1.5527987480163574,3718400,0.0,0.0
2004-10-15 00:00:00-04:00,1.55532309270644,1.6327526056607733,1.5544814483721574,1.6066622734069824,3322400,0.0,0.0
2004-10-18 00:00:00-04:00,1.6032957882870418,1.6125537159693988,1.5889881548357863,1.6075040102005005,2380800,0.0,0.0
2004-10-19 00:00:00-04:00,1.6100284368868873,1.6327523487552957,1.5881463297475504,1.5931960344314575,1657600,0.0,0.0
2004-10-20 00:00:00-04:00,1.582255095595824,1.610870361328125,1.5713140401227654,1.610870361328125,1814400,0.0,0.0
2004-10-21 00:00:00-04:00,1.6150790237964365,1.651268938011547,1.6032961602325213,1.6394860744476318,1550400,0.0,0.0
2004-10-22 00:00:00-04:00,1.6352774970840274,1.6453769077841398,1.599929238579157,1.6218115091323853,908800,0.0,0.0
2004-10-25 00:00:00-04:00,1.6133957291546994,1.6167621469277365,1.5974048032827297,1.6159206628799438,1267200,0.0,0.0
2004-10-26 00:00:00-04:00,1.6117124845360349,1.6453774658330096,1.6117124845360349,1.6369613409042358,2827200,0.0,0.0
2004-10-27 00:00:00-04:00,1.6411693726996361,1.7000832092638725,1.6327530874008467,1.6840922832489014,2916000,0.0,0.0
2004-10-28 00:00:00-04:00,1.6832502965735487,1.701765992046045,1.667259373808468,1.6748340129852295,1605600,0.0,0.0
2004-10-29 00:00:00-04:00,1.6706259019255485,1.6748339633313225,1.6268613569855845,1.6487436294555664,3236000,0.0,0.0
2004-11-01 00:00:00-05:00,1.6495854028084427,1.6723093214416092,1.6495854028084427,1.6672594547271729,948000,0.0,0.0
2004-11-02 00:00:00-05:00,1.6664182109373424,1.7034497731105045,1.662210148190819,1.6883004903793335,2162400,0.0,0.0
2004-11-03 00:00:00-05:00,1.6933497483798796,1.7093405094787961,1.6723091211712826,1.679883599281311,3718400,0.0,0.0
2004-11-04 00:00:00-05:00,1.676517621303147,1.7236485936413473,1.6537936994423532,1.7084993124008179,2680800,0.0,0.0
2004-11-05 00:00:00-05:00,1.8052859957943184,1.8246433355551512,1.7674128001515956,1.8120189905166626,8309600,0.0,0.0
2004-11-08 00:00:00-05:00,1.9189058380605424,1.9449963409079278,1.8717748608471343,1.9231140613555908,7368800,0.0,0.0
2004-11-09 00:00:00-05:00,1.9231132024671567,1.9239548467502767,1.8507333993911743,1.8507333993911743,7088800,0.0,0.0
2004-11-10 00:00:00-05:00,1.8515753853267667,1.8515753853267667,1.7968697810475647,1.8010778427124023,5512800,0.0,0.0
2004-11-11 00:00:00-05:00,1.80949427338397,1.8179105579237693,1.7396393846000056,1.8002363443374634,9748000,0.0,0.0
2004-11-12 00:00:00-05:00,1.8179102305606105,1.9786606102670123,1.8179102305606105,1.9778189659118652,16881600,0.0,0.0
2004-11-15 00:00:00-05:00,1.9273212482948283,1.948361873626709,1.8768237153928682,1.948361873626709,19627200,0.0,0.0
2004-11-16 00:00:00-05:00,1.944153608191856,1.9492033127925121,1.8566245389686686,1.8776651620864868,9755200,0.0,0.0
2004-11-17 00:00:00-05:00,1.8717741184070746,1.9222716542266507,1.8515751361846924,1.8515751361846924,8394400,0.0,0.0
2004-11-18 00:00:00-05:00,1.8473673016937544,1.8473673016937544,1.8103357494799504,1.8431590795516968,6096000,0.0,0.0
2004-11-19 00:00:00-05:00,1.80528576121632,1.80528576121632,1.7228063859258624,1.7286978960037231,12897600,0.0,0.0
2004-11-22 00:00:00-05:00,1.7253314036167338,1.7396390363117185,1.6571598174946276,1.6655761003494263,10712800,0.0,0.0
2004-11-23 00:00:00-05:00,1.7228067415468333,1.8137022575138024,1.7169153907801185,1.733747959136963,14652800,0.0,0.0
2004-11-24 00:00:00-05:00,1.7547881224378512,1.8078104257583616,1.7480551289919575,1.8078104257583618,7044800,0.0,0.0
2004-11-26 00:00:00-05:00,1.8078108709359266,1.8330597229710357,1.8019195202859142,1.8263267278671265,1196000,0.0,0.0
2004-11-29 00:00:00-05:00,1.8515754811096998,1.8515754811096998,1.7968698740005493,1.7968698740005493,3623200,0.0,0.0
2004-11-30 00:00:00-05:00,1.8094937130072493,1.8431586802135669,1.7749871015548706,1.7749871015548706,4353600,0.0,0.0
2004-12-01 00:00:00-05:00,1.7834037158659983,1.7918199993679496,1.7632047317776687,1.7758290767669678,4403200,0.0,0.0
2004-12-02 00:00:00-05:00,1.777512951348911,1.7993950709270379,1.7615220234781486,1.772463083267212,2610400,0.0,0.0
2004-12-03 00:00:00-05:00,1.7589964982684403,1.771620843175242,1.7430055757719554,1.767412781715393,4351200,0.0,0.0
2004-12-06 00:00:00-05:00,1.7716209744033826,1.7918201203831698,1.7674129126318328,1.7707794904708862,2752800,0.0,0.0
2004-12-07 00:00:00-05:00,1.769096082070858,1.7834037158659983,1.7606797985689067,1.7758290767669678,2380800,0.0,0.0
2004-12-08 00:00:00-05:00,1.7842452643841096,1.8027609586715696,1.7640461208540201,1.8027609586715698,4167200,0.0,0.0
2004-12-09 00:00:00-05:00,1.79686960869498,1.8137020142670581,1.72112338230251,1.8027609586715698,5212800,0.0,0.0
2004-12-10 00:00:00-05:00,1.7926619585609735,1.823802167616722,1.7505806904207881,1.822118878364563,6703200,0.0,0.0
2004-12-13 00:00:00-05:00,1.8305345260819723,1.8389508088820505,1.7901365612742877,1.809493899345398,2736800,0.0,0.0
2004-12-14 00:00:00-05:00,1.80949426375892,1.81622725924949,1.767413001811038,1.7867703437805176,4604000,0.0,0.0
2004-12-15 00:00:00-05:00,1.7943451418828482,1.7968700756120257,1.7733045090549024,1.7892954349517822,3222400,0.0,0.0
2004-12-16 00:00:00-05:00,1.7968697537489202,1.8137021606798096,1.782562119567671,1.806969165802002,2415200,0.0,0.0
2004-12-17 00:00:00-05:00,1.806969143872493,1.806969143872493,1.7556301187499852,1.7800371646881104,1572000,0.0,0.0
2004-12-20 00:00:00-05:00,1.7834036501517878,1.7909782889717107,1.7404807503479742,1.76909601688385,3081600,0.0,0.0
2004-12-21 00:00:00-05:00,1.7674128047056807,1.7842453718185425,1.7505802375928192,1.7842453718185425,2907200,0.0,0.0
2004-12-22 00:00:00-05:00,1.7876120998714766,1.8515756412883484,1.784245682179686,1.845684289932251,3844000,0.0,0.0
2004-12-23 00:00:00-05:00,1.8465255567365744,1.8532585512700475,1.7977113062370815,1.8061274290084839,2253600,0.0,0.0
2004-12-27 00:00:00-05:00,1.8271679907141607,1.8515751953422044,1.7892949580348725,1.7943446636199951,2680000,0.0,0.0
2004-12-28 00:00:00-05:00,1.795186299964422,1.881032097164811,1.7935030112678074,1.8726158142089844,3252800,0.0,0.0
2004-12-29 00:00:00-05:00,1.8726157608155765,1.8852401046257388,1.8583081283567946,1.8793487548828125,2148000,0.0,0.0
2004-12-30 00:00:00-05:00,1.8978647808238034,1.9020730031823705,1.877665795084489,1.8902901411056519,1840000,0.0,0.0
2004-12-31 00:00:00-05:00,1.893656546530434,1.8987062523735505,1.8810322016590153,1.8818738460540771,1420800,0.0,0.0
2005-01-03 00:00:00-05:00,1.931529767233718,1.931529767233718,1.789295073131029,1.8120189905166626,4844800,0.0,0.0
2005-01-04 00:00:00-05:00,1.8120191690656158,1.818752164451402,1.7278566464796523,1.7926616668701172,4378400,0.0,0.0
2005-01-05 00:00:00-05:00,1.7758289164526329,1.805285825786589,1.76993756669129,1.790978193283081,3254400,0.0,0.0
2005-01-06 00:00:00-05:00,1.7909783815613023,1.7968697319419786,1.7800371646881104,1.7800371646881104,4820800,0.0,0.0
2005-01-07 00:00:00-05:00,1.6748337084297633,1.6748337084297633,1.5780468660821692,1.6453768014907837,29349600,0.0,0.0
2005-01-10 00:00:00-05:00,1.6335948976510548,1.6495858252877122,1.6251786114987452,1.6327532529830933,9423200,0.0,0.0
2005-01-11 00:00:00-05:00,1.632752243391403,1.6335938875389446,1.6100283329894016,1.6117116212844849,3978400,0.0,0.0
2005-01-12 00:00:00-05:00,1.6159200533438132,1.6159200533438132,1.5873047906940727,1.6024540662765503,3815200,0.0,0.0
2005-01-13 00:00:00-05:00,1.599087768789947,1.6100288249970434,1.59235477407929,1.5974044799804688,4097600,0.0,0.0
2005-01-14 00:00:00-05:00,1.5948793244694695,1.6142366595502973,1.5931960360640363,1.6032954454421997,2755200,0.0,0.0
2005-01-18 00:00:00-05:00,1.6041373261385068,1.6260195970535278,1.595721043397769,1.6260195970535278,3188000,0.0,0.0
2005-01-19 00:00:00-05:00,1.625177964934132,1.64874352467976,1.608345559853463,1.6293861865997314,4810400,0.0,0.0
2005-01-20 00:00:00-05:00,1.6209698523110634,1.6352774844651812,1.6133952140808105,1.6133952140808105,2950400,0.0,0.0
2005-01-21 00:00:00-05:00,1.6159202935001657,1.6192867105036806,1.5948796655146285,1.6075040102005005,2614400,0.0,0.0
2005-01-24 00:00:00-05:00,1.6066625739784224,1.6075042184701585,1.5620563790800548,1.5721559524536133,2801600,0.0,0.0
2005-01-25 00:00:00-05:00,1.5713142810831642,1.5940382003895033,1.5679477031738085,1.5729975700378418,4086400,0.0,0.0
2005-01-26 00:00:00-05:00,1.574680352283903,1.6133951870939822,1.574680352283903,1.609187126159668,1232000,0.0,0.0
2005-01-27 00:00:00-05:00,1.610870729130434,1.6201286585480101,1.5990880266188152,1.6192870140075684,1806400,0.0,0.0
2005-01-28 00:00:00-05:00,1.6007709799979213,1.6125536800385598,1.5772054193893954,1.5822551250457764,4199200,0.0,0.0
2005-01-31 00:00:00-05:00,1.5906713521100975,1.6117119788854355,1.5889880634415323,1.6066622734069824,2201600,0.0,0.0
2005-02-01 00:00:00-05:00,1.6032956553034483,1.6268612144824415,1.6032956553034483,1.6218115091323853,2048000,0.0,0.0
2005-02-02 00:00:00-05:00,1.628544716599165,1.6883000259021803,1.6268614277527325,1.6866168975830078,4252800,0.0,0.0
2005-02-03 00:00:00-05:00,1.6832501919992904,1.6832501919992904,1.6378023597622307,1.6504268646240234,4172800,0.0,0.0
2005-02-04 00:00:00-05:00,1.6453771435136244,1.6689427060688027,1.6411690818735714,1.6546350717544556,1685600,0.0,0.0
2005-02-07 00:00:00-05:00,1.6504268794963608,1.6504268794963608,1.6369608906812014,1.6411689519882202,3222400,0.0,0.0
2005-02-08 00:00:00-05:00,1.6327526688469336,1.6445355294556347,1.627702963173061,1.6411689519882202,2110400,0.0,0.0
2005-02-09 00:00:00-05:00,1.6369607456969537,1.6537931499614464,1.609187126159668,1.609187126159668,919200,0.0,0.0
2005-02-10 00:00:00-05:00,1.6133956445859676,1.6201286403064097,1.5923550128936768,1.5923550128936768,1378400,0.0,0.0
2005-02-11 00:00:00-05:00,1.5990872801257754,1.6226528346753184,1.5814132346090237,1.6117116212844849,1637600,0.0,0.0
2005-02-14 00:00:00-05:00,1.6150785684472533,1.626019623821256,1.6049789968866597,1.6201282739639282,1470400,0.0,0.0
2005-02-15 00:00:00-05:00,1.6285446572693165,1.6571599245071411,1.6159203124355126,1.6571599245071411,1599200,0.0,0.0
2005-02-16 00:00:00-05:00,1.654635083542822,1.667259429080185,1.647060444114952,1.6580016613006592,2590400,0.0,0.0
2005-02-17 00:00:00-05:00,1.6664176645847835,1.6765172366034147,1.6470603254535963,1.6630512475967407,1955200,0.0,0.0
2005-02-18 00:00:00-05:00,1.669784257830507,1.6731506748502638,1.6192867183161355,1.6436939239501953,1799200,0.0,0.0
2005-02-22 00:00:00-05:00,1.6436942122807863,1.6462189853566767,1.5721560321304084,1.5746808052062988,1946400,0.0,0.0
2005-02-23 00:00:00-05:00,1.5898298954421672,1.5923548287430629,1.5772055499922129,1.5856218338012695,936000,0.0,0.0
2005-02-24 00:00:00-05:00,1.5906714630415262,1.599087746444051,1.559531423137615,1.565422773361206,1944000,0.0,0.0
2005-02-25 00:00:00-05:00,1.5612150809261112,1.6243369870637272,1.5612150809261112,1.618445634841919,1598400,0.0,0.0
2005-02-28 00:00:00-05:00,1.6159203427368691,1.6487436720257056,1.6159203427368691,1.6335943937301636,1068000,0.0,0.0
2005-03-01 00:00:00-05:00,1.6495855601756615,1.725331802318327,1.6327529905762777,1.7059744596481323,3182400,0.0,0.0
2005-03-02 00:00:00-05:00,1.7059743135624457,1.7135489531808101,1.6891417454044655,1.7068159580230713,2640000,0.0,0.0
2005-03-03 00:00:00-05:00,1.723648457840728,1.725331746852008,1.6874585467345902,1.7127074003219604,2439200,0.0,0.0
2005-03-04 00:00:00-05:00,1.715232021609558,1.7413225173950195,1.7093406711184091,1.7413225173950195,1810400,0.0,0.0
2005-03-07 00:00:00-05:00,1.7463721034834274,1.771620792575902,1.7286980532241452,1.7514218091964722,1349600,0.0,0.0
2005-03-08 00:00:00-05:00,1.7514214353160602,1.7514214353160602,1.7278560400009157,1.7278560400009155,1009600,0.0,0.0
2005-03-09 00:00:00-05:00,1.7286984077700227,1.7286984077700227,1.7000831353151937,1.7051328420639038,2252800,0.0,0.0
2005-03-10 00:00:00-05:00,1.7093409569727682,1.7118658906886193,1.69671660944809,1.7084993124008179,1504800,0.0,0.0
2005-03-11 00:00:00-05:00,1.7127075208879166,1.719440516879729,1.7009246575067796,1.707657814025879,3028000,0.0,0.0
2005-03-14 00:00:00-05:00,1.680725407082761,1.6925082686239812,1.6495853656809394,1.6546350717544556,5665600,0.0,0.0
2005-03-15 00:00:00-05:00,1.653793513432336,1.7909785132119125,1.6495854515731734,1.7834038734436035,6571200,0.0,0.0
2005-03-16 00:00:00-05:00,1.7834041663453446,1.7842458109608605,1.7421645433488337,1.7505806684494019,1516000,0.0,0.0
2005-03-17 00:00:00-05:00,1.742163660708439,1.77919504186599,1.741322016519329,1.76993727684021,2931200,0.0,0.0
2005-03-18 00:00:00-05:00,1.7884533558559865,1.7968696390478176,1.7598380893201107,1.76909601688385,1794400,0.0,0.0
2005-03-21 00:00:00-05:00,1.7690958321010755,1.7690958321010755,1.7194399430358247,1.7345892190933228,2173600,0.0,0.0
2005-03-22 00:00:00-05:00,1.692508134675546,1.7084988960640168,1.6327526688469336,1.6411689519882202,8909600,0.0,0.0
2005-03-23 00:00:00-05:00,1.7674123762330638,1.8835565474678322,1.7539463900182275,1.8473668098449707,17444800,0.0,0.0
2005-03-24 00:00:00-05:00,1.8684078293953843,1.9315297133543194,1.8288513460436768,1.897864580154419,6767200,0.0,0.0
2005-03-28 00:00:00-05:00,1.940787469737203,1.987918591744556,1.93742105275225,1.971086025238037,8504000,0.0,0.0
2005-03-29 00:00:00-05:00,1.938263139755111,1.9727697644989362,1.8987066475897838,1.8995482921600342,3860000,0.0,0.0
2005-03-30 00:00:00-05:00,1.8936562674957478,1.9180634697743193,1.8742989308434377,1.9121719598770142,2196000,0.0,0.0
2005-03-31 00:00:00-05:00,1.9062807457859534,1.9130137399048777,1.8541000814961024,1.8650411367416382,1920000,0.0,0.0
2005-04-01 00:00:00-05:00,1.8860822564054351,1.8936568968349579,1.8145440748639912,1.8322182893753052,2340000,0.0,0.0
2005-04-04 00:00:00-04:00,1.8389508994236103,1.8389508994236103,1.8036026383446884,1.833059549331665,2744800,0.0,0.0
2005-04-05 00:00:00-04:00,1.8431588391832883,1.8608330488204956,1.8322177840952951,1.8608330488204956,2912800,0.0,0.0
2005-04-06 00:00:00-04:00,1.8599919263087523,1.8843989762879108,1.8440010008227132,1.845684289932251,1942400,0.0,0.0
2005-04-07 00:00:00-04:00,1.8372674119157217,1.8566247488457805,1.8069688598323368,1.8507333993911743,2375200,0.0,0.0
2005-04-08 00:00:00-04:00,1.8557833053252752,1.8742991605025323,1.833059549331665,1.833059549331665,2092000,0.0,0.0
2005-04-11 00:00:00-04:00,1.8389513871786645,1.8389513871786645,1.796870120472184,1.8103361129760742,1980800,0.0,0.0
2005-04-12 00:00:00-04:00,1.8137016837806617,1.857466219242489,1.7968692812757252,1.8473668098449707,2481600,0.0,0.0
2005-04-13 00:00:00-04:00,1.8431589368910952,1.8482086425434563,1.8103356093598761,1.8111772537231445,1120800,0.0,0.0
2005-04-14 00:00:00-04:00,1.812019423034048,1.8271685443798782,1.7455309438191753,1.759838581085205,1500000,0.0,0.0
2005-04-15 00:00:00-04:00,1.7598386854643442,1.824643879308737,1.7598386854643442,1.8187525272369385,4920000,0.0,0.0
2005-04-18 00:00:00-04:00,1.8010775917579862,2.1629764629627775,1.7505800561797316,1.995492935180664,62324800,0.0,0.0
2005-04-19 00:00:00-04:00,2.0156923905003192,2.0409410819423077,1.9879187657032258,2.0283167362213135,9079200,0.0,0.0
2005-04-20 00:00:00-04:00,2.019900275474241,2.0409409033437647,1.9508870417465647,1.971086025238037,6829600,0.0,0.0
2005-04-21 00:00:00-04:00,1.9837104686960965,2.0199003761192613,1.9820271798561215,2.013167381286621,6945600,0.0,0.0
2005-04-22 00:00:00-04:00,1.9988603503525288,2.007276636564738,1.9786613597596117,1.9904440641403198,10447200,0.0,0.0
2005-04-25 00:00:00-04:00,1.9912849722451103,2.0527235659718976,1.9904433278824798,2.050198793411255,8039200,0.0,0.0
2005-04-26 00:00:00-04:00,2.0510408039128842,2.0821808482528956,2.024108661082697,2.0687148571014404,6420000,0.0,0.0
2005-04-27 00:00:00-04:00,2.051882185545586,2.0653483365525935,2.020742142758916,2.0594568252563477,6429600,0.0,0.0
2005-04-28 00:00:00-04:00,2.054406958427458,2.0981715043304936,2.049357252523956,2.0645065307617188,7337600,0.0,0.0
2005-04-29 00:00:00-04:00,2.068715252669853,2.0939639507749304,2.045149683385089,2.071240186691284,3612000,0.0,0.0
2005-05-02 00:00:00-04:00,2.078813691287324,2.1747588842452186,2.072080698106546,2.157926321029663,4989600,0.0,0.0
2005-05-03 00:00:00-04:00,2.1503519743782817,2.186541877815805,2.122578353686478,2.146143913269043,7068000,0.0,0.0
2005-05-04 00:00:00-04:00,2.1360448790538067,2.1806510764548763,2.103221544670864,2.116687536239624,4074400,0.0,0.0
2005-05-05 00:00:00-04:00,2.12089530197522,2.2050578114103123,2.114162307641503,2.1713926792144775,4544800,0.0,0.0
2005-05-06 00:00:00-04:00,2.158768728658456,2.190750577972455,2.1427778040014562,2.1739180088043213,2811200,0.0,0.0
2005-05-09 00:00:00-04:00,2.167184352874756,2.1840169169138006,2.146143728089564,2.167184352874756,2540800,0.0,0.0
2005-05-10 00:00:00-04:00,2.1697096050509517,2.1747593107951624,2.1461440440325483,2.1596100330352783,4499200,0.0,0.0
2005-05-11 00:00:00-04:00,2.162977059829127,2.1713931843085374,2.133520142569336,2.165501832962036,2894400,0.0,0.0
2005-05-12 00:00:00-04:00,2.167184617953622,2.195799884003733,2.1511936962133253,2.1713926792144775,5621600,0.0,0.0
2005-05-13 00:00:00-04:00,2.1663431633047145,2.1713928693653983,2.1208954877040376,2.1453025341033936,5629600,0.0,0.0
2005-05-16 00:00:00-04:00,2.158768123650411,2.1739173995505987,2.136885854075388,2.1604514122009277,2190400,0.0,0.0
2005-05-17 00:00:00-04:00,2.1663427865309366,2.2168403199369475,2.1444605167040907,2.2050576210021973,4449600,0.0,0.0
2005-05-18 00:00:00-04:00,2.2134737927576142,2.291744947224509,2.2058991545493836,2.2866952419281006,5760000,0.0,0.0
2005-05-19 00:00:00-04:00,2.3228861323535797,2.3717003990536436,2.306053560169845,2.358234405517578,5181600,0.0,0.0
2005-05-20 00:00:00-04:00,2.364967402285611,2.3683338204059745,2.3228861323535797,2.358234405517578,3736800,0.0,0.0
2005-05-23 00:00:00-04:00,2.3733827776448067,2.4457624249952583,2.3725411333058517,2.4019980430603027,9228000,0.0,0.0
2005-05-24 00:00:00-04:00,2.5206675310076534,2.6199791694809482,2.46259534742597,2.5038349628448486,19811200,0.0,0.0
2005-05-25 00:00:00-04:00,2.5080429377276663,2.5088845821593733,2.381799162462302,2.4062063694000244,6977600,0.0,0.0
2005-05-26 00:00:00-04:00,2.409573133322853,2.484477893250524,2.3902157901899668,2.48026967048645,5831200,0.0,0.0
2005-05-27 00:00:00-04:00,2.5248749511748776,2.5282415281628463,2.48279370198863,2.5139338970184326,5091200,0.0,0.0
2005-05-31 00:00:00-04:00,2.5206677606779615,2.5299255295364844,2.454179286956787,2.454179286956787,4625600,0.0,0.0
2005-06-01 00:00:00-04:00,2.4575458151792526,2.5501244650473334,2.4306136721065488,2.528242349624634,9328800,0.0,0.0
2005-06-02 00:00:00-04:00,2.5290833564844926,2.562748488842336,2.5282418726500695,2.5332915782928467,5056800,0.0,0.0
2005-06-03 00:00:00-04:00,2.5459159395922804,2.6586937163701183,2.545074295225013,2.6157708168029785,10910400,0.0,0.0
2005-06-06 00:00:00-04:00,2.6258703499578853,2.752114113695721,2.584630579206215,2.7378063201904297,11956800,0.0,0.0
2005-06-07 00:00:00-04:00,2.781570758778807,2.7857788198674416,2.6704762765555587,2.6957249641418457,10453600,0.0,0.0
2005-06-08 00:00:00-04:00,2.734440433183697,2.734440433183697,2.6115630697402112,2.625870704650879,10082400,0.0,0.0
2005-06-09 00:00:00-04:00,2.6974083547040446,2.7251821368364713,2.63428647282616,2.7176074981689453,13045600,0.0,0.0
2005-06-10 00:00:00-04:00,2.7563225685175845,2.774838425913781,2.736123422171321,2.7580058574676514,5294400,0.0,0.0
2005-06-13 00:00:00-04:00,2.7630562631276874,2.7630562631276874,2.736123955729221,2.7436985969543457,5081600,0.0,0.0
2005-06-14 00:00:00-04:00,2.752114273657332,2.7714716133623707,2.647752614970913,2.725182294845581,8160000,0.0,0.0
2005-06-15 00:00:00-04:00,2.7251824335885617,2.8244942309084426,2.71424121630972,2.8211276531219482,5979200,0.0,0.0
2005-06-16 00:00:00-04:00,2.8606839572960254,2.8867741308434978,2.7436977945745062,2.7765214443206787,5376800,0.0,0.0
2005-06-17 00:00:00-04:00,2.7832541465759277,2.81944405112548,2.7731547353925277,2.7832541465759277,5526400,0.0,0.0
2005-06-20 00:00:00-04:00,2.783254450475487,2.7849377393655987,2.6974086434069706,2.7260239124298096,4430400,0.0,0.0
2005-06-21 00:00:00-04:00,2.7226568863960177,2.747905894536208,2.6881504329934005,2.6974081993103027,3296000,0.0,0.0
2005-06-22 00:00:00-04:00,2.697408510333564,2.739489767346738,2.6763678818269767,2.7352817058563232,5134400,0.0,0.0
2005-06-23 00:00:00-04:00,2.739489767346738,2.7748381901861507,2.7285485506280494,2.7352817058563232,4787200,0.0,0.0
2005-06-24 00:00:00-04:00,2.7428570242560912,2.743698508340771,2.7016172409057617,2.7016172409057617,5144800,0.0,0.0
2005-06-27 00:00:00-04:00,2.7100325157125655,2.7100325157125655,2.6553267632697874,2.6578516960144043,2436000,0.0,0.0
2005-06-28 00:00:00-04:00,2.693201131277837,2.739490461510756,2.684784845637134,2.7285492420196533,4951200,0.0,0.0
2005-06-29 00:00:00-04:00,2.736965153256467,2.741173214990718,2.718449296360328,2.732757091522217,3894400,0.0,0.0
2005-06-30 00:00:00-04:00,2.7352816247566976,2.7908288695249612,2.7352816247566976,2.752955675125122,3630400,0.0,0.0
2005-07-01 00:00:00-04:00,2.752955645690177,2.7773628508262753,2.736123079353057,2.7613720893859863,2636000,0.0,0.0
2005-07-05 00:00:00-04:00,2.714241327443167,2.784937858581543,2.6906757635546183,2.784937858581543,5974400,0.0,0.0
2005-07-06 00:00:00-04:00,2.7984040726599417,2.8606844850147293,2.7950374944668037,2.83038592338562,4544000,0.0,0.0
2005-07-07 00:00:00-04:00,2.8287021754287593,2.882566133563114,2.7798877627104286,2.8800413608551025,3616000,0.0,0.0
2005-07-08 00:00:00-04:00,2.8993988181198582,2.9633621907302,2.8985570131467657,2.9591541290283203,4782400,0.0,0.0
2005-07-11 00:00:00-04:00,3.0003940305848906,3.0012355145388905,2.965045604480611,2.9852447509765625,4837600,0.0,0.0
2005-07-12 00:00:00-04:00,3.013017839701686,3.044157878980941,2.9911357280322237,3.0046017169952393,4825600,0.0,0.0
2005-07-13 00:00:00-04:00,3.019751266102567,3.0281673895653904,2.946529643546974,2.986086130142212,6147200,0.0,0.0
2005-07-14 00:00:00-04:00,2.987770033146991,3.023959949373703,2.971779266859099,2.9768288135528564,4058400,0.0,0.0
2005-07-15 00:00:00-04:00,2.9793533550932163,2.9919775405396103,2.9364302898336807,2.961678981781006,3233600,0.0,0.0
2005-07-18 00:00:00-04:00,2.960837101739587,2.964203679163394,2.9086564358885623,2.944004535675049,4751200,0.0,0.0
2005-07-19 00:00:00-04:00,2.954103946891974,2.964203679163394,2.938954669539339,2.944004535675049,5283200,0.0,0.0
2005-07-20 00:00:00-04:00,2.9448461808392925,2.97766950630494,2.9448461808392925,2.9692530632019043,2126400,0.0,0.0
2005-07-21 00:00:00-04:00,2.9684118726851394,2.9860859233659194,2.928855388829054,2.947371244430542,2002400,0.0,0.0
2005-07-22 00:00:00-04:00,2.9431635417813267,2.9456883147422217,2.8817249383146772,2.898557186126709,3260000,0.0,0.0
2005-07-25 00:00:00-04:00,2.8951909871661945,2.917073102392701,2.872467066899503,2.8766751289367676,2082400,0.0,0.0
2005-07-26 00:00:00-04:00,2.8320690451446797,2.8850912038081504,2.7622139965101167,2.8657338619232178,10003200,0.0,0.0
2005-07-27 00:00:00-04:00,2.9036066225917816,2.944004589249127,2.895190499933605,2.942321300506592,5293600,0.0,0.0
2005-07-28 00:00:00-04:00,2.9423215326952734,2.9877693691666694,2.9423215326952734,2.975144863128662,4013600,0.0,0.0
2005-07-29 00:00:00-04:00,2.9818780637688134,2.9902941872185353,2.8825662660003513,2.8909823894500732,4046400,0.0,0.0
2005-08-01 00:00:00-04:00,2.907814477130201,2.9111810543758554,2.864891740938774,2.8707830905914307,4022400,0.0,0.0
2005-08-02 00:00:00-04:00,2.8783575171672644,2.9288548879201564,2.872466167947909,2.920438766479492,3236800,0.0,0.0
2005-08-03 00:00:00-04:00,2.9204394887442233,2.9204394887442233,2.8791997129551183,2.8876161575317383,2520000,0.0,0.0
2005-08-04 00:00:00-04:00,2.8884580656449765,2.8884580656449765,2.8143949477668904,2.816920042037964,2731200,0.0,0.0
2005-08-05 00:00:00-04:00,2.8068193887625323,2.818602409045167,2.6679514493606105,2.7100327014923096,8782400,0.0,0.0
2005-08-08 00:00:00-04:00,2.7142411351809845,2.7479062699306183,2.7016166293862423,2.710874557495117,2602400,0.0,0.0
2005-08-09 00:00:00-04:00,2.7167654274857562,2.7899870344595343,2.7167654274857562,2.768946409225464,7405600,0.0,0.0
2005-08-10 00:00:00-04:00,2.777362745588518,2.81860251549911,2.756322118727999,2.772312879562378,5344800,0.0,0.0
2005-08-11 00:00:00-04:00,2.772313096448292,2.7731549013790824,2.7302318394351177,2.7352817058563232,3891200,0.0,0.0
2005-08-12 00:00:00-04:00,2.733598323534764,2.733598323534764,2.587997217776635,2.64270281791687,9870400,0.0,0.0
2005-08-15 00:00:00-04:00,2.676367949134612,2.688150810553161,2.635969979912543,2.655327320098877,6760000,0.0,0.0
2005-08-16 00:00:00-04:00,2.6511191441161435,2.6511191441161435,2.5072013247743485,2.530766725540161,8929600,0.0,0.0
2005-08-17 00:00:00-04:00,2.4659616908917545,2.503834887860209,2.4095727979205352,2.478586196899414,12528800,0.0,0.0
2005-08-18 00:00:00-04:00,2.45333777896075,2.7411736452050466,2.4070484505100396,2.721816301345825,30152000,0.0,0.0
2005-08-19 00:00:00-04:00,2.72686549863887,2.8186026489358835,2.664585098919314,2.775679588317871,9533600,0.0,0.0
2005-08-22 00:00:00-04:00,2.859842058902054,2.883407459027475,2.821968865090128,2.882565975189209,9614400,0.0,0.0
2005-08-23 00:00:00-04:00,2.916231495272207,2.957470950972478,2.8951908649197513,2.935588836669922,11461600,0.0,0.0
2005-08-24 00:00:00-04:00,2.9288551020170255,2.9355882565053077,2.882565788600756,2.903606414794922,6655200,0.0,0.0
2005-08-25 00:00:00-04:00,2.903606149098076,2.9322214109458584,2.891823450876245,2.8993980884552,4289600,0.0,0.0
2005-08-26 00:00:00-04:00,2.9002398680897583,2.9052897340091444,2.8320684439776933,2.8623666763305664,4119200,0.0,0.0
2005-08-29 00:00:00-04:00,2.8278605893516215,2.8514263136501543,2.7874626176242603,2.840485095977783,5644800,0.0,0.0
2005-08-30 00:00:00-04:00,2.840485454291294,2.880883431114665,2.752114859924259,2.804295539855957,5616000,0.0,0.0
2005-08-31 00:00:00-04:00,2.8194444656372073,2.8539510865535704,2.7866211336746347,2.840485095977783,3615200,0.0,0.0
2005-09-01 00:00:00-04:00,2.8362767463102014,2.8707833637250153,2.807661479108562,2.819444179534912,4422400,0.0,0.0
2005-09-02 00:00:00-04:00,2.8152359553147717,2.848900765864187,2.8118693779434834,2.8472177982330322,2591200,0.0,0.0
2005-09-06 00:00:00-04:00,2.8825659600461737,3.0079682408858837,2.8724665487675485,3.0062849521636963,10426400,0.0,0.0
2005-09-07 00:00:00-04:00,3.0096512050883217,3.0643569648056737,2.97514458895946,3.0492076873779297,4876000,0.0,0.0
2005-09-08 00:00:00-04:00,3.0416335569261466,3.05930760986038,3.0096517080061895,3.0306923389434814,4820800,0.0,0.0
2005-09-09 00:00:00-04:00,3.0298511413059313,3.0929730400831383,3.017226633128658,3.0416338443756104,3808800,0.0,0.0
2005-09-12 00:00:00-04:00,3.0466827280907487,3.06519826076966,3.0104928254597514,3.0601487159729004,2681600,0.0,0.0
2005-09-13 00:00:00-04:00,3.0601494332330645,3.079506775284868,3.039108802169641,3.0500500202178955,3542400,0.0,0.0
2005-09-14 00:00:00-04:00,3.0475251250894737,3.232682754744013,3.0466836410560147,3.0887649059295654,10896000,0.0,0.0
2005-09-15 00:00:00-04:00,3.0887646612286974,3.101388847057895,2.966728938552508,3.0163848400115967,5410400,0.0,0.0
2005-09-16 00:00:00-04:00,3.0172254495466797,3.0635150806686986,3.0172254495466797,3.0315332412719727,2892800,0.0,0.0
2005-09-19 00:00:00-04:00,3.048366152604585,3.078664706953761,2.989452332598353,3.0281670093536377,5140800,0.0,0.0
2005-09-20 00:00:00-04:00,3.032375669236349,3.0407921143586,2.9625209405217063,2.9717788696289062,5376800,0.0,0.0
2005-09-21 00:00:00-04:00,2.9498964087085966,2.9498964087085966,2.778204782304412,2.7874627113342285,10058400,0.0,0.0
2005-09-22 00:00:00-04:00,2.806819621287243,2.822810703896898,2.70582486464806,2.811028003692627,10666400,0.0,0.0
2005-09-23 00:00:00-04:00,2.811028838872428,2.8808835770040973,2.811028838872428,2.844693660736084,4352800,0.0,0.0
2005-09-26 00:00:00-04:00,2.8615250320450603,2.8901402952076896,2.7925118069565658,2.801769733428955,5928800,0.0,0.0
2005-09-27 00:00:00-04:00,2.8042944249806045,2.80681919719876,2.7184486379643262,2.7537970542907715,10540800,0.0,0.0
2005-09-28 00:00:00-04:00,2.749589280952814,2.8118696849025606,2.6932005485732335,2.7647385597229004,9587200,0.0,0.0
2005-09-29 00:00:00-04:00,2.7731555881780325,2.774838877401984,2.679735123103577,2.7016172409057617,10675200,0.0,0.0
2005-09-30 00:00:00-04:00,2.7016169382395594,2.7016169382395594,2.5795813726662375,2.648594617843628,15973600,0.0,0.0
2005-10-03 00:00:00-04:00,2.6730009980650915,2.691516690128451,2.598096425027834,2.6065125465393066,8705600,0.0,0.0
2005-10-04 00:00:00-04:00,2.618295484377455,2.727706672590585,2.6132456186859696,2.649435520172119,8649600,0.0,0.0
2005-10-05 00:00:00-04:00,2.735281741059623,2.7731549370698136,2.683100911059723,2.6940419673919678,17377600,0.0,0.0
2005-10-06 00:00:00-04:00,2.6856262401628146,2.686467884701239,2.6006220681093484,2.6090383529663086,10563200,0.0,0.0
2005-10-07 00:00:00-04:00,2.630078911655093,2.6629022451038193,2.5652737287453644,2.583789587020874,52832800,0.0,0.0
2005-10-10 00:00:00-04:00,2.613246013849233,2.6586938487816236,2.5913639013194794,2.629236936569214,14907200,0.0,0.0
2005-10-11 00:00:00-04:00,2.651118998711089,2.659535281606097,2.5787391905521635,2.600621461868286,15512800,0.0,0.0
2005-10-12 00:00:00-04:00,2.5964132420671286,2.6157705791740185,2.5627482730709654,2.5879969596862793,13842400,0.0,0.0
2005-10-13 00:00:00-04:00,2.5248758605930948,2.585472823457507,2.5206677983696864,2.58042311668396,9798400,0.0,0.0
2005-10-14 00:00:00-04:00,2.5879974586197796,2.6166127279149927,2.562748767136834,2.604830026626587,9545600,0.0,0.0
2005-10-17 00:00:00-04:00,2.6048299388349205,2.6586938977976797,2.6048299388349205,2.655327320098877,8855200,0.0,0.0
2005-10-18 00:00:00-04:00,2.6948841720344463,2.7773634105484275,2.693200882956051,2.76389741897583,13924800,0.0,0.0
2005-10-19 00:00:00-04:00,2.7638973645143703,2.903607144722609,2.7546394352929022,2.858159303665161,13252800,0.0,0.0
2005-10-20 00:00:00-04:00,2.8581595643810553,2.916231918047674,2.8531100178393225,2.8648927211761475,11249600,0.0,0.0
2005-10-21 00:00:00-04:00,2.87414972138554,2.93053844655569,2.8489007126271915,2.8690998554229736,6864800,0.0,0.0
2005-10-24 00:00:00-04:00,2.903606335595775,2.9212803840637207,2.8539504462897844,2.9212803840637207,5791200,0.0,0.0
2005-10-25 00:00:00-04:00,3.0929722921904257,3.147678052991105,2.9877691530002752,3.0020766258239746,24702400,0.0,0.0
2005-10-26 00:00:00-04:00,3.009652178027929,3.0172268191904785,2.8446936827708473,2.851426839828491,13603200,0.0,0.0
2005-10-27 00:00:00-04:00,2.8556341181345397,2.8825660968587865,2.7512724597872,2.7807295322418213,9168800,0.0,0.0
2005-10-28 00:00:00-04:00,2.8194437303104145,2.9044477134528273,2.7689463590848464,2.9019229412078857,8584000,0.0,0.0
2005-10-31 00:00:00-05:00,2.916231406448091,3.0130181104886837,2.916231406448091,2.986086130142212,9989600,0.0,0.0
2005-11-01 00:00:00-05:00,2.985244169771204,3.042474699137067,2.9566289050882726,2.996185064315796,8176800,0.0,0.0
2005-11-02 00:00:00-05:00,3.0003937805156276,3.0517326448488316,2.9709367077080846,3.050891160964966,9165600,0.0,0.0
2005-11-03 00:00:00-05:00,3.0929726694201447,3.1358954141807525,3.079506678803626,3.1131718158721924,8779200,0.0,0.0
2005-11-04 00:00:00-05:00,3.12663760395212,3.131687149447128,3.0508912109817983,3.0618324279785156,6818400,0.0,0.0
2005-11-07 00:00:00-05:00,3.0988637018982685,3.1485195973931854,3.0382665898218937,3.130845546722412,5389600,0.0,0.0
2005-11-08 00:00:00-05:00,3.1114884611753855,3.1165380068908077,3.0466832823730177,3.062674045562744,6180000,0.0,0.0
2005-11-09 00:00:00-05:00,3.067724450159208,3.150203695534696,3.06267458250392,3.110647201538086,5386400,0.0,0.0
2005-11-10 00:00:00-05:00,3.076981122784177,3.108121157961841,2.9995514556545615,3.095496654510498,10495200,0.0,0.0
2005-11-11 00:00:00-05:00,3.0845551108800984,3.087079882616738,3.0214332490289726,3.0222747325897217,5192800,0.0,0.0
2005-11-14 00:00:00-05:00,3.0197514114644224,3.068565507796719,2.9296975376482566,3.0391087532043457,13801600,0.0,0.0
2005-11-15 00:00:00-05:00,3.0466833250964798,3.0534161598296348,2.9667288659175806,2.991136074066162,7923200,0.0,0.0
2005-11-16 00:00:00-05:00,2.996185941100354,3.004602386737374,2.9372724269140824,2.9835617542266846,7541600,0.0,0.0
2005-11-17 00:00:00-05:00,3.013017785997948,3.054257557055288,2.9970270247189164,3.0062849521636963,7339200,0.0,0.0
2005-11-18 00:00:00-05:00,3.092972847141391,3.1140134787545977,2.963362479350943,3.052574872970581,21448000,0.0,0.0
2005-11-21 00:00:00-05:00,3.098022598742239,3.183026606024672,3.035742190226396,3.1813433170318604,19488000,0.0,0.0
2005-11-22 00:00:00-05:00,3.181342577501243,3.2141659025946367,3.0306916187374626,3.078664541244507,27897600,0.0,0.0
2005-11-23 00:00:00-05:00,3.0803476246504573,3.097180190244263,2.9793528731965946,2.9844024181365967,26180000,0.0,0.0
2005-11-25 00:00:00-05:00,3.0163842520251536,3.143469495838365,3.010492902242358,3.0752980709075928,11036000,0.0,0.0
2005-11-28 00:00:00-05:00,3.0971810501968213,3.145995471867052,2.9608378410339355,2.9608378410339355,20941600,0.0,0.0
2005-11-29 00:00:00-05:00,2.8783579311487273,3.1401033908851854,2.8758328375097926,2.9448463916778564,39403200,0.0,0.0
2005-11-30 00:00:00-05:00,2.916231632979728,2.9246477570963125,2.7967206799859845,2.8312273025512695,29410400,0.0,0.0
2005-12-01 00:00:00-05:00,2.8312277000142476,2.8590014913962105,2.743698584273917,2.828702926635742,21526400,0.0,0.0
2005-12-02 00:00:00-05:00,2.8867744395831436,2.96672889967173,2.8623672311568678,2.9625208377838135,14757600,0.0,0.0
2005-12-05 00:00:00-05:00,2.966728879696285,3.000394016682031,2.9339055477151805,2.935588836669922,10442400,0.0,0.0
2005-12-06 00:00:00-05:00,2.970936458954124,2.989452313394005,2.9397964209861778,2.945687770843506,8649600,0.0,0.0
2005-12-07 00:00:00-05:00,2.947371793909365,2.9583130125367902,2.8792000300755776,2.890141248703003,6916000,0.0,0.0
2005-12-08 00:00:00-05:00,2.907814711602709,2.9667285339342904,2.8842493110918777,2.916231155395508,6964800,0.0,0.0
2005-12-09 00:00:00-05:00,2.8993991890103894,2.8993991890103894,2.824494589549758,2.8573179244995117,8983200,0.0,0.0
2005-12-12 00:00:00-05:00,2.886774701411415,2.8960326310372446,2.8691006472464164,2.874150514602661,6884000,0.0,0.0
2005-12-13 00:00:00-05:00,2.8699412921837637,2.8707830970243022,2.761371904731174,2.7697880268096924,20328000,0.0,0.0
2005-12-14 00:00:00-05:00,2.777363277221436,2.8009286810785863,2.7638972862952715,2.770630121231079,8283200,0.0,0.0
2005-12-15 00:00:00-05:00,2.758006019913817,2.7588475039111446,2.651119573198017,2.6603775024414062,29805600,0.0,0.0
2005-12-16 00:00:00-05:00,2.660377291611313,2.676368054729754,2.6351284394558903,2.6544859409332275,14536000,0.0,0.0
2005-12-19 00:00:00-05:00,2.657010754156143,2.6805763177538577,2.5972554414820617,2.598097085952759,9797600,0.0,0.0
2005-12-20 00:00:00-05:00,2.6006229160854333,2.619980265199129,2.544233997842725,2.5627498626708984,12994400,0.0,0.0
2005-12-21 00:00:00-05:00,2.600622152867337,2.650278058561751,2.5669571728695866,2.5913643836975098,23754400,0.0,0.0
2005-12-22 00:00:00-05:00,2.5711644742070017,2.5837889784311727,2.5417077257565754,2.5703229904174805,10518400,0.0,0.0
2005-12-23 00:00:00-05:00,2.5703233083608024,2.6048299269801856,2.5669567306773216,2.577897787094116,5524000,0.0,0.0
2005-12-27 00:00:00-05:00,2.5837894510054444,2.602305147778976,2.554332536640118,2.598097085952759,8728800,0.0,0.0
2005-12-28 00:00:00-05:00,2.617454205211134,2.7100330022817376,2.6107212105438493,2.6528024673461914,11119200,0.0,0.0
2005-12-29 00:00:00-05:00,2.652802779823712,2.6847844681286697,2.64354485086797,2.673001766204834,10356800,0.0,0.0
2005-12-30 00:00:00-05:00,2.674684816125982,2.6999336672409804,2.6595355375624354,2.678051233291626,9986400,0.0,0.0
2006-01-03 00:00:00-05:00,2.6780509633918643,2.747064193868489,2.6216620769368,2.7192907333374023,14340000,0.0,0.0
2006-01-04 00:00:00-05:00,2.7201319023958868,2.820285159168249,2.7201319023958868,2.8152356147766113,18158400,0.0,0.0
2006-01-05 00:00:00-05:00,3.147678934809139,3.2360495322748695,3.09297315868271,3.140104293823242,64004000,0.0,0.0
2006-01-06 00:00:00-05:00,3.156095148620188,3.2629816095133437,3.050891976999515,3.241940975189209,25268800,0.0,0.0
2006-01-09 00:00:00-05:00,3.156936431124166,3.257090049586086,3.123271610988179,3.225950002670288,19167200,0.0,0.0
2006-01-10 00:00:00-05:00,3.1981757861750837,3.272238894276514,3.1687190323558125,3.257089614868164,12179200,0.0,0.0
2006-01-11 00:00:00-05:00,3.25540600274438,3.3126365368155244,3.2225826743030335,3.297487258911133,16179200,0.0,0.0
2006-01-12 00:00:00-05:00,3.2781296324567584,3.2932789090341656,3.2133244651099564,3.2436230182647705,9652800,0.0,0.0
2006-01-13 00:00:00-05:00,3.2251071395488458,3.296645139792197,3.2225823671569196,3.226790428161621,8151200,0.0,0.0
2006-01-17 00:00:00-05:00,3.198174953457604,3.230156792887427,3.177975812487596,3.2208988666534424,5452000,0.0,0.0
2006-01-18 00:00:00-05:00,3.176293159215602,3.2436231006846543,3.172926581878528,3.2032251358032227,9820000,0.0,0.0
2006-01-19 00:00:00-05:00,3.198175736079337,3.2680307812630347,3.193967674321718,3.2562477588653564,7996800,0.0,0.0
2006-01-20 00:00:00-05:00,3.2612970709713838,3.273921575151774,3.1964919035507053,3.2082746028900146,6880800,0.0,0.0
2006-01-23 00:00:00-05:00,3.198174769911669,3.2276315143706604,3.1603015834255124,3.2065908908843994,6049600,0.0,0.0
2006-01-24 00:00:00-05:00,3.198174769911669,3.24109750055969,3.1880753605335057,3.2065908908843994,4924800,0.0,0.0
2006-01-25 00:00:00-05:00,3.2107995878968283,3.239414851491864,3.190600446101434,3.2242655754089355,5652800,0.0,0.0
2006-01-26 00:00:00-05:00,3.236048457786955,3.2713965566145324,3.2242657581777623,3.258772373199463,6236000,0.0,0.0
2006-01-27 00:00:00-05:00,3.2596139343155253,3.4590789907057227,3.2537225843712005,3.2941205501556396,14284800,0.0,0.0
2006-01-30 00:00:00-05:00,3.290753681211796,3.3513507850473365,3.2781294986157015,3.328626871109009,6882400,0.0,0.0
2006-01-31 00:00:00-05:00,3.3328360742936933,3.401849323514043,3.307587379393127,3.392591714859009,10189600,0.0,0.0
2006-02-01 00:00:00-05:00,3.392591688095741,3.56007494242344,3.392591688095741,3.5508170127868652,22532800,0.0,0.0
2006-02-02 00:00:00-05:00,3.54324080938243,3.54324080938243,3.454870256379672,3.53987455368042,14772800,0.0,0.0
2006-02-03 00:00:00-05:00,3.555866500044357,3.666961001698658,3.522201363338098,3.582798480987549,13072000,0.0,0.0
2006-02-06 00:00:00-05:00,3.5827991253640192,3.63245503435651,3.5516590769955547,3.6274051666259766,8327200,0.0,0.0
2006-02-07 00:00:00-05:00,3.627404092760707,3.642553370412883,3.517151408914263,3.5255675315856934,8088800,0.0,0.0
2006-02-08 00:00:00-05:00,3.525568064185442,3.526409869212455,3.3749170698050177,3.5137853622436523,6632800,0.0,0.0
2006-02-09 00:00:00-05:00,3.513784492204007,3.563440381702482,3.399323437017389,3.405214786529541,7375200,0.0,0.0
2006-02-10 00:00:00-05:00,3.39764009516563,3.4212058138992387,3.353875555865459,3.406898021697998,6680000,0.0,0.0
2006-02-13 00:00:00-05:00,3.4068985564897494,3.4557129691213473,3.3589259487956693,3.38249135017395,3857600,0.0,0.0
2006-02-14 00:00:00-05:00,3.4043739902390024,3.411106824874878,3.331152687905732,3.411106824874878,5366400,0.0,0.0
2006-02-15 00:00:00-05:00,3.411106794597435,3.499477696449736,3.3892246809068993,3.419523239135742,7472800,0.0,0.0
2006-02-16 00:00:00-05:00,3.4876941277495837,3.528933896890759,3.380807706765805,3.5095765590667725,7809600,0.0,0.0
2006-02-17 00:00:00-05:00,3.5222006101531713,3.5222006101531713,3.4506626112681795,3.463287115097046,5732000,0.0,0.0
2006-02-21 00:00:00-05:00,3.450663366324047,3.4666541297590854,3.3841748975783728,3.409423589706421,4985600,0.0,0.0
2006-02-22 00:00:00-05:00,3.409423681213154,3.5306179203678254,3.384174988407447,3.4540300369262695,4616800,0.0,0.0
2006-02-23 00:00:00-05:00,3.442247362241193,3.4456136192019056,3.3631343841552734,3.3631343841552734,5284800,0.0,0.0
2006-02-24 00:00:00-05:00,3.345460723285665,3.3925918578600327,3.3042209404012692,3.3707094192504883,3040800,0.0,0.0
2006-02-27 00:00:00-05:00,3.3665002950607543,3.4153147034452886,3.3606089452287566,3.3866994380950928,4370400,0.0,0.0
2006-02-28 00:00:00-05:00,3.3867000811513077,3.39090814310825,3.3286277345600395,3.369025707244873,5433600,0.0,0.0
2006-03-01 00:00:00-05:00,3.369866972461954,3.4573960597853937,3.369866972461954,3.448979616165161,5396000,0.0,0.0
2006-03-02 00:00:00-05:00,3.4169985533777965,3.460763107040695,3.3774423830139724,3.391749858856201,5779200,0.0,0.0
2006-03-03 00:00:00-05:00,3.366500342764506,3.473386767173818,3.366500342764506,3.450662851333618,4959200,0.0,0.0
2006-03-06 00:00:00-05:00,3.3866990950699316,3.5011598238229604,3.3866990950699316,3.432988405227661,4565600,0.0,0.0
2006-03-07 00:00:00-05:00,3.432989488211475,3.432989488211475,3.3311529095278276,3.3614511489868164,5328800,0.0,0.0
2006-03-08 00:00:00-05:00,3.349667551371972,3.349667551371972,3.230998435119381,3.2612969875335693,6636800,0.0,0.0
2006-03-09 00:00:00-05:00,3.273922354897556,3.3059038832771144,3.207433883013722,3.2192165851593018,4141600,0.0,0.0
2006-03-10 00:00:00-05:00,3.202384600614825,3.287388946278575,3.1358961165916166,3.2655065059661865,5876800,0.0,0.0
2006-03-13 00:00:00-05:00,3.2655058102962737,3.349668332835119,3.2655058102962737,3.292437791824341,6683200,0.0,0.0
2006-03-14 00:00:00-05:00,3.2924366103235956,3.445612320692367,3.28317868479783,3.403531074523926,10702400,0.0,0.0
2006-03-15 00:00:00-05:00,3.4043731683667926,3.491060440098602,3.3395680052370427,3.3488259315490723,9444000,0.0,0.0
2006-03-16 00:00:00-05:00,3.3572434519685075,3.4439307598210953,3.353035389451753,3.374917507171631,3470400,0.0,0.0
2006-03-17 00:00:00-05:00,3.408581884614592,3.484328277138946,3.377441843712144,3.4590792655944824,8017600,0.0,0.0
2006-03-20 00:00:00-05:00,3.446455309601436,3.5112604894942985,3.410265399777441,3.484328508377075,5472000,0.0,0.0
2006-03-21 00:00:00-05:00,3.7241915702819823,3.869792693712225,3.720824992374401,3.787313461303711,34934400,0.0,0.0
2006-03-22 00:00:00-05:00,3.7031500342139068,3.8403350003766255,3.702308550470094,3.8243439197540283,9578400,0.0,0.0
2006-03-23 00:00:00-05:00,3.783105000058045,3.8798916967740444,3.783105000058045,3.802462339401245,9898400,0.0,0.0
2006-03-24 00:00:00-05:00,3.8033048515802133,3.967421859494644,3.783947507003273,3.939648389816284,8592800,0.0,0.0
2006-03-27 00:00:00-05:00,3.9219727999221923,4.0339090912536175,3.908506811293663,3.9455385208129883,8910400,0.0,0.0
2006-03-28 00:00:00-05:00,3.983412343414099,4.013710581823588,3.894199953998283,3.900932788848877,8101600,0.0,0.0
2006-03-29 00:00:00-05:00,3.9000906886020026,4.021284586252729,3.9000906886020026,3.9556379318237305,5836000,0.0,0.0
2006-03-30 00:00:00-05:00,3.9564794156516307,4.019601297542435,3.942171943195872,3.9556379318237305,7541600,0.0,0.0
2006-03-31 00:00:00-05:00,3.9724721151197353,3.9977208139442477,3.9396487745424067,3.9674222469329834,7366400,0.0,0.0
2006-04-03 00:00:00-04:00,3.9674211212689086,4.065049631130581,3.8908332413003084,3.9101905822753906,7973600,0.0,0.0
2006-04-04 00:00:00-04:00,3.910190653637706,4.043167591094971,3.897566468104187,4.043167591094971,7552800,0.0,0.0
2006-04-05 00:00:00-04:00,4.043166874324991,4.155102840606712,4.037275524576189,4.096189022064209,10348800,0.0,0.0
2006-04-06 00:00:00-04:00,4.087773788043328,4.13742969032548,4.063366578892623,4.123122215270996,4656800,0.0,0.0
2006-04-07 00:00:00-04:00,4.128171337583975,4.162677956234881,4.089456657352133,4.121438503265381,4709600,0.0,0.0
2006-04-10 00:00:00-04:00,4.123122144862798,4.181194170178919,4.0919817801797125,4.095348358154297,8205600,0.0,0.0
2006-04-11 00:00:00-04:00,3.9556382239084407,3.976678852759018,3.934597595057864,3.9539549350738525,15877600,0.0,0.0
2006-04-12 00:00:00-04:00,3.957321324800173,3.9850947866155555,3.9446968196675884,3.9648959636688232,6859200,0.0,0.0
2006-04-13 00:00:00-04:00,3.957321992153798,3.9733127564378155,3.942172711861758,3.9438560009002686,5961600,0.0,0.0
2006-04-17 00:00:00-04:00,3.9388062752267543,3.9396480803035168,3.8714763165412975,3.921973705291748,6667200,0.0,0.0
2006-04-18 00:00:00-04:00,3.938806110836565,3.9514306180245646,3.8664262878750835,3.9371228218078613,7016800,0.0,0.0
2006-04-19 00:00:00-04:00,3.9556383811225406,3.9691043712799257,3.9135571217488967,3.9615297317504883,3589600,0.0,0.0
2006-04-20 00:00:00-04:00,3.956479698910073,4.031384607135644,3.935439070106765,3.9994027614593506,4015200,0.0,0.0
2006-04-21 00:00:00-04:00,4.007818462075265,4.007818462075265,3.90345713400262,3.954796314239502,4872800,0.0,0.0
2006-04-24 00:00:00-04:00,3.9430137490900203,3.9556382549211513,3.892516367874537,3.935439109802246,8646400,0.0,0.0
2006-04-25 00:00:00-04:00,3.955638147103695,3.973312197941927,3.9160816628952144,3.93880558013916,4122400,0.0,0.0
2006-04-26 00:00:00-04:00,3.9522721640686167,4.011185996780065,3.9480641019580616,3.9876205921173096,5029600,0.0,0.0
2006-04-27 00:00:00-04:00,3.96657877688084,4.006134934181951,3.879891182209144,3.9850943088531494,8373600,0.0,0.0
2006-04-28 00:00:00-04:00,3.985094944925042,4.033909357585405,3.9455387813102636,3.972470760345459,6791200,0.0,0.0
2006-05-01 00:00:00-04:00,3.9808867741935487,4.057474647671623,3.9808867741935487,4.0061354637146,8448800,0.0,0.0
2006-05-02 00:00:00-04:00,4.056633156987404,4.076831980148465,4.013710095924765,4.0414838790893555,10076800,0.0,0.0
2006-05-03 00:00:00-04:00,4.041484329878753,4.066733022173586,4.012027254655997,4.037276268005371,9106400,0.0,0.0
2006-05-04 00:00:00-04:00,4.05915761562923,4.05915761562923,3.9135565191425092,3.990985870361328,8647200,0.0,0.0
2006-05-05 00:00:00-04:00,3.9909859676584727,4.082723114046065,3.9909859676584727,4.058316230773926,7203200,0.0,0.0
2006-05-08 00:00:00-04:00,4.039800221408335,4.0625241361802935,3.9825696925873584,3.99519419670105,5166400,0.0,0.0
2006-05-09 00:00:00-04:00,3.9817288407224383,4.037276089740208,3.976678974064631,4.002769470214844,2714400,0.0,0.0
2006-05-10 00:00:00-04:00,3.9817284037997647,3.9968776810563,3.8916745451384136,3.90598201751709,6000800,0.0,0.0
2006-05-11 00:00:00-04:00,3.915240616729666,3.927023318605746,3.7460737653529574,3.7797389030456543,9512000,0.0,0.0
2006-05-12 00:00:00-04:00,3.7797395745099984,3.7797395745099984,3.6821110431230903,3.698943614959717,6625600,0.0,0.0
2006-05-15 00:00:00-04:00,3.640029874222121,3.6669618614799733,3.527252057184384,3.6560206413269043,14463200,0.0,0.0
2006-05-16 00:00:00-04:00,3.7309243704506527,3.872317097491033,3.7233497314079083,3.7283992767333984,15004000,0.0,0.0
2006-05-17 00:00:00-04:00,3.829394434643029,3.829394434643029,3.7368157965130258,3.753648042678833,13900800,0.0,0.0
2006-05-18 00:00:00-04:00,3.9775202227714415,4.0153934178290625,3.8167698357975475,3.8192949295043945,27920800,0.0,0.0
2006-05-19 00:00:00-04:00,3.8378105229727266,3.871475657108519,3.69136792790741,3.7847883701324463,17420000,0.0,0.0
2006-05-22 00:00:00-04:00,3.7250334676657055,3.770481311298606,3.5693329142863615,3.6467626094818115,13483200,0.0,0.0
2006-05-23 00:00:00-04:00,3.6779017753504593,3.7216663193642434,3.6391870975494385,3.6391870975494385,8955200,0.0,0.0
2006-05-24 00:00:00-04:00,3.647604354453093,3.7023101317454237,3.4708631557548837,3.539034605026245,9572000,0.0,0.0
2006-05-25 00:00:00-04:00,3.592897796132552,3.7039922947737947,3.5836401887912226,3.6585447788238525,9716000,0.0,0.0
2006-05-26 00:00:00-04:00,3.671169067499587,3.7098840710700784,3.6534950151842005,3.6678028106689453,2690400,0.0,0.0
2006-05-30 00:00:00-04:00,3.647602688271675,3.6484441719905103,3.545766142406661,3.549974203109741,4466400,0.0,0.0
2006-05-31 00:00:00-04:00,3.6080469811518294,3.6560195897221175,3.5726988784387834,3.613938331604004,8531200,0.0,0.0
2006-06-01 00:00:00-04:00,3.614780430444856,3.706517593442917,3.568491106962432,3.6972596645355225,6748800,0.0,0.0
2006-06-02 00:00:00-04:00,3.703991678854303,3.7368153252691267,3.6316121947272535,3.655177593231201,3640000,0.0,0.0
2006-06-05 00:00:00-04:00,3.638344619116735,3.652652410210298,3.440562884354109,3.4481375217437744,9801600,0.0,0.0
2006-06-06 00:00:00-04:00,3.4590800911465704,3.512102578568088,3.4178406284167417,3.507894515991211,8560800,0.0,0.0
2006-06-07 00:00:00-04:00,3.533984170571498,3.569332273009963,3.464129128531887,3.4717037677764893,9148000,0.0,0.0
2006-06-08 00:00:00-04:00,3.4506630633071125,3.452346352108438,3.2823380358287166,3.4464550018310547,14679200,0.0,0.0
2006-06-09 00:00:00-04:00,3.4548714333051156,3.52472648005291,3.4548714333051156,3.484328508377075,7392000,0.0,0.0
2006-06-12 00:00:00-04:00,3.486012027097822,3.499478340838781,3.277288979931809,3.374917507171631,12683200,0.0,0.0
2006-06-13 00:00:00-04:00,3.366499927732194,3.417839102998822,3.0189087202985982,3.3252601623535156,34932000,0.0,0.0
2006-06-14 00:00:00-04:00,3.387541106243284,3.4826448346492263,3.343776561499439,3.398482322692871,11556800,0.0,0.0
2006-06-15 00:00:00-04:00,3.3841746745176464,3.4775951181829003,3.2747634684713516,3.4717037677764893,12840000,0.0,0.0
2006-06-16 00:00:00-04:00,3.419523754490035,3.430464652456933,3.301696081632253,3.318528652191162,19246400,0.0,0.0
2006-06-19 00:00:00-04:00,3.3185278221357453,3.3210525947189637,3.1855509011416023,3.1914422512054443,9212800,0.0,0.0
2006-06-20 00:00:00-04:00,3.1855511861329435,3.1914425367238475,3.0803480383603294,3.08708119392395,10371200,0.0,0.0
2006-06-21 00:00:00-04:00,3.0879220423888816,3.2444643454289332,3.0635151611296876,3.23352313041687,17034400,0.0,0.0
2006-06-22 00:00:00-04:00,3.1628273961267785,3.2183746419257266,3.039108399143186,3.098022222518921,15736800,0.0,0.0
2006-06-23 00:00:00-04:00,3.1182209072782126,3.207433282770879,3.0820310025725215,3.1704015731811523,9082400,0.0,0.0
2006-06-26 00:00:00-04:00,3.176292681352947,3.2124822585911916,3.050890423376419,3.124953508377075,8500000,0.0,0.0
2006-06-27 00:00:00-04:00,3.130845071541583,3.15609375738981,3.0710897734547395,3.095496654510498,7832800,0.0,0.0
2006-06-28 00:00:00-04:00,3.1047552118916117,3.13252899670735,3.081189809784579,3.125795841217041,8960000,0.0,0.0
2006-06-29 00:00:00-04:00,3.1746103492422932,3.295804262161255,3.142628501826561,3.295804262161255,10038400,0.0,0.0
2006-06-30 00:00:00-04:00,3.3000120739498016,3.534825563430786,3.1906008707211795,3.534825563430786,40900800,0.0,0.0
2006-07-03 00:00:00-04:00,3.406057239014894,3.4085820118417716,3.3328356164901423,3.3471434116363525,9300800,0.0,0.0
2006-07-05 00:00:00-04:00,3.3471436737744082,3.3471436737744082,3.231841103868588,3.2688724994659424,8599200,0.0,0.0
2006-07-06 00:00:00-04:00,3.2688720712396417,3.339568596158389,3.253722792967445,3.3000121116638184,7608000,0.0,0.0
2006-07-07 00:00:00-04:00,3.2882288272022713,3.2932786927479163,3.1939669177314323,3.2049081325531006,8792000,0.0,0.0
2006-07-10 00:00:00-04:00,3.2108006036021237,3.223424790295124,3.09381441883108,3.1148550510406494,9079200,0.0,0.0
2006-07-11 00:00:00-04:00,3.1182210407092197,3.148519596741133,3.071931722795801,3.1409449577331543,6838400,0.0,0.0
2006-07-12 00:00:00-04:00,3.1350529442982884,3.164509689178644,3.0424743280562225,3.1064376831054688,11244000,0.0,0.0
2006-07-13 00:00:00-04:00,3.106437992570056,3.3395681658836933,3.103071415375653,3.31095290184021,27345600,0.0,0.0
2006-07-14 00:00:00-04:00,3.2890707416332203,3.363133512444931,3.214165844954144,3.277287721633911,25800000,0.0,0.0
2006-07-17 00:00:00-04:00,3.273921742211985,3.294962369549968,3.1678768006380325,3.1704015731811523,8840000,0.0,0.0
2006-07-18 00:00:00-04:00,3.2360481451879024,3.337043208024864,3.2150075204741375,3.319368839263916,10285600,0.0,0.0
2006-07-19 00:00:00-04:00,3.3193701181460806,3.478437571953164,3.293279938923876,3.4439306259155273,14404800,0.0,0.0
2006-07-20 00:00:00-04:00,3.4447725254063855,3.450663877073119,3.2057509171766982,3.271397590637207,13608800,0.0,0.0
2006-07-21 00:00:00-04:00,3.261296530091032,3.2663463951365723,3.1552519325700836,3.1872334480285645,7272800,0.0,0.0
2006-07-24 00:00:00-04:00,3.198175185278315,3.302536832588209,3.198175185278315,3.2890708446502686,6758400,0.0,0.0
2006-07-25 00:00:00-04:00,3.289912966971845,3.3909080566356975,3.2789717493191715,3.3892247676849365,11869600,0.0,0.0
2006-07-26 00:00:00-04:00,3.39006603035086,3.4464550828297256,3.3614507621648357,3.438880443572998,9171200,0.0,0.0
2006-07-27 00:00:00-04:00,3.4590792161870323,3.558391008942888,3.4144731862567714,3.4380385875701904,11804800,0.0,0.0
2006-07-28 00:00:00-04:00,3.4464547278069224,3.578589838187173,3.443088150471945,3.5533411502838135,6951200,0.0,0.0
2006-07-31 00:00:00-04:00,3.553341423847488,3.555024712644569,3.499477466558928,3.502002239227295,5831200,0.0,0.0
2006-08-01 00:00:00-04:00,3.492744652448758,3.4935861364022176,3.374075509629428,3.406057357788086,9466400,0.0,0.0
2006-08-02 00:00:00-04:00,3.4548711507510674,3.6433953242078627,3.4498216053636486,3.6114134788513184,14356000,0.0,0.0
2006-08-03 00:00:00-04:00,3.6021556069623624,3.7494400094051947,3.565124215642077,3.737657308578491,11303200,0.0,0.0
2006-08-04 00:00:00-04:00,3.794046255455353,3.858851108198877,3.669485453184776,3.7283992767333984,12148000,0.0,0.0
2006-08-07 00:00:00-04:00,3.7199827282469276,3.7763714516272997,3.6265622977587553,3.762063980102539,6837600,0.0,0.0
2006-08-08 00:00:00-04:00,3.7932044774261446,3.8125618171049593,3.7174580864616407,3.732607364654541,7664800,0.0,0.0
2006-08-09 00:00:00-04:00,3.766272477388837,3.771322343776133,3.685476541519165,3.685476541519165,6882400,0.0,0.0
2006-08-10 00:00:00-04:00,3.6652765581547264,3.774687736402514,3.6652765581547264,3.7502808570861816,5800000,0.0,0.0
2006-08-11 00:00:00-04:00,3.8117197607736104,3.9556375609376317,3.783945981239608,3.909348249435425,14607200,0.0,0.0
2006-08-14 00:00:00-04:00,3.943013569245036,3.953954785729341,3.8512764180793373,3.8807334899902344,5054400,0.0,0.0
2006-08-15 00:00:00-04:00,3.847911126264948,3.9598471286361514,3.827711977003411,3.8975670337677,7867200,0.0,0.0
2006-08-16 00:00:00-04:00,3.9236560884371317,3.9808866203691533,3.888307988684438,3.9556379318237305,15787200,0.0,0.0
2006-08-17 00:00:00-04:00,3.6274046903020056,3.9489055093397996,3.618988566244189,3.804987668991089,39456800,0.0,0.0
2006-08-18 00:00:00-04:00,3.8049859892780264,3.820135262738084,3.709040804733938,3.7393393516540527,11964000,0.0,0.0
2006-08-21 00:00:00-04:00,3.700625505895671,3.7098834329602584,3.613937906062749,3.6248791217803955,12586400,0.0,0.0
2006-08-22 00:00:00-04:00,3.6189872978280455,3.688842323031788,3.6122541440980482,3.6703264713287354,8999200,0.0,0.0
2006-08-23 00:00:00-04:00,3.719983645452949,3.7342911205053873,3.6400291830026736,3.6728525161743164,10399200,0.0,0.0
2006-08-24 00:00:00-04:00,3.6854776355131382,3.6880024089289827,3.5348266146453846,3.5541839599609375,11295200,0.0,0.0
2006-08-25 00:00:00-04:00,3.5348268140224843,3.5508175816491123,3.4742296801874764,3.5230441093444824,13466400,0.0,0.0
2006-08-28 00:00:00-04:00,3.522201363338098,3.6004725332837926,3.5213598793949834,3.582798480987549,6683200,0.0,0.0
2006-08-29 00:00:00-04:00,3.5870067668039556,3.6459205991915318,3.5289347394665977,3.628246545791626,6012000,0.0,0.0
2006-08-30 00:00:00-04:00,3.6282470589092384,3.674536390526369,3.5651251555073507,3.6694865226745605,11145600,0.0,0.0
2006-08-31 00:00:00-04:00,3.68884349323259,3.6947348440880132,3.6476037161900847,3.6762189865112305,3318400,0.0,0.0
2006-09-01 00:00:00-04:00,3.6846353625158574,3.7014679322784074,3.6139388263568,3.6408708095550537,6332800,0.0,0.0
2006-09-05 00:00:00-04:00,3.6425537088427555,3.7334493832009312,3.6324542964878015,3.7183001041412354,6214400,0.0,0.0
2006-09-06 00:00:00-04:00,3.6678024404693543,3.729241035927328,3.643395234847082,3.6745352745056152,11133600,0.0,0.0
2006-09-07 00:00:00-04:00,3.6585445924642603,3.709883777459239,3.570173695772177,3.677060127258301,8399200,0.0,0.0
2006-09-08 00:00:00-04:00,3.7494404523621796,3.8007796443618758,3.711567251620227,3.766273021697998,12696000,0.0,0.0
2006-09-11 00:00:00-04:00,3.767955562490702,3.8580094213415594,3.713249803276484,3.8378102779388428,10446400,0.0,0.0
2006-09-12 00:00:00-04:00,3.837811106668744,4.024652019535613,3.816770474897414,3.9792041778564453,12341600,0.0,0.0
2006-09-13 00:00:00-04:00,3.9792039756074358,4.0398010947663865,3.9034578977132934,4.035593032836914,8590400,0.0,0.0
2006-09-14 00:00:00-04:00,4.01876085744457,4.023810724886975,3.9017749906594186,3.9707882404327393,11056000,0.0,0.0
2006-09-15 00:00:00-04:00,4.010344982147217,4.022969169956406,3.937965149577981,4.010344982147217,14955200,0.0,0.0
2006-09-18 00:00:00-04:00,4.001927210014093,4.097030934396716,3.9867779328184714,4.052424907684326,10916800,0.0,0.0
2006-09-19 00:00:00-04:00,4.044009102791874,4.048217164665256,3.930389826937858,4.037276268005371,9942400,0.0,0.0
2006-09-20 00:00:00-04:00,4.006137200682737,4.126489671338108,4.006137200682737,4.070942401885986,14860000,0.0,0.0
2006-09-21 00:00:00-04:00,4.187084519618321,4.187084519618321,4.085247968154044,4.111338138580322,14238400,0.0,0.0
2006-09-22 00:00:00-04:00,4.111338745301194,4.111338745301194,3.7629059832162173,3.9665794372558594,35704000,0.0,0.0
2006-09-25 00:00:00-04:00,3.99771991237009,4.073466312815765,3.901774685841936,4.0381178855896,13921600,0.0,0.0
2006-09-26 00:00:00-04:00,4.048218480098334,4.102082781165794,4.000245852833506,4.060842990875244,9628000,0.0,0.0
2006-09-27 00:00:00-04:00,4.0591581843885,4.094506608720729,3.9615296768371198,3.9733123779296875,12991200,0.0,0.0
2006-09-28 00:00:00-04:00,3.976677918824157,4.032225153102063,3.892515423187667,3.9253387451171875,18363200,0.0,0.0
2006-09-29 00:00:00-04:00,3.934597231828341,3.9657372697571804,3.8891494006536105,3.89504075050354,5998400,0.0,0.0
2006-10-02 00:00:00-04:00,3.9303893850442275,3.9354389303027486,3.852959706850346,3.8807334899902344,7277600,0.0,0.0
2006-10-03 00:00:00-04:00,3.8756837391221044,4.000244222396493,3.8411771209248378,3.982570171356201,9816000,0.0,0.0
2006-10-04 00:00:00-04:00,3.982570632280955,4.056633743710665,3.9623718061984765,4.0381178855896,5933600,0.0,0.0
2006-10-05 00:00:00-04:00,4.060842091166757,4.102923356360195,4.004453349913746,4.059158802032471,5426400,0.0,0.0
2006-10-06 00:00:00-04:00,4.05915822972351,4.060841518620466,3.959004948263589,4.006977558135986,6384800,0.0,0.0
2006-10-09 00:00:00-04:00,3.9977194133717964,4.051583370941136,3.9522715787772236,4.044008731842041,4200000,0.0,0.0
2006-10-10 00:00:00-04:00,4.0667315276636575,4.0692562996489325,3.964894990901506,4.0389580726623535,13952000,0.0,0.0
2006-10-11 00:00:00-04:00,4.03896031339359,4.178670112715087,4.008661748543573,4.128172397613525,14608800,0.0,0.0
2006-10-12 00:00:00-04:00,4.132378965899118,4.267039169752042,4.115546721340177,4.230849266052246,12948800,0.0,0.0
2006-10-13 00:00:00-04:00,4.288081012645533,4.431157379355738,4.283872950312351,4.352886199951172,24780000,0.0,0.0
2006-10-16 00:00:00-04:00,4.380658443964576,4.392441143626493,4.335210612936192,4.356251239776611,5661600,0.0,0.0
2006-10-17 00:00:00-04:00,4.3562509466518655,4.374766799762971,4.272088444953337,4.304912090301514,5338400,0.0,0.0
2006-10-18 00:00:00-04:00,4.336052904334726,4.370559523382711,4.258623221925514,4.290605068206787,5908800,0.0,0.0
2006-10-19 00:00:00-04:00,4.290604772902641,4.346993822229513,4.232532755883475,4.315011978149414,5388800,0.0,0.0
2006-10-20 00:00:00-04:00,4.306596540095762,4.353727672848618,4.235058517451114,4.313329696655273,6804000,0.0,0.0
2006-10-23 00:00:00-04:00,4.292288416304524,4.400858141534725,4.250207157321147,4.384025573730469,7506400,0.0,0.0
2006-10-24 00:00:00-04:00,4.354567683324926,4.437888374555705,4.240948121117805,4.283871173858643,11533600,0.0,0.0
2006-10-25 00:00:00-04:00,4.2670391469666376,4.313328461365517,4.15510285913139,4.1811933517456055,7942400,0.0,0.0
2006-10-26 00:00:00-04:00,4.219066943461869,4.354568643229598,4.218225138526005,4.339419364929199,7327200,0.0,0.0
2006-10-27 00:00:00-04:00,4.33941947122377,4.38655027504214,4.286396995873581,4.346152305603027,6628800,0.0,0.0
2006-10-30 00:00:00-05:00,4.325954055738537,4.340261531353043,4.246841074160936,4.283030986785889,10313600,0.0,0.0
2006-10-31 00:00:00-05:00,4.2872387519259805,4.313329249306298,4.229166727368614,4.297338485717773,9998400,0.0,0.0
2006-11-01 00:00:00-05:00,4.309121074647976,4.3310031885151075,4.195501480372872,4.215700626373291,6600000,0.0,0.0
2006-11-02 00:00:00-05:00,4.182877684360038,4.272089758107613,4.124805334862926,4.233375072479248,7436800,0.0,0.0
2006-11-03 00:00:00-05:00,4.3756102231303275,4.527944202078899,4.3756102231303275,4.504378795623779,19126400,0.0,0.0
2006-11-06 00:00:00-05:00,4.5237341181706725,4.5523493793882555,4.460612246754338,4.482494354248047,6737600,0.0,0.0
2006-11-07 00:00:00-05:00,4.482495734238498,4.585174112757269,4.408432946801405,4.463980197906494,9868800,0.0,0.0
2006-11-08 00:00:00-05:00,4.452196413320589,4.532992336900843,4.422739345457013,4.483336448669434,6965600,0.0,0.0
2006-11-09 00:00:00-05:00,4.504377946095822,4.504377946095822,4.368034758519821,4.375609397888184,11314400,0.0,0.0
2006-11-10 00:00:00-05:00,4.376450719350196,4.4126406259830295,4.343627390323791,4.400857925415039,10802400,0.0,0.0
2006-11-13 00:00:00-05:00,4.4109573371798145,4.498486428619901,4.4000161204861765,4.400857925415039,10700000,0.0,0.0
2006-11-14 00:00:00-05:00,4.403383237320126,4.475763059449249,4.325112064185567,4.469029903411865,12220800,0.0,0.0
2006-11-15 00:00:00-05:00,4.473237520152724,4.531309536281372,4.42105653296577,4.437889099121094,6547200,0.0,0.0
2006-11-16 00:00:00-05:00,4.456404742995071,4.456404742995071,4.355409671899547,4.399174213409424,9756000,0.0,0.0
2006-11-17 00:00:00-05:00,4.395807932244062,4.39664973714865,4.312487225741975,4.3545684814453125,13632800,0.0,0.0
2006-11-20 00:00:00-05:00,4.483337636364844,4.483337636364844,4.266198173033529,4.305754661560059,22174400,0.0,0.0
2006-11-21 00:00:00-05:00,4.2670386200759065,4.623045940352313,4.186242700804902,4.4606122970581055,40560000,0.0,0.0
2006-11-22 00:00:00-05:00,4.485020119120213,4.728249715369698,4.485020119120213,4.657553195953369,18607200,0.0,0.0
2006-11-24 00:00:00-05:00,4.657552589840139,4.813253080634953,4.656711106135358,4.767805576324463,12698400,0.0,0.0
2006-11-27 00:00:00-05:00,4.767806610161985,4.780430794797784,4.612947569492762,4.629779815673828,13477600,0.0,0.0
2006-11-28 00:00:00-05:00,4.629779045359156,4.695426014549959,4.558241047828757,4.578440189361572,11149600,0.0,0.0
2006-11-29 00:00:00-05:00,4.599481234147029,4.6878518041723884,4.597797945444561,4.64577054977417,9834400,0.0,0.0
2006-11-30 00:00:00-05:00,4.64577098731525,4.731616792899156,4.603689728953798,4.71730899810791,12468000,0.0,0.0
2006-12-01 00:00:00-05:00,4.704684472528621,4.729933161506129,4.590223406705782,4.677752494812012,12235200,0.0,0.0
2006-12-04 00:00:00-05:00,4.662604228404453,4.77959009217969,4.662604228404453,4.735825538635254,6208800,0.0,0.0
2006-12-05 00:00:00-05:00,4.74003327208546,4.831770435044281,4.708893228454902,4.776223182678223,7396000,0.0,0.0
2006-12-06 00:00:00-05:00,4.776223008461897,4.916774262710458,4.769489852757888,4.836820125579834,10467200,0.0,0.0
2006-12-07 00:00:00-05:00,4.836819891789359,4.881425922481485,4.788847283407954,4.814095973968506,8781600,0.0,0.0
2006-12-08 00:00:00-05:00,4.8241958758825865,4.915933040377036,4.80904659579693,4.863752365112305,8603200,0.0,0.0
2006-12-11 00:00:00-05:00,4.862910628446629,4.86375243349353,4.7829564859371265,4.81662130355835,4446400,0.0,0.0
2006-12-12 00:00:00-05:00,4.814095556226345,4.851126944431462,4.728249758926103,4.746765613555908,7372800,0.0,0.0
2006-12-13 00:00:00-05:00,4.757706831122292,4.7972633155847335,4.690376883886391,4.736666202545166,7944000,0.0,0.0
2006-12-14 00:00:00-05:00,4.734983555239787,4.809888472808452,4.729092204124378,4.796422481536865,7160800,0.0,0.0
2006-12-15 00:00:00-05:00,4.796422574262488,4.842711900087532,4.762757434905422,4.763598918914795,7248000,0.0,0.0
2006-12-18 00:00:00-05:00,4.7846394190495625,4.816621268453002,4.647454734423822,4.667653560638428,11616800,0.0,0.0
2006-12-19 00:00:00-05:00,4.655029198315742,4.655870682270101,4.534676766406236,4.6331467628479,17598400,0.0,0.0
2006-12-20 00:00:00-05:00,4.633988432758017,4.7139425693273855,4.621363926428889,4.642404556274414,7730400,0.0,0.0
2006-12-21 00:00:00-05:00,4.6373552341287345,4.708893576637484,4.6373552341287345,4.6701788902282715,7573600,0.0,0.0
2006-12-22 00:00:00-05:00,4.665128871831307,4.685327698410504,4.63819688902267,4.649979591369629,2655200,0.0,0.0
2006-12-26 00:00:00-05:00,4.620522497544315,4.6407213226461135,4.578441237351943,4.630621910095215,3079200,0.0,0.0
2006-12-27 00:00:00-05:00,4.645770310557762,4.721516371941602,4.639878960929725,4.688693046569824,5771200,0.0,0.0
2006-12-28 00:00:00-05:00,4.687010020530337,4.733299657421705,4.657553270739916,4.6954264640808105,4487200,0.0,0.0
2006-12-29 00:00:00-05:00,4.6794359228273406,4.711417769907405,4.630621828809428,4.6381964683532715,5423200,0.0,0.0
2007-01-03 00:00:00-05:00,4.638196072656954,4.64072084527133,4.489228388373198,4.6205220222473145,15924800,0.0,0.0
2007-01-04 00:00:00-05:00,4.6482957173249835,4.721517016305163,4.613789098628161,4.663444995880127,19406400,0.0,0.0
2007-01-05 00:00:00-05:00,4.663445733780806,4.718151506225463,4.6550296092760455,4.6701788902282715,10751200,0.0,0.0
2007-01-08 00:00:00-05:00,4.671019352904153,4.686168630543879,4.554874998017763,4.586856842041016,10454400,0.0,0.0
2007-01-09 00:00:00-05:00,4.5910655265655524,4.767807016001772,4.588540753634384,4.742558002471924,12871200,0.0,0.0
2007-01-10 00:00:00-05:00,4.7333000982408855,4.773698067881997,4.702159735785728,4.766964912414551,6720000,0.0,0.0
2007-01-11 00:00:00-05:00,4.799788531427361,4.888159436453935,4.787164345748238,4.8831095695495605,8252000,0.0,0.0
2007-01-12 00:00:00-05:00,4.88395047603566,4.899941558814816,4.819145303170756,4.8511271476745605,5542400,0.0,0.0
2007-01-16 00:00:00-05:00,4.864594118841792,4.915933312972844,4.835137362072124,4.8553361892700195,4962400,0.0,0.0
2007-01-17 00:00:00-05:00,4.843551448598868,4.901623774731199,4.834293522922442,4.844393253326416,4578400,0.0,0.0
2007-01-18 00:00:00-05:00,4.839345127514228,4.864593820490349,4.773698461565404,4.784639358520508,5757600,0.0,0.0
2007-01-19 00:00:00-05:00,4.773698588323716,4.773698588323716,4.676911554781579,4.715626239776611,6128000,0.0,0.0
2007-01-22 00:00:00-05:00,4.706368066949743,4.718992573646925,4.586857440049139,4.6331467628479,12960800,0.0,0.0
2007-01-23 00:00:00-05:00,4.628938412849724,4.68027759934278,4.616313906938324,4.6222052574157715,6670400,0.0,0.0
2007-01-24 00:00:00-05:00,4.643246659106148,4.740875502814758,4.643246659106148,4.692902565002441,6088800,0.0,0.0
2007-01-25 00:00:00-05:00,4.705526144617376,4.708892722230258,4.464821303223,4.516160488128662,14985600,0.0,0.0
2007-01-26 00:00:00-05:00,4.536359734712926,4.538042702502683,4.301546238336052,4.397491455078125,23704000,0.0,0.0
2007-01-29 00:00:00-05:00,4.397492092660344,4.491754034224963,4.37981803881471,4.467347145080566,9475200,0.0,0.0
2007-01-30 00:00:00-05:00,4.473238292481283,4.509428203594538,4.41853252329486,4.438731670379639,9476800,0.0,0.0
2007-01-31 00:00:00-05:00,4.4387317335470495,4.517002586846241,4.420215875210383,4.4968037605285645,7724000,0.0,0.0
2007-02-01 00:00:00-05:00,4.517843140308146,4.565815740840918,4.502693864239431,4.531309127807617,13054400,0.0,0.0
2007-02-02 00:00:00-05:00,4.55235150664645,4.602848898954556,4.516161591105624,4.536360740661621,8032800,0.0,0.0
2007-02-05 00:00:00-05:00,4.5363586720337,4.548141370128916,4.4538791432583,4.4606122970581055,4761600,0.0,0.0
2007-02-06 00:00:00-05:00,4.4707131984365915,4.4774463544830345,4.400858470254772,4.438731670379639,6634400,0.0,0.0
2007-02-07 00:00:00-05:00,4.448831036448438,4.543934777746286,4.426948600582963,4.520369052886963,7500800,0.0,0.0
2007-02-08 00:00:00-05:00,4.506901899788681,4.521209692019541,4.458087815773048,4.481653213500977,4455200,0.0,0.0
2007-02-09 00:00:00-05:00,4.4723961290738,4.532151439452296,4.4622967168679555,4.505219459533691,9247200,0.0,0.0
2007-02-12 00:00:00-05:00,4.536360017448937,4.5447761411403444,4.443781051570762,4.463980197906494,7309600,0.0,0.0
2007-02-13 00:00:00-05:00,4.481653976768621,4.538042708379541,4.469871275897953,4.512794017791748,6283200,0.0,0.0
2007-02-14 00:00:00-05:00,4.521209824499403,4.55824121073616,4.515318474894793,4.538042068481445,7787200,0.0,0.0
2007-02-15 00:00:00-05:00,4.607896641724524,4.607896641724524,4.51784279696787,4.522050857543945,5329600,0.0,0.0
2007-02-16 00:00:00-05:00,4.522052100660355,4.550667369920246,4.494278636379757,4.522893905639648,8016000,0.0,0.0
2007-02-20 00:00:00-05:00,4.5228934550570425,4.570866060352624,4.50690237258885,4.537200927734375,5933600,0.0,0.0
2007-02-21 00:00:00-05:00,4.529626661502047,4.727408449001606,4.529626661502047,4.65587043762207,12452800,0.0,0.0
2007-02-22 00:00:00-05:00,4.655870588862578,4.6583953617295455,4.445464288494406,4.570866584777832,12582400,0.0,0.0
2007-02-23 00:00:00-05:00,4.561609465657088,4.580966810199404,4.485863055661421,4.5304694175720215,6705600,0.0,0.0
2007-02-26 00:00:00-05:00,4.546458672108865,4.559082855541286,4.490069625403033,4.4925947189331055,5396800,0.0,0.0
2007-02-27 00:00:00-05:00,4.406749039603297,4.472395694139025,4.3587764349726505,4.388233184814453,7116000,0.0,0.0
2007-02-28 00:00:00-05:00,4.397491267180065,4.463137924029235,4.3007042496241565,4.408432483673096,7252000,0.0,0.0
2007-03-01 00:00:00-05:00,4.317537680783036,4.451356114961289,4.267040291719555,4.390758991241455,8226400,0.0,0.0
2007-03-02 00:00:00-05:00,4.384025641356125,4.439572891228845,4.307437761667154,4.316695690155029,5709600,0.0,0.0
2007-03-05 00:00:00-05:00,4.283871992720944,4.375609143718057,4.199709480652198,4.303229331970215,6351200,0.0,0.0
2007-03-06 00:00:00-05:00,4.325952767840168,4.392440900981583,4.313328264011518,4.358776092529297,4760000,0.0,0.0
2007-03-07 00:00:00-05:00,4.363827203059677,4.426107618678493,4.342786569831705,4.359619140625,6049600,0.0,0.0
2007-03-08 00:00:00-05:00,4.405067439534323,4.5531933714643715,4.386551577647586,4.524578094482422,7842400,0.0,0.0
2007-03-09 00:00:00-05:00,4.524577075914384,4.570024915193597,4.513636179130331,4.561608791351318,6910400,0.0,0.0
2007-03-12 00:00:00-04:00,4.533834911912936,4.626413877554552,4.5321516229680485,4.614631175994873,4426400,0.0,0.0
2007-03-13 00:00:00-04:00,4.591906340809193,4.591906340809193,4.5245760806631266,4.538042068481445,4496800,0.0,0.0
2007-03-14 00:00:00-04:00,4.532150532103747,4.532992336900843,4.389916021568439,4.483336448669434,5252800,0.0,0.0
2007-03-15 00:00:00-04:00,4.483337256462748,4.568341256180842,4.474920812247651,4.558241844177246,4846400,0.0,0.0
2007-03-16 00:00:00-04:00,4.569183529071446,4.5952737061739075,4.460613795486696,4.4984869956970215,5856000,0.0,0.0
2007-03-19 00:00:00-04:00,4.516160061204448,4.581806713177345,4.4976442071384595,4.580123424530029,5823200,0.0,2.0
2007-03-20 00:00:00-04:00,4.580123157881672,4.664285659020734,4.57170703618955,4.654186248779297,6427600,0.0,0.0
2007-03-21 00:00:00-04:00,4.64240413253134,4.667652821830447,4.591906753933124,4.650820255279541,4846000,0.0,0.0
2007-03-22 00:00:00-04:00,4.671018813739445,4.69626749987309,4.5447750620167575,4.598639011383057,5526000,0.0,0.0
2007-03-23 00:00:00-04:00,4.61210446714839,4.659235577938954,4.541407961489757,4.6003217697143555,5724400,0.0,0.0
2007-03-26 00:00:00-04:00,4.633987949668243,4.733299737870303,4.570024261815476,4.708050727844238,7596000,0.0,0.0
2007-03-27 00:00:00-04:00,5.160844537092694,5.290454865722357,5.091831311937566,5.245007038116455,36956800,0.0,0.0
2007-03-28 00:00:00-04:00,5.238276480755247,5.55136090226632,5.206294626576432,5.487397193908691,20805600,0.0,0.0
2007-03-29 00:00:00-04:00,5.487397048134918,5.487397048134918,5.351054151813857,5.457098484039307,12156000,0.0,0.0
2007-03-30 00:00:00-04:00,5.4453143466129275,5.539576592546074,5.377984721325553,5.482346057891846,7696800,0.0,0.0
2007-04-02 00:00:00-04:00,5.4958126731038925,5.622056449893945,5.482346362033942,5.542943477630615,7650800,0.0,0.0
2007-04-03 00:00:00-04:00,5.553042625267081,5.633838556838277,5.539576315617389,5.58670711517334,6009600,0.0,0.0
2007-04-04 00:00:00-04:00,5.561458909166158,5.618689442620506,5.524427198663638,5.551359176635742,5212400,0.0,0.0
2007-04-05 00:00:00-04:00,5.53789486106195,5.623740361152501,5.532844672508981,5.608591079711914,4191200,0.0,0.0
2007-04-09 00:00:00-04:00,5.622057462668837,5.630473587549137,5.5075963663910885,5.571559429168701,4532000,0.0,0.0
2007-04-10 00:00:00-04:00,5.590073828169946,5.761765427713891,5.529476717494553,5.733150482177734,7423600,0.0,0.0
2007-04-11 00:00:00-04:00,5.815630605357517,5.8492957452628715,5.645622579893724,5.780282497406006,9722400,0.0,0.0
2007-04-12 00:00:00-04:00,5.7802817716210235,5.788697895013331,5.655720962244083,5.707901954650879,5889600,0.0,0.0
2007-04-13 00:00:00-04:00,5.716318080597839,5.746616638510932,5.596807458890118,5.6877031326293945,5085200,0.0,0.0
2007-04-16 00:00:00-04:00,5.707901263842239,5.773547917309916,5.585024079280618,5.6944355964660645,6413200,0.0,0.0
2007-04-17 00:00:00-04:00,5.711269270785056,5.807214502501127,5.6658214280602115,5.714635848999023,7720400,0.0,0.0
2007-04-18 00:00:00-04:00,5.711268545594386,5.738200525777283,5.6304726050456955,5.6422553062438965,4162400,0.0,0.0
2007-04-19 00:00:00-04:00,5.576607761908712,5.613638827480056,5.490761647215102,5.559774875640869,7272800,0.0,0.0
2007-04-20 00:00:00-04:00,5.680970338151354,5.773548985610519,5.637206108444709,5.7314677238464355,6918400,0.0,0.0
2007-04-23 00:00:00-04:00,5.739882718724995,6.034451493131007,5.739882718724995,5.882959365844727,9291600,0.0,0.0
2007-04-24 00:00:00-04:00,5.891377072698631,5.891377072698631,5.724734981542848,5.748301029205322,7319600,0.0,0.0
2007-04-25 00:00:00-04:00,5.753350437575813,5.807214403866131,5.659088175513193,5.692753314971924,8018000,0.0,0.0
2007-04-26 00:00:00-04:00,5.7095849199520705,5.770182035724283,5.662454115288819,5.728100776672363,7824000,0.0,0.0
2007-04-27 00:00:00-04:00,5.729785686631581,5.73651884371373,5.633840445593165,5.657405853271484,9876800,0.0,0.0
2007-04-30 00:00:00-04:00,5.689385587979997,5.7331504530718185,5.571557944721474,5.583340644836426,6036000,0.0,0.0
2007-05-01 00:00:00-04:00,5.622056113349043,5.652354669333662,5.446997932573249,5.638888359069824,8882000,0.0,0.0
2007-05-02 00:00:00-04:00,5.6405728963461605,5.728102011089941,5.628790192641151,5.689387321472168,7223200,0.0,0.0
2007-05-03 00:00:00-04:00,5.578292969583803,5.697803620587673,5.56314368691365,5.65403938293457,9219600,0.0,0.0
2007-05-04 00:00:00-04:00,5.67255387492491,5.674236842766807,5.563142344038942,5.596807479858398,6704800,0.0,0.0
2007-05-07 00:00:00-04:00,5.6136394039587,5.637205447153737,5.546309778299948,5.606906890869141,11877200,0.0,0.0
2007-05-08 00:00:00-04:00,5.59680778961545,5.667504000850858,5.509278688484161,5.632155895233154,7112000,0.0,0.0
2007-05-09 00:00:00-04:00,5.611956380651165,5.664137369760012,5.568192156511724,5.638888359069824,5039200,0.0,0.0
2007-05-10 00:00:00-04:00,5.640572045938077,5.701169165633091,5.500862590738214,5.541260242462158,5690400,0.0,0.0
2007-05-11 00:00:00-04:00,5.569876543849759,5.586708793860622,5.438583195859329,5.4941301345825195,8081200,0.0,0.0
2007-05-14 00:00:00-04:00,5.5362098988946205,5.601856555069813,5.495812252990966,5.551359176635742,7761600,0.0,0.0
2007-05-15 00:00:00-04:00,5.551359912038233,5.94019099749711,5.551359912038233,5.768499374389648,15605600,0.0,0.0
2007-05-16 00:00:00-04:00,5.787015241676298,5.953656677070975,5.763449838053543,5.933457851409912,10438400,0.0,0.0
2007-05-17 00:00:00-04:00,5.92840708683542,6.228025400634312,5.92840708683542,5.992370128631592,13776000,0.0,0.0
2007-05-18 00:00:00-04:00,6.004153993558167,6.026036429004168,5.861077963423809,5.990688323974609,11480000,0.0,0.0
2007-05-21 00:00:00-04:00,6.02603677779893,6.374469586650227,6.02603677779893,6.244859218597412,19506800,0.0,0.0
2007-05-22 00:00:00-04:00,6.286939765748946,6.345853912939606,6.093366361831471,6.342487335205078,13271200,0.0,0.0
2007-05-23 00:00:00-04:00,6.190994777213713,6.286939998823033,5.995737756135737,6.034452438354492,22241200,0.0,0.0
2007-05-24 00:00:00-04:00,6.037818933295034,6.101782627525842,5.856028226150976,5.926724433898926,12748800,0.0,0.0
2007-05-25 00:00:00-04:00,5.930091717361692,6.039503261925177,5.9014767657088925,6.024353981018066,6572400,0.0,0.0
2007-05-29 00:00:00-04:00,6.096731610440968,6.103464122333246,5.989003714857622,6.063066482543945,8673200,0.0,0.0
2007-05-30 00:00:00-04:00,6.009201397075754,6.150594393787258,5.967120155698625,6.13039493560791,6937600,0.0,0.0
2007-05-31 00:00:00-04:00,6.172477980352317,6.291989228782758,6.162378890420852,6.224658966064453,17145600,0.0,0.0
2007-06-01 00:00:00-04:00,6.251591662699979,6.3626861595031965,6.251591662699979,6.342487335205078,8202000,0.0,0.0
2007-06-04 00:00:00-04:00,6.406450484703012,6.461997407339952,6.3121882424564255,6.440114974975586,8198800,0.0,0.0
2007-06-05 00:00:00-04:00,6.440115453878637,6.453581764676249,6.354269969925502,6.41991662979126,7040800,0.0,0.0
2007-06-06 00:00:00-04:00,6.371102022198221,6.39466806537603,6.244858251807696,6.295356273651123,5462800,0.0,0.0
2007-06-07 00:00:00-04:00,6.377832840380239,6.377832840380239,6.096730456193236,6.13039493560791,6544000,0.0,0.0
2007-06-08 00:00:00-04:00,6.1068316828555105,6.285256439969281,6.096732592336154,6.273473739624023,5400000,0.0,0.0
2007-06-11 00:00:00-04:00,6.244856883208341,6.270105888596577,6.153961876450227,6.2128753662109375,3978800,0.0,0.0
2007-06-12 00:00:00-04:00,6.185944082739482,6.206142904035471,6.0950484237441,6.120297431945801,5590400,0.0,0.0
2007-06-13 00:00:00-04:00,6.167430111333823,6.2869407501313015,6.153964440396363,6.231393814086914,5360800,0.0,0.0
2007-06-14 00:00:00-04:00,6.217927017513234,6.337438289126259,6.2128774715679995,6.271790981292725,7034800,0.0,0.0
2007-06-15 00:00:00-04:00,6.389617937385472,6.711118716620738,6.37278569135371,6.600024223327637,13245600,0.0,0.0
2007-06-18 00:00:00-04:00,6.817165824262272,6.929943321043809,6.71112084276094,6.763301849365234,14488000,0.0,0.0
2007-06-19 00:00:00-04:00,6.7616176668509995,6.8306315610895005,6.669039007961785,6.741418838500977,9126400,0.0,0.0
2007-06-20 00:00:00-04:00,6.771714954616329,6.815479816017722,6.667353630065918,6.667353630065918,6679200,0.0,0.0
2007-06-21 00:00:00-04:00,6.638740444382162,6.758251730550309,6.549528363902814,6.741418838500977,8609600,0.0,0.0
2007-06-22 00:00:00-04:00,6.738049979360826,6.800330695698492,6.623588920605442,6.743100166320801,7596400,0.0,0.0
2007-06-25 00:00:00-04:00,6.7431015504930425,6.820530917277863,6.694287133216447,6.729635238647461,8621600,0.0,0.0
2007-06-26 00:00:00-04:00,6.741415976861938,6.756565252221089,6.62358835096953,6.650520324707031,10896800,0.0,0.0
2007-06-27 00:00:00-04:00,6.615173311347692,6.802014190628241,6.606757188573858,6.796964645385742,8023600,0.0,0.0
2007-06-28 00:00:00-04:00,6.791914206091537,6.817163215585447,6.610123520905931,6.719534397125244,9085600,0.0,0.0
2007-06-29 00:00:00-04:00,6.719533653814409,6.798646608842181,6.5495256873030785,6.581507205963135,7270000,0.0,0.0
2007-07-02 00:00:00-04:00,6.591607760530141,6.766665935516357,6.583191637948091,6.766665935516357,5043600,0.0,0.0
2007-07-03 00:00:00-04:00,6.7733996652920565,6.882810552362528,6.7464676854783505,6.8087477684021,3930800,0.0,0.0
2007-07-05 00:00:00-04:00,6.808746136705306,6.993903373288495,6.717850485826041,6.987170219421387,10054000,0.0,0.0
2007-07-06 00:00:00-04:00,6.985487039072324,7.034301439957514,6.919840396141354,6.993903160095215,6941600,0.0,0.0
2007-07-09 00:00:00-04:00,7.042718244890181,7.2851060212753325,7.007370147896106,7.280056476593018,14075200,0.0,0.0
2007-07-10 00:00:00-04:00,7.406301285742187,7.406301285742187,7.08648347337789,7.091533660888672,8712800,0.0,0.0
2007-07-11 00:00:00-04:00,7.08816784425028,7.152131542012208,6.998955774659843,7.027570724487305,7340800,0.0,0.0
2007-07-12 00:00:00-04:00,7.104998904022385,7.167279623424666,6.987171262198787,7.140347003936768,8340800,0.0,0.0
2007-07-13 00:00:00-04:00,7.145397517356893,7.190845351654086,7.0460857258428105,7.069651126861572,6658000,0.0,0.0
2007-07-16 00:00:00-04:00,7.0359873604228795,7.142032327724736,7.009055376580567,7.081435203552246,4695200,0.0,0.0
2007-07-17 00:00:00-04:00,7.079750869050696,7.133614826339255,6.998954933117856,7.00400447845459,2922400,0.0,0.0
2007-07-18 00:00:00-04:00,6.953506725477691,7.115098588668696,6.844095206922478,7.086483001708984,9935600,0.0,0.0
2007-07-19 00:00:00-04:00,7.142032246517922,7.179063964670971,6.997272594220519,7.014104843139648,5072000,0.0,0.0
2007-07-20 00:00:00-04:00,7.002322332441451,7.105000723146799,6.904694130237602,7.057869911193848,4552800,0.0,0.0
2007-07-23 00:00:00-04:00,7.103315196884414,7.1319301389479275,6.9131077652606745,6.916474342346191,4889200,0.0,0.0
2007-07-24 00:00:00-04:00,6.943407365977705,7.246392286253109,6.906375654550937,7.00400447845459,7830000,0.0,0.0
2007-07-25 00:00:00-04:00,7.052819147750082,7.131931476717986,6.950140774763161,7.071334362030029,6957200,0.0,0.0
2007-07-26 00:00:00-04:00,6.985486922723954,7.163911639138264,6.780130234219643,6.911424160003662,8762400,0.0,0.0
2007-07-27 00:00:00-04:00,6.86766073896101,7.064601347731167,6.780131650853051,6.800331115722656,7153600,0.0,0.0
2007-07-30 00:00:00-04:00,6.807064622158501,6.916476158790876,6.690920571695884,6.854196071624756,8771600,0.0,0.0
2007-07-31 00:00:00-04:00,7.032618805048402,7.1033156440771785,6.766665619638535,6.791913986206055,7746800,0.0,0.0
2007-08-01 00:00:00-04:00,6.771717453117731,6.877762426445652,6.657256354756299,6.749835014343262,11194800,0.0,0.0
2007-08-02 00:00:00-04:00,6.773398042066335,6.993903373288495,6.7666648881992275,6.987170219421387,7012000,0.0,0.0
2007-08-03 00:00:00-04:00,6.667353473560251,6.835678476610562,6.320603736117396,6.657253742218018,25260400,0.0,0.0
2007-08-06 00:00:00-04:00,6.733002469405846,6.926576547244925,6.5899264237746324,6.8339972496032715,10832000,0.0,0.0
2007-08-07 00:00:00-04:00,6.833995011093865,7.3154046327057065,6.80033052346113,7.197576999664307,12259600,0.0,0.0
2007-08-08 00:00:00-04:00,7.229560131598988,7.534228023460635,7.15381374004727,7.413034439086914,8939200,0.0,0.0
2007-08-09 00:00:00-04:00,7.253125459728433,7.253125459728433,6.791914601909659,6.892910003662109,13578000,0.0,0.0
2007-08-10 00:00:00-04:00,6.6488368294376015,6.874392332373763,6.596655853541056,6.7128005027771,11581200,0.0,0.0
2007-08-13 00:00:00-04:00,6.874393945831091,7.035985813354237,6.733000901221088,6.84914493560791,6788400,0.0,0.0
2007-08-14 00:00:00-04:00,6.894592076934847,6.93667332834501,6.690918974215807,6.7447829246521,7792000,0.0,0.0
2007-08-15 00:00:00-04:00,6.714485923136304,6.859245564160331,6.6101245753249,6.655572414398193,8548800,0.0,0.0
2007-08-16 00:00:00-04:00,6.520912165466687,6.584875216713391,6.295356591947067,6.561309814453125,13521200,0.0,0.0
2007-08-17 00:00:00-04:00,6.74478334816889,6.840728556039913,6.522594378140313,6.716168403625488,9318000,0.0,0.0
2007-08-20 00:00:00-04:00,6.859246664107672,7.0662864250141375,6.780133675022164,7.015789031982422,7671200,0.0,0.0
2007-08-21 00:00:00-04:00,7.066283283345435,7.280056106175209,7.019152489751405,7.231241703033447,7677200,0.0,0.0
2007-08-22 00:00:00-04:00,7.365903924638703,7.376003658824263,7.268275729281402,7.30867338180542,10826400,0.0,0.0
2007-08-23 00:00:00-04:00,7.75304794550434,8.224357708532143,7.690767247530193,7.9870195388793945,36215600,0.0,0.0
2007-08-24 00:00:00-04:00,8.146932192241811,8.3859534408118,7.929792736551674,8.320306777954102,16282000,0.0,0.0
2007-08-27 00:00:00-04:00,8.340503047072941,8.389317447816678,8.126730234744835,8.19911003112793,8902800,0.0,0.0
2007-08-28 00:00:00-04:00,8.180597869138976,8.18396444747849,7.8136491775512695,7.8136491775512695,9943600,0.0,0.0
2007-08-29 00:00:00-04:00,7.912958787168503,8.369120072424627,7.912958787168503,8.355653762817383,9858800,0.0,0.0
2007-08-30 00:00:00-04:00,8.256342784999019,8.4717992650415,8.081284595623577,8.219311714172363,11760800,0.0,0.0
2007-08-31 00:00:00-04:00,8.33208950539794,8.503781123774381,8.256343108745236,8.439817428588867,8497600,0.0,0.0
2007-09-04 00:00:00-04:00,8.500413718943287,8.751218287436114,8.47853128601489,8.60645866394043,7339200,0.0,0.0
2007-09-05 00:00:00-04:00,8.500413543688769,8.502096511367482,8.301789967932866,8.360703468322754,7518000,0.0,0.0
2007-09-06 00:00:00-04:00,8.416249330141437,8.49704524665773,8.25129092032373,8.424665451049805,5309200,0.0,0.0
2007-09-07 00:00:00-04:00,8.256343242051999,8.273176131640534,8.034154236355986,8.114950180053711,8721200,0.0,0.0
2007-09-10 00:00:00-04:00,8.157030149094666,8.30010679844839,7.987022164882361,8.215944290161133,6490800,0.0,0.0
2007-09-11 00:00:00-04:00,8.266443565206936,8.497048711084945,8.266443565206936,8.446551322937012,6751200,0.0,0.0
2007-09-12 00:00:00-04:00,8.444865858793396,8.498730455382614,8.35733741434476,8.475164413452148,4645200,0.0,0.0
2007-09-13 00:00:00-04:00,8.497049105735533,8.532397214869937,8.382588011492468,8.384271621704102,6732400,0.0,0.0
2007-09-14 00:00:00-04:00,8.360706314244654,8.752904054112502,8.315259108250563,8.729338645935059,15742800,0.0,0.0
2007-09-17 00:00:00-04:00,8.655271948727286,8.830330118142992,8.596358450418624,8.65190601348877,7458800,0.0,0.0
2007-09-18 00:00:00-04:00,8.744487640530453,8.808451347839819,8.611510679214124,8.788251876831055,10555200,0.0,0.0
2007-09-19 00:00:00-04:00,8.832015732135623,9.074403577179723,8.820233029800022,8.990241050720215,11312800,0.0,0.0
2007-09-20 00:00:00-04:00,8.980140324092263,9.21074608342825,8.938059065512432,9.17203140258789,11533600,0.0,0.0
2007-09-21 00:00:00-04:00,9.276392035459924,9.421151656653931,9.209061770031877,9.305006980895996,14216800,0.0,0.0
2007-09-24 00:00:00-04:00,9.565910026950165,9.565910026950165,9.313422527775312,9.454814910888672,15665200,0.0,0.0
2007-09-25 00:00:00-04:00,9.340354089352385,9.623139485194748,9.19222791659009,9.599574089050293,13652800,0.0,0.0
2007-09-26 00:00:00-04:00,9.601259820645287,9.969891403471323,9.59452666537044,9.894145011901855,15681200,0.0,0.0
2007-09-27 00:00:00-04:00,9.740970017811982,9.754436329407927,9.266293449909252,9.559179306030273,20450800,0.0,0.0
2007-09-28 00:00:00-04:00,9.60462727459483,9.678690063048451,9.446401321744744,9.485116004943848,10254400,0.0,0.0
2007-10-01 00:00:00-04:00,9.54907852785612,9.61135860690248,9.244410003467797,9.45145034790039,10108400,0.0,0.0
2007-10-02 00:00:00-04:00,9.458183090911014,9.735919643917926,9.427884534506296,9.695521354675293,8101200,0.0,0.0
2007-10-03 00:00:00-04:00,9.500263579311572,9.614724640444999,9.453132780765682,9.528879165649414,9836400,0.0,0.0
2007-10-04 00:00:00-04:00,9.574328017646279,9.594526841733082,9.099651477897682,9.195596694946289,8743200,0.0,0.0
2007-10-05 00:00:00-04:00,9.274708700996186,9.555811829077857,9.224211321480569,9.547395706176758,9329600,0.0,0.0
2007-10-08 00:00:00-04:00,9.569275637711344,9.74601739483351,9.476697019571906,9.535611152648926,4688800,0.0,0.0
2007-10-09 00:00:00-04:00,9.629874820504751,9.912660922517528,9.60799302890437,9.882362365722656,11420800,0.0,0.0
2007-10-10 00:00:00-04:00,9.889095720921489,10.006923372826618,9.762851945760788,9.926127433776855,8718800,0.0,0.0
2007-10-11 00:00:00-04:00,9.953056847102408,9.998504671494798,9.426199448156057,9.602940559387207,6229600,0.0,0.0
2007-10-12 00:00:00-04:00,9.582744630278661,9.677006884346579,9.431251836617555,9.661857604980469,8033200,0.0,0.0
2007-10-15 00:00:00-04:00,9.779684808735034,10.01365715948626,9.641658323894218,9.766219139099121,11118400,0.0,0.0
2007-10-16 00:00:00-04:00,9.67700717415417,9.964842848621316,9.67700717415417,9.783051490783691,7624000,0.0,0.0
2007-10-17 00:00:00-04:00,10.011973154215957,10.124751263246331,9.715721370721187,9.848697662353516,12518000,0.0,0.0
2007-10-18 00:00:00-04:00,9.830181496451015,9.953058684893028,9.732552675927527,9.828497886657715,5218800,0.0,0.0
2007-10-19 00:00:00-04:00,9.848694938094907,9.926124921935743,9.544027115420812,9.550760269165039,4996400,0.0,0.0
2007-10-22 00:00:00-04:00,9.40936871776442,9.762850997019818,8.963307165367333,9.55412769317627,10362000,0.0,0.0
2007-10-23 00:00:00-04:00,9.631557382387951,10.121383141128918,9.535612177013563,10.107916831970215,9815200,0.0,0.0
2007-10-24 00:00:00-04:00,10.208915892580716,10.234164268162035,9.587795964798685,9.784736633300781,7404000,0.0,0.0
2007-10-25 00:00:00-04:00,9.831864063075377,9.877311894005619,9.400951795154892,9.528879165649414,8461200,0.0,0.0
2007-10-26 00:00:00-04:00,9.858797057636584,9.922760749488274,9.594526809173683,9.66858959197998,13177200,0.0,0.0
2007-10-29 00:00:00-04:00,9.90424716438321,10.008608528202313,9.756120922695034,9.80830192565918,9931200,0.0,0.0
2007-10-30 00:00:00-04:00,9.779683761830498,9.931176542199177,9.675322425414862,9.678689002990723,4704000,0.0,0.0
2007-10-31 00:00:00-04:00,9.730869119430727,9.973256904170324,9.717402810335157,9.968207359313965,9824000,0.0,0.0
2007-11-01 00:00:00-04:00,9.889095978544058,10.183664794926221,9.737603187561035,9.737603187561035,9021200,0.0,0.0
2007-11-02 00:00:00-04:00,9.922761165772512,10.00692368517328,9.318474250790626,9.515414237976074,8757600,0.0,0.0
2007-11-05 00:00:00-05:00,9.510366722757936,9.641660075579473,9.32520939738863,9.59116268157959,6502400,0.0,0.0
2007-11-06 00:00:00-05:00,9.616408328130959,9.922759805380823,9.616408328130959,9.878994941711426,7791200,0.0,0.0
2007-11-07 00:00:00-05:00,9.648391447197483,9.974941800602386,9.49184910529026,9.496898651123047,7603200,0.0,0.0
2007-11-08 00:00:00-05:00,9.510364773594638,9.628192430184882,8.837064612632187,9.392537117004395,12534800,0.0,0.0
2007-11-09 00:00:00-05:00,9.005387627602277,9.14678065529011,8.722601572226614,8.884193420410156,13440800,0.0,0.0
2007-11-12 00:00:00-05:00,8.614874611651501,8.879144842808063,8.46506544595104,8.752901077270508,11782000,0.0,0.0
2007-11-13 00:00:00-05:00,8.816863034240896,9.26292386631604,8.816863034240896,9.1619291305542,8614000,0.0,0.0
2007-11-14 00:00:00-05:00,9.461550493985195,9.582744730177513,9.032321763616173,9.067669868469238,9347200,0.0,0.0
2007-11-15 00:00:00-05:00,9.197277863535822,9.52046219624733,9.067667536958037,9.414417266845703,12091200,0.0,0.0
2007-11-16 00:00:00-05:00,9.370655785558418,9.370655785558418,8.837065653367477,9.257878303527832,15406800,0.0,0.0
2007-11-19 00:00:00-05:00,9.367291808732917,9.367291808732917,8.63507725903396,8.919547080993652,21253200,0.0,0.0
2007-11-20 00:00:00-05:00,8.303473448659512,8.939741811416754,7.988705202585998,8.586258888244629,46295600,0.0,0.0
2007-11-21 00:00:00-05:00,8.465067663110416,8.465067663110416,8.205846909205718,8.30179214477539,14115200,0.0,0.0
2007-11-23 00:00:00-05:00,8.49031347614678,8.52902815231893,8.308522794898906,8.441499710083008,4015200,0.0,0.0
2007-11-26 00:00:00-05:00,8.584576907609854,8.911127249014575,8.508830512356191,8.665372848510742,15294000,0.0,0.0
2007-11-27 00:00:00-05:00,8.808450811761054,9.062621373115281,8.778152249201058,8.944793701171875,12078000,0.0,0.0
2007-11-28 00:00:00-05:00,9.145097730736893,9.434616299564672,9.11479917879659,9.38748550415039,13355200,0.0,0.0
2007-11-29 00:00:00-05:00,9.52551275998503,9.52551275998503,9.156881203052402,9.40263557434082,9410000,0.0,0.0
2007-11-30 00:00:00-05:00,9.601260539362045,9.69888872971933,9.485115849558335,9.670273780822754,17945600,0.0,0.0
2007-12-03 00:00:00-05:00,9.762851622710006,9.910977827120961,9.594526594732248,9.695521354675293,10230000,0.0,0.0
2007-12-04 00:00:00-05:00,9.592843161706272,9.708987194218432,9.444716964479765,9.629874229431152,8308400,0.0,0.0
2007-12-05 00:00:00-05:00,9.76790306632297,9.847016050321852,9.624827021580757,9.746021270751953,6776800,0.0,0.0
2007-12-06 00:00:00-05:00,9.916027573154027,10.118017739236775,9.604626521937023,10.04058837890625,28446800,0.0,0.0
2007-12-07 00:00:00-05:00,10.198813382736015,10.734087018449088,10.17019779433035,10.230794906616211,14952800,0.0,0.0
2007-12-10 00:00:00-05:00,10.250995358772343,10.442885804740945,10.07425355022424,10.099502563476562,9276800,0.0,0.0
2007-12-11 00:00:00-05:00,10.144950596418358,10.1701989680453,9.690472843933387,9.783051490783691,10792400,0.0,0.0
2007-12-12 00:00:00-05:00,10.013658425810329,10.112970240106842,9.732555232621557,9.867215156555176,10628000,0.0,0.0
2007-12-13 00:00:00-05:00,9.80325082356211,9.931177574193212,9.614726312377528,9.687106132507324,71285200,0.0,0.0
2007-12-14 00:00:00-05:00,9.67869092281598,10.006924917315915,9.577696143943296,9.798201560974121,14204400,0.0,0.0
2007-12-17 00:00:00-05:00,9.762852183797687,9.93117722144937,9.729187047845537,9.788101196289062,14002400,0.0,0.0
2007-12-18 00:00:00-05:00,9.878997100742788,10.296443153918306,9.862164852335283,10.26109504699707,16019200,0.0,0.0
2007-12-19 00:00:00-05:00,10.348622811630586,10.424369203876525,10.136533555450992,10.262777328491211,10536800,0.0,0.0
2007-12-20 00:00:00-05:00,10.318323022454342,10.468132179166824,10.217328272927196,10.452982902526855,9072400,0.0,0.0
2007-12-21 00:00:00-05:00,10.52536621574747,10.564080904037104,10.306543757449504,10.343575477600098,16519200,0.0,0.0
2007-12-24 00:00:00-05:00,10.555664082624403,10.688641030655281,10.41932119853754,10.654975891113281,5382000,0.0,0.0
2007-12-26 00:00:00-05:00,10.718939934398032,10.718939934398032,10.407538828433836,10.584280014038086,6859200,0.0,0.0
2007-12-27 00:00:00-05:00,10.525365047184074,10.60447802522815,10.345257297171944,10.469818115234375,8374000,0.0,0.0
2007-12-28 00:00:00-05:00,10.474864907001432,10.602792269440886,10.42268392467627,10.486647605895996,7000000,0.0,0.0
2007-12-31 00:00:00-05:00,10.422685877387693,10.527047861590448,10.39743750735855,10.454668045043945,8378400,0.0,0.0
2008-01-02 00:00:00-05:00,10.461403288598087,10.48496869550576,9.971577363801273,10.150001525878906,9398800,0.0,0.0
2008-01-03 00:00:00-05:00,10.149998719743985,10.336839597298408,10.057420085869083,10.118017196655273,9843200,0.0,0.0
2008-01-04 00:00:00-05:00,9.922763934395542,9.922763934395542,9.549082038517504,9.601263046264648,16070400,0.0,0.0
2008-01-07 00:00:00-05:00,9.518779594174394,9.746018752658259,9.400951953713387,9.5137300491333,13208800,0.0,0.0
2008-01-08 00:00:00-05:00,9.602941143496237,9.946324298386124,9.402634624198262,9.443032264709473,12886400,0.0,0.0
2008-01-09 00:00:00-05:00,9.419468962005428,9.527196883469399,8.91954403632988,9.276392936706543,26118800,0.0,0.0
2008-01-10 00:00:00-05:00,9.111433050898626,9.266291753242752,8.458331826587527,8.798348426818848,40060000,0.0,0.0
2008-01-11 00:00:00-05:00,8.752903931033902,9.005391544429111,8.685573643951498,8.773102760314941,19846000,0.0,0.0
2008-01-14 00:00:00-05:00,8.810132971544071,9.086185945444177,8.800033237580983,9.040738105773926,13277600,0.0,0.0
2008-01-15 00:00:00-05:00,8.996973121927514,8.996973121927514,8.46674901233286,8.552595138549805,15774400,0.0,0.0
2008-01-16 00:00:00-05:00,8.32872088643639,8.727650954897108,8.32872088643639,8.63675594329834,19882400,0.0,0.0
2008-01-17 00:00:00-05:00,8.646857494103482,9.030639038319494,8.31020739973346,8.369121551513672,18054400,0.0,0.0
2008-01-18 00:00:00-05:00,8.428035943378555,8.749536791470248,8.256344300225152,8.30179214477539,15501200,0.0,0.0
2008-01-22 00:00:00-05:00,7.842262034157566,8.596357981958754,7.5342269657927545,8.495363235473633,24653200,0.0,0.0
2008-01-23 00:00:00-05:00,8.263076242310799,8.773100908222698,8.037520662943825,8.76131820678711,23099200,0.0,0.0
2008-01-24 00:00:00-05:00,8.828647141416218,8.9178591936513,8.586258709518678,8.823596954345703,14777600,0.0,0.0
2008-01-25 00:00:00-05:00,8.926276717751698,9.008756270360418,8.308524125563494,8.348921775817871,14676800,0.0,0.0
2008-01-28 00:00:00-05:00,8.343873489830262,8.522298291368239,8.081286155094798,8.508831977844238,10268000,0.0,0.0
2008-01-29 00:00:00-05:00,8.547544344000679,8.547544344000679,8.263075290232512,8.360703468322754,9950400,0.0,0.0
2008-01-30 00:00:00-05:00,8.335454411522111,8.428033036815144,8.130097697807098,8.261391639709473,9477600,0.0,0.0
2008-01-31 00:00:00-05:00,8.146931663690756,8.81013204705584,8.11494949721823,8.678838729858398,12497200,0.0,0.0
2008-02-01 00:00:00-05:00,8.727653102228984,8.914494000117267,8.635074458278766,8.840431213378906,8606400,0.0,0.0
2008-02-04 00:00:00-05:00,9.12153264148093,9.25619317174152,8.744484954656471,8.752901077270508,9960000,0.0,0.0
2008-02-05 00:00:00-05:00,8.58457611109239,8.742801400412109,8.308523178100586,8.308523178100586,8459200,0.0,0.0
2008-02-06 00:00:00-05:00,8.380903421880582,8.561011153129225,8.254659649017944,8.29505729675293,10170800,0.0,0.0
2008-02-07 00:00:00-05:00,8.210895048613276,8.372487571136958,7.946624793526108,8.276541709899902,11981600,0.0,0.0
2008-02-08 00:00:00-05:00,8.247926460778816,8.557644541316913,8.151981245154806,8.456649780273438,7503600,0.0,0.0
2008-02-11 00:00:00-05:00,8.308523574248513,8.50883012856532,8.205845203325863,8.456649780273438,10498800,0.0,0.0
2008-02-12 00:00:00-05:00,8.490313659389251,8.507146546420202,8.19574487849195,8.264758110046387,13856400,0.0,0.0
2008-02-13 00:00:00-05:00,8.31189013456073,8.337138503714419,7.785032612558158,7.965140342712402,18358000,0.0,0.0
2008-02-14 00:00:00-05:00,7.96514104950326,7.988706452981404,7.5544281723335445,7.702553749084473,21073600,0.0,0.0
2008-02-15 00:00:00-05:00,7.6133421519009765,8.032471820900264,7.450066643262549,8.017322540283203,28404800,0.0,0.0
2008-02-19 00:00:00-05:00,8.07960245742697,8.101484893873053,7.80354947620234,7.887712001800537,13709200,0.0,0.0
2008-02-20 00:00:00-05:00,7.840583731068314,7.840583731068314,7.5140326150874275,7.699190616607666,15053600,0.0,0.0
2008-02-21 00:00:00-05:00,7.741268157958984,7.907909572604438,7.665521768525137,7.741268157958984,9418800,0.0,0.0
2008-02-22 00:00:00-05:00,7.788398742675782,7.833846575071807,7.581359045388772,7.788398742675781,9797200,0.0,0.0
2008-02-25 00:00:00-05:00,7.801865052730319,7.803548662647862,7.574626514149453,7.753051280975342,10012800,0.0,0.0
2008-02-26 00:00:00-05:00,7.682353938331406,7.978606338058837,7.635223137419362,7.9297919273376465,9491200,0.0,0.0
2008-02-27 00:00:00-05:00,7.897810857754968,8.054353202055273,7.828797614512507,7.980290412902832,6761200,0.0,0.0
2008-02-28 00:00:00-05:00,7.907909596531258,7.91127617408395,7.571259546570239,7.584725856781006,11685200,0.0,0.0
2008-02-29 00:00:00-05:00,7.556109666728238,7.556109666728238,7.115098316200189,7.130247592926025,16601600,0.0,0.0
2008-03-03 00:00:00-05:00,7.120148064840721,7.209360760161095,6.864293962876082,7.194211483001709,12508800,0.0,0.0
2008-03-04 00:00:00-05:00,7.113417418175341,7.347389812823404,7.069653181011416,7.338973045349121,11981200,0.0,0.0
2008-03-05 00:00:00-05:00,7.389472143502932,7.628493477182406,7.3103591410637225,7.613344192504883,14798000,0.0,0.0
2008-03-06 00:00:00-05:00,7.5914567063161185,7.658786958398334,7.283422311995832,7.298571586608887,9648000,0.0,0.0
2008-03-07 00:00:00-05:00,7.222827709251559,7.4197683472702884,7.05450266299344,7.184113025665283,7842400,0.0,0.0
2008-03-10 00:00:00-04:00,7.17569754755712,7.382737296034232,7.140348796658763,7.293525218963623,12572800,0.0,0.0
2008-03-11 00:00:00-04:00,7.631856721576965,7.892760384038124,7.529178352750098,7.8893938064575195,13702000,0.0,0.0
2008-03-12 00:00:00-04:00,7.886026545734904,8.071184443974376,7.766515941466865,7.785031795501709,8811600,0.0,0.0
2008-03-13 00:00:00-04:00,7.687403332264139,7.988705271271827,7.490463367663724,7.9398908615112305,9716400,0.0,0.0
2008-03-14 00:00:00-04:00,8.13010098905505,8.290009938628092,7.80355057491612,8.25634479522705,20089200,0.0,0.0
2008-03-17 00:00:00-04:00,7.761466700030724,8.185645823390006,7.576308794552306,7.911275863647461,16108400,0.0,0.0
2008-03-18 00:00:00-04:00,8.24624167618181,8.332087139944234,7.522443693772272,8.172178268432617,35311200,0.0,0.0
2008-03-19 00:00:00-04:00,8.219311562401662,8.414568572450655,7.901176714809353,7.907909870147705,15634000,0.0,0.0
2008-03-20 00:00:00-04:00,7.909594627904531,8.44823429096132,7.909594627904531,8.446551322937012,17160800,0.0,0.0
2008-03-24 00:00:00-04:00,8.49873108301027,9.21579543130136,8.49873108301027,9.087868690490723,21702800,0.0,0.0
2008-03-25 00:00:00-04:00,9.129951665502817,9.131634633598493,8.879147040042774,9.06430435180664,13272800,0.0,0.0
2008-03-26 00:00:00-04:00,9.007071128526283,9.062618690815354,8.79161531818823,8.917859077453613,9238000,0.0,0.0
2008-03-27 00:00:00-04:00,8.954892025552706,9.170347865723063,8.954892025552706,9.08955192565918,10036800,0.0,0.0
2008-03-28 00:00:00-04:00,9.057570862974302,9.057570862974302,8.658640045751437,8.734386444091797,11335200,0.0,0.0
2008-03-31 00:00:00-04:00,8.667056186950592,8.835381219081542,8.56774439230897,8.704087257385254,13848000,0.0,0.0
2008-04-01 00:00:00-04:00,8.875777846093278,9.400951706132401,8.875777846093278,9.37065315246582,17945200,0.0,0.0
2008-04-02 00:00:00-04:00,9.397585770932974,9.565910783698882,9.209061294316701,9.37065315246582,13132000,0.0,0.0
2008-04-03 00:00:00-04:00,9.331938722593785,9.560860848727762,9.197278837252911,9.493531227111816,8529200,0.0,0.0
2008-04-04 00:00:00-04:00,9.4262024410277,9.581061172917938,9.325207671717465,9.496898651123047,6052000,0.0,0.0
2008-04-07 00:00:00-04:00,9.607991864707412,9.607991864707412,9.350454163156758,9.436300277709961,6571600,0.0,0.0
2008-04-08 00:00:00-04:00,9.301642253794313,9.400954061896886,9.146783511456267,9.316791534423828,7986800,0.0,0.0
2008-04-09 00:00:00-04:00,9.249460580369304,9.365604620581184,8.911126908533204,9.037370681762695,13598000,0.0,0.0
2008-04-10 00:00:00-04:00,9.020538082215285,9.352138585719016,9.020538082215285,9.289857864379883,12056400,0.0,0.0
2008-04-11 00:00:00-04:00,9.143414915365637,9.331938755507789,9.113116360793455,9.18044662475586,6223200,0.0,0.0
2008-04-14 00:00:00-04:00,9.158563926510235,9.38411946948812,9.032320166831022,9.239359855651855,6964000,0.0,0.0
2008-04-15 00:00:00-04:00,9.340356817394873,9.414419604353132,9.215796004396498,9.40095329284668,8661200,0.0,0.0
2008-04-16 00:00:00-04:00,9.466601036486159,9.586111667147227,9.402637338087784,9.537297248840332,9032000,0.0,0.0
2008-04-17 00:00:00-04:00,9.576014026555878,9.818402561010496,9.496901030770358,9.601263046264648,8637600,0.0,0.0
2008-04-18 00:00:00-04:00,9.78305079814322,9.953059442096501,9.434618029065922,9.533929824829102,18530400,0.0,0.0
2008-04-21 00:00:00-04:00,9.140047959966605,9.392535476220429,9.064301576668667,9.35382080078125,12316000,0.0,0.0
2008-04-22 00:00:00-04:00,9.299958139173235,9.330256696696733,9.131633104980056,9.232627868652344,7740400,0.0,0.0
2008-04-23 00:00:00-04:00,9.092919655411928,9.372339224323557,9.092919655411928,9.29322624206543,9008400,0.0,0.0
2008-04-24 00:00:00-04:00,9.286491577462614,9.554128400287146,9.274708876755984,9.421152114868164,7333600,0.0,0.0
2008-04-25 00:00:00-04:00,9.486800523046755,9.501949804192934,9.342040868118623,9.456501960754395,8757200,0.0,0.0
2008-04-28 00:00:00-04:00,9.459865581444435,9.459865581444435,9.23431004495847,9.278074264526367,10067200,0.0,0.0
2008-04-29 00:00:00-04:00,9.325207046878926,9.476699190693498,9.16193156006226,9.195596694946289,8226800,0.0,0.0
2008-04-30 00:00:00-04:00,9.24272880711255,9.426203143992483,9.118167983038918,9.26461124420166,10017200,0.0,0.0
2008-05-01 00:00:00-04:00,9.299958501890774,9.628192459791087,9.215795981511672,9.491848945617676,10534000,0.0,0.0
2008-05-02 00:00:00-04:00,9.528880091156989,9.557495038165131,8.978457163686453,9.087868690490723,13057600,0.0,0.0
2008-05-05 00:00:00-04:00,9.119849494849586,9.12826561729848,8.84716314642971,8.879144668579102,10268000,0.0,0.0
2008-05-06 00:00:00-04:00,8.811817110531198,9.15015085900295,8.769735843256246,9.072721481323242,9750000,0.0,0.0
2008-05-07 00:00:00-04:00,9.03905340946351,9.03905340946351,8.752900756316,8.783199310302734,11799200,0.0,0.0
2008-05-08 00:00:00-04:00,8.833698225526208,8.916177779553136,8.554278678377461,8.594676971435547,11374400,0.0,0.0
2008-05-09 00:00:00-04:00,8.540811167810986,8.72428545177202,8.42635011127884,8.623290061950684,8953200,0.0,0.0
2008-05-12 00:00:00-04:00,8.705772061892814,9.161932807455852,8.623292502302835,9.106385231018066,14618800,0.0,0.0
2008-05-13 00:00:00-04:00,9.160248430666858,9.247777529113133,9.059253662826041,9.190546989440918,8144800,0.0,0.0
2008-05-14 00:00:00-04:00,9.284810127725171,9.40432076420855,9.190547864551572,9.252828598022461,7578000,0.0,0.0
2008-05-15 00:00:00-04:00,9.27639334504778,9.426202532559937,9.166981808808357,9.333623886108398,11836400,0.0,0.0
2008-05-16 00:00:00-04:00,9.279759781805796,9.342039867800592,8.800033024950588,9.067669868469238,10736800,0.0,0.0
2008-05-19 00:00:00-04:00,9.028953567472639,9.087867707111126,8.722602096101193,8.786565780639648,8378800,0.0,0.0
2008-05-20 00:00:00-04:00,8.693989810652786,8.719238184982089,8.505465276693023,8.682207107543945,11591600,0.0,0.0
2008-05-21 00:00:00-04:00,8.722601357938323,8.902709054696945,8.557642936706543,8.557642936706543,13868000,0.0,0.0
2008-05-22 00:00:00-04:00,7.867511054265032,8.30852238970669,7.42481610918423,8.222676277160645,69192800,0.0,0.0
2008-05-23 00:00:00-04:00,8.266441240072023,8.416250394354094,8.040885703818976,8.310205459594727,21610000,0.0,0.0
2008-05-27 00:00:00-04:00,8.27822451555403,8.367436570469925,8.125048773397628,8.332088470458984,15632800,0.0,0.0
2008-05-28 00:00:00-04:00,8.39605366504628,8.48863231402804,8.288325735895933,8.465066909790039,12170000,0.0,0.0
2008-05-29 00:00:00-04:00,8.4263523924812,8.52903013553875,8.246244636965901,8.279909133911133,16644800,0.0,0.0
2008-05-30 00:00:00-04:00,8.286641690445412,8.377537366681373,8.126732773091573,8.348921775817871,11706400,0.0,0.0
2008-06-02 00:00:00-04:00,8.318623658857074,8.39268709177191,8.086335552285389,8.274859428405762,12183200,0.0,0.0
2008-06-03 00:00:00-04:00,8.288324860883025,8.330406118896606,8.069501805525167,8.151981353759766,14062400,0.0,0.0
2008-06-04 00:00:00-04:00,8.140199658983027,8.148615783204137,7.830481536038699,7.975241184234619,15030000,0.0,0.0
2008-06-05 00:00:00-04:00,8.047620199414498,8.10316712737774,7.901176955828837,8.005538940429688,16022000,0.0,0.0
2008-06-06 00:00:00-04:00,7.865829169467907,7.966824580368121,7.574626922607422,7.574626922607422,18682000,0.0,0.0
2008-06-09 00:00:00-04:00,7.658788354020206,7.822063827701668,7.56115953492148,7.714335918426514,14682800,0.0,0.0
2008-06-10 00:00:00-04:00,7.685722306628153,7.729486540228055,7.463533276116628,7.51234769821167,16049600,0.0,0.0
2008-06-11 00:00:00-04:00,7.507295928521792,7.520762238860337,7.155496597290039,7.155496597290039,19711600,0.0,0.0
2008-06-12 00:00:00-04:00,7.253125303987513,7.544327518219289,7.1622296369947485,7.2245097160339355,18547600,0.0,0.0
2008-06-13 00:00:00-04:00,7.327190378191754,7.535913755682975,7.325507409953974,7.4921488761901855,18588400,0.0,0.0
2008-06-16 00:00:00-04:00,7.673939211777222,8.168814637716272,7.652056775040143,8.069502830505371,26889200,0.0,0.0
2008-06-17 00:00:00-04:00,8.108217407917984,8.12505029830309,7.766517759464217,7.887712001800537,14980000,0.0,0.0
2008-06-18 00:00:00-04:00,7.815331871143626,7.998806195418441,7.709286913268693,7.852363586425781,14089200,0.0,0.0
2008-06-19 00:00:00-04:00,7.832164530846657,8.079602564870743,7.778300565116249,8.069502830505371,15765600,0.0,0.0
2008-06-20 00:00:00-04:00,7.9937562137021745,7.9937562137021745,7.645322799682617,7.645322799682617,17922400,0.0,0.0
2008-06-23 00:00:00-04:00,7.648692571214397,7.731172155528658,7.512349646558668,7.699190616607666,14428000,0.0,0.0
2008-06-24 00:00:00-04:00,7.657107518285895,7.845631412007063,7.566211828736537,7.641958236694336,10932000,0.0,0.0
2008-06-25 00:00:00-04:00,7.7311685852641965,7.906226768441804,7.650372648899691,7.7463178634643555,10594400,0.0,0.0
2008-06-26 00:00:00-04:00,7.643638739256321,7.643638739256321,7.312038261442032,7.327187538146973,10815600,0.0,0.0
2008-06-27 00:00:00-04:00,7.327187110047177,7.401250521659183,7.1891606601816145,7.209360122680664,15141600,0.0,0.0
2008-06-30 00:00:00-04:00,7.155496371208395,7.2649078918705925,6.778448683168417,6.800331115722656,20155600,0.0,0.0
2008-07-01 00:00:00-04:00,6.741417176594275,6.877760679090925,6.606757283942099,6.8592448234558105,20770800,0.0,0.0
2008-07-02 00:00:00-04:00,6.90132759442131,7.138665907959725,6.785183531918395,6.802015781402588,15804800,0.0,0.0
2008-07-03 00:00:00-04:00,6.807063668661573,6.899642944586693,6.450214801280478,6.527644157409668,8804800,0.0,0.0
2008-07-07 00:00:00-04:00,6.5680445831622425,6.711120641802739,6.522596735308279,6.625275135040283,14674400,0.0,0.0
2008-07-08 00:00:00-04:00,6.566359200621294,6.87102773899665,6.41486705743672,6.852511882781982,15121600,0.0,0.0
2008-07-09 00:00:00-04:00,6.884493814383876,6.978755417913875,6.613490420017098,6.6286396980285645,13638800,0.0,0.0
2008-07-10 00:00:00-04:00,6.616856746735003,6.7767650015493865,6.482196217467535,6.551209449768066,10499200,0.0,0.0
2008-07-11 00:00:00-04:00,6.478832922124824,6.818849034958665,6.3323896331901794,6.611809253692627,16315600,0.0,0.0
2008-07-14 00:00:00-04:00,6.741417820562222,6.901326739284533,6.692603404153787,6.778449535369873,13985200,0.0,0.0
2008-07-15 00:00:00-04:00,6.749833237772775,7.177378954879577,6.502395887945904,6.936674118041992,19512800,0.0,0.0
2008-07-16 00:00:00-04:00,6.960239890841828,7.217777629192032,6.82053044668342,7.195895195007324,10628400,0.0,0.0
2008-07-17 00:00:00-04:00,7.195896375135359,7.534229466034748,7.051136719588154,7.293525218963623,10802800,0.0,0.0
2008-07-18 00:00:00-04:00,7.549378949123514,7.650374373933727,7.2632268507674995,7.616709232330322,17629200,0.0,0.0
2008-07-21 00:00:00-04:00,7.621756479926198,7.707602597227068,7.2093607065278515,7.246391773223877,10062000,0.0,0.0
2008-07-22 00:00:00-04:00,7.180747925035431,7.396203823098251,7.015789422817432,7.312041282653809,12102800,0.0,0.0
2008-07-23 00:00:00-04:00,7.30530880746657,7.66552437980589,7.209363562202704,7.445018291473389,16638000,0.0,0.0
2008-07-24 00:00:00-04:00,7.362536339527551,7.483729912062173,7.133614219471428,7.163912773132324,8073200,0.0,0.0
2008-07-25 00:00:00-04:00,7.221143481136951,7.291839680015624,6.9585562236397775,6.992221355438232,11425600,0.0,0.0
2008-07-28 00:00:00-04:00,6.978756846868818,6.993906127982218,6.647156914667515,6.830631256103516,15166400,0.0,0.0
2008-07-29 00:00:00-04:00,6.83062970269761,7.069650925785662,6.7060689038581875,6.985488414764404,10380800,0.0,0.0
2008-07-30 00:00:00-04:00,7.0225198115957586,7.1201479861255095,6.670720505547242,6.90469217300415,13275600,0.0,0.0
2008-07-31 00:00:00-04:00,6.818847179412843,7.064602229114918,6.796965386237616,6.818847179412842,7168800,0.0,0.0
2008-08-01 00:00:00-04:00,6.882808886050835,6.882808886050835,6.576457449045992,6.704384803771973,7149600,0.0,0.0
2008-08-04 00:00:00-04:00,6.690921273327168,6.73468550730392,6.534378912922102,6.637057304382324,7437200,0.0,0.0
2008-08-05 00:00:00-04:00,6.695969189983655,7.248075700451463,6.695969189983655,7.22114372253418,9434800,0.0,0.0
2008-08-06 00:00:00-04:00,7.170646817217487,7.322139617879321,7.015788080637926,7.2009453773498535,8805600,0.0,0.0
2008-08-07 00:00:00-04:00,7.13866410977737,7.13866410977737,6.948456656394024,6.97202205657959,8546400,0.0,0.0
2008-08-08 00:00:00-04:00,6.938357162052192,7.480363261084742,6.933306975085801,7.443332195281982,11020000,0.0,0.0
2008-08-11 00:00:00-04:00,7.359170332970118,8.02742024871833,7.317089076522866,7.7042365074157715,20922800,0.0,0.0
2008-08-12 00:00:00-04:00,7.673939677492498,7.673939677492498,7.525813441689844,7.599876880645752,12188400,0.0,0.0
2008-08-13 00:00:00-04:00,7.572942911995126,7.57462587966265,7.305306105229353,7.441648960113525,10420800,0.0,0.0
2008-08-14 00:00:00-04:00,7.460162853289277,7.574623887852193,7.295204454562444,7.4786787033081055,9440000,0.0,0.0
2008-08-15 00:00:00-04:00,7.532543711876201,7.596507391342964,7.243024507866665,7.273323059082031,13044000,0.0,0.0
2008-08-18 00:00:00-04:00,7.318772553608064,7.4668987664018625,7.148764548257307,7.436600208282471,14777600,0.0,0.0
2008-08-19 00:00:00-04:00,7.397885160776571,7.577992890627862,7.28174047969426,7.413034439086914,12618400,0.0,0.0
2008-08-20 00:00:00-04:00,7.488781225884555,7.488781225884555,7.197578344982168,7.32550573348999,11106400,0.0,0.0
2008-08-21 00:00:00-04:00,6.9972724422509955,7.382736969953268,6.716169910329987,7.31877326965332,45804800,0.0,0.0
2008-08-22 00:00:00-04:00,7.404617839365518,7.532544570777017,7.28847316576021,7.43323278427124,10726000,0.0,0.0
2008-08-25 00:00:00-04:00,7.3507548661874536,7.431551457891344,7.204312247678769,7.281741619110107,8637600,0.0,0.0
2008-08-26 00:00:00-04:00,7.256493091583253,7.276691918024699,7.086484429549486,7.256493091583252,12825600,0.0,0.0
2008-08-27 00:00:00-04:00,7.254810333251953,7.347389636372081,7.209363128950134,7.254810333251953,7100800,0.0,0.0
2008-08-28 00:00:00-04:00,7.281741467226638,7.455116707426424,7.281741467226638,7.421451568603516,6842800,0.0,0.0
2008-08-29 00:00:00-04:00,7.406301398307882,7.532545172142675,7.345704284129734,7.384418964385986,6734800,0.0,0.0
2008-09-02 00:00:00-04:00,7.46353167787779,7.781665874252788,7.46353167787779,7.638589859008789,15146000,0.0,0.0
2008-09-03 00:00:00-04:00,7.6520538100419735,7.65878696367661,7.345702382863619,7.389467239379883,9074000,0.0,0.0
2008-09-04 00:00:00-04:00,7.32213950785456,7.500564287940865,7.276691668338923,7.394519329071045,11927600,0.0,0.0
2008-09-05 00:00:00-04:00,7.323820427623029,7.423132202767028,7.133613640976368,7.344019889831543,10644000,0.0,0.0
2008-09-08 00:00:00-04:00,7.4517495920963315,7.803548951108916,7.271641850804198,7.453432559967041,14582800,0.0,0.0
2008-09-09 00:00:00-04:00,7.497197025160902,7.606607909904137,7.248076056655813,7.330554962158203,11334000,0.0,0.0
2008-09-10 00:00:00-04:00,7.330553908984014,7.448381542025414,7.133613959474957,7.197576999664307,9796800,0.0,0.0
2008-09-11 00:00:00-04:00,7.078067960729354,7.221144633171463,6.9905388609328964,7.187479496002197,9519200,0.0,0.0
2008-09-12 00:00:00-04:00,7.08311735193944,7.08311735193944,6.802014226621074,6.936674118041992,13232000,0.0,0.0
2008-09-15 00:00:00-04:00,6.616858615407565,7.012422266042487,6.438433813215366,6.547845363616943,16810000,0.0,0.0
2008-09-16 00:00:00-04:00,6.399717793275407,6.839046229504181,6.335754101329051,6.746467590332031,14190400,0.0,0.0
2008-09-17 00:00:00-04:00,6.653887840409845,6.729634227891803,6.303772132428449,6.3290205001831055,19856800,0.0,0.0
2008-09-18 00:00:00-04:00,6.431698421665937,6.5613087552839024,5.894741875627751,6.478829860687256,25745600,0.0,0.0
2008-09-19 00:00:00-04:00,6.835680648004408,7.004005704524156,6.228027091230659,6.345854759216309,23282800,0.0,0.0
2008-09-22 00:00:00-04:00,6.384570584445362,6.384570584445362,6.0731694311600934,6.1068339347839355,12012400,0.0,0.0
2008-09-23 00:00:00-04:00,6.142179934605484,6.206142976474193,5.810579457423498,5.881275653839111,13957200,0.0,0.0
2008-09-24 00:00:00-04:00,5.896424988087951,5.896424988087951,5.603539825636448,5.824045181274414,18436400,0.0,0.0
2008-09-25 00:00:00-04:00,5.896425275887193,6.228025772492054,5.854344020667652,6.066433906555176,12844800,0.0,0.0
2008-09-26 00:00:00-04:00,5.9334574501164505,6.101782484162307,5.874543945044019,6.086633205413818,7502400,0.0,0.0
2008-09-29 00:00:00-04:00,6.123665381554008,6.167429611188142,5.521061405878388,5.756716728210449,17368000,0.0,0.0
2008-09-30 00:00:00-04:00,5.881275715138844,5.891375447064467,5.669186481572468,5.758398532867432,10832400,0.0,0.0
2008-10-01 00:00:00-04:00,5.701168277352883,6.100099039152608,5.701168277352883,6.066433906555176,14468400,0.0,0.0
2008-10-02 00:00:00-04:00,6.059701501281988,6.1017827617075575,5.889693491690681,6.027719974517822,14665600,0.0,0.0
2008-10-03 00:00:00-04:00,6.135446721306645,6.46704655320433,5.888008752003501,5.938506126403809,16381600,0.0,0.0
2008-10-06 00:00:00-04:00,5.706218083266919,5.805529864632391,5.260156550906469,5.741566181182861,16781600,0.0,0.0
2008-10-07 00:00:00-04:00,5.724733154800871,5.874542949074544,5.169260765046092,5.175993919372559,15159600,0.0,0.0
2008-10-08 00:00:00-04:00,4.9773717659286065,5.263524484455451,4.928557667506121,5.085099697113037,24096800,0.0,0.0
2008-10-09 00:00:00-04:00,5.145695431440952,5.376300833138327,4.851126668113608,4.8965744972229,12377600,0.0,0.0
2008-10-10 00:00:00-04:00,4.5414081367765755,5.078364942836257,4.442096367350208,4.898257255554199,17067600,0.0,0.0
2008-10-13 00:00:00-04:00,5.320754511887851,5.652355039603379,5.112031504943136,5.6422553062438965,11892800,0.0,0.0
2008-10-14 00:00:00-04:00,5.889693325524247,6.201094387044244,4.962222012330445,5.110348224639893,17392400,0.0,0.0
2008-10-15 00:00:00-04:00,5.07668348361157,5.078366772638547,4.662604014612054,4.667653560638428,10457200,0.0,0.0
2008-10-16 00:00:00-04:00,4.768649147549867,5.260158357297973,4.581808219961175,5.186095237731934,19504800,0.0,0.0
2008-10-17 00:00:00-04:00,5.063216848023806,5.561459099685029,5.031235002690892,5.359468936920166,15007600,0.0,0.0
2008-10-20 00:00:00-04:00,5.423432284379231,5.714634488409472,5.29213865478517,5.58670711517334,9182800,0.0,0.0
2008-10-21 00:00:00-04:00,5.588392508995886,5.642256480572443,5.086783551316362,5.127181529998779,11535200,0.0,0.0
2008-10-22 00:00:00-04:00,5.11203159934185,5.118764433984638,4.521210671192215,4.7518157958984375,11143600,0.0,0.0
2008-10-23 00:00:00-04:00,4.711418638876885,4.829246315501022,4.243474831865237,4.5565595626831055,13702000,0.0,0.0
2008-10-24 00:00:00-04:00,4.086932524420907,4.45051462407003,4.054950673500922,4.331003665924072,10107600,0.0,0.0
2008-10-27 00:00:00-04:00,4.2569388827042465,4.490910501309315,4.208124484577032,4.243472576141357,7350800,0.0,0.0
2008-10-28 00:00:00-04:00,4.37140061939287,4.866276264190674,4.125646246234497,4.866276264190674,10413200,0.0,0.0
2008-10-29 00:00:00-04:00,4.7938965473741,5.268573057834194,4.662603235747393,4.953805446624756,12296800,0.0,0.0
2008-10-30 00:00:00-04:00,5.12718001373274,5.297188324403644,4.93024004629268,4.953805446624756,8937200,0.0,0.0
2008-10-31 00:00:00-04:00,4.6861685208245545,4.864592949781618,4.463979548716799,4.610422134399414,18198800,0.0,0.0
2008-11-03 00:00:00-05:00,4.676068789891654,4.676068789891654,4.465662532048239,4.539725303649902,12913200,0.0,0.0
2008-11-04 00:00:00-05:00,4.630621585710017,4.713100811382672,4.573391050173152,4.671019554138184,10694800,0.0,0.0
2008-11-05 00:00:00-05:00,4.6036904272190355,4.6036904272190355,4.23842503639778,4.255257606506348,9225600,0.0,0.0
2008-11-06 00:00:00-05:00,4.216540685074857,4.2889204789506925,3.9606869555626525,4.00781774520874,12471200,0.0,0.0
2008-11-07 00:00:00-05:00,4.049900230242938,4.2569402661716405,4.033067662623313,4.224958419799805,11724800,0.0,0.0
2008-11-10 00:00:00-05:00,4.331001180098531,4.45387832487683,4.049898481696964,4.1205949783325195,6611600,0.0,0.0
2008-11-11 00:00:00-05:00,4.0616824721532,4.097030892264303,3.8883079121154456,3.940488576889038,7261600,0.0,0.0
2008-11-12 00:00:00-05:00,3.6913685461548496,3.7570152155544876,3.5617581753951733,3.7098844051361084,12023600,0.0,0.0
2008-11-13 00:00:00-05:00,3.671168912217258,4.191293294459515,3.5684908594986333,4.179510593414307,11899200,0.0,0.0
2008-11-14 00:00:00-05:00,4.097030948204468,4.398332562328893,3.9186065196990967,3.9186065196990967,17737200,0.0,0.0
2008-11-17 00:00:00-05:00,3.915240386042949,4.081882133588686,3.8209784555336945,3.829394578933716,10797200,0.0,0.0
2008-11-18 00:00:00-05:00,3.827712532095156,3.9202915248089356,3.6139395894004624,3.7385001182556152,10996000,0.0,0.0
2008-11-19 00:00:00-05:00,3.719984224218179,3.782264322219578,3.418682185658893,3.460763454437256,14096000,0.0,0.0
2008-11-20 00:00:00-05:00,3.218374437179851,3.364817020854129,2.8463759860278515,2.945687770843506,34066000,0.0,0.0
2008-11-21 00:00:00-05:00,3.1426281275595493,3.1426281275595493,2.8564754659283498,3.0264837741851807,23882400,0.0,0.0
2008-11-24 00:00:00-05:00,3.0853974369636883,3.460762134218692,2.987768943483587,3.401848316192627,17435600,0.0,0.0
2008-11-25 00:00:00-05:00,3.4691786765684838,3.6442365259609693,3.3362017600495912,3.479278087615967,13656400,0.0,0.0
2008-11-26 00:00:00-05:00,3.41026478935398,3.7300822486658944,3.3345184053609955,3.7031502723693848,15137600,0.0,0.0
2008-11-28 00:00:00-05:00,3.703150673643227,3.7873131889533003,3.5870063126200606,3.6779019832611084,3492400,0.0,0.0
2008-12-01 00:00:00-05:00,3.6442370816149117,3.6442370816149117,3.215008354523755,3.257089614868164,16041200,0.0,0.0
2008-12-02 00:00:00-05:00,3.3008542334615694,3.358084774416009,3.122429454695588,3.199859142303467,13370000,0.0,0.0
2008-12-03 00:00:00-05:00,3.1140135456153293,3.3244198662650137,3.0466835872183435,3.1729273796081543,17088000,0.0,0.0
2008-12-04 00:00:00-05:00,3.107280272546336,3.570174160590455,3.0315341925900308,3.3967995643615723,14238800,0.0,0.0
2008-12-05 00:00:00-05:00,3.3934325077103806,3.6425534698152457,3.2032253690767427,3.580273389816284,16196400,0.0,0.0
2008-12-08 00:00:00-05:00,3.76711431491276,4.224958636598603,3.6644362571678357,4.208126068115234,19515600,0.0,0.0
2008-12-09 00:00:00-05:00,4.107130890916725,4.208125978614376,3.846227208664447,3.9101905822753906,20840800,0.0,0.0
2008-12-10 00:00:00-05:00,3.8310770460050203,4.090297379562715,3.6981001416393013,4.0549492835998535,17691200,0.0,0.0
2008-12-11 00:00:00-05:00,4.0196015589986835,4.164361186954968,3.7940463150743655,3.844543695449829,12814800,0.0,0.0
2008-12-12 00:00:00-05:00,3.723349247177466,4.120596040160422,3.723349247177466,4.061682224273682,11752800,0.0,0.0
2008-12-15 00:00:00-05:00,4.071782234679018,4.152578165459599,3.794046021961714,3.891674518585205,9152400,0.0,0.0
2008-12-16 00:00:00-05:00,3.9556378948811113,4.359617870998497,3.948904740102818,4.324269771575928,13348800,0.0,0.0
2008-12-17 00:00:00-05:00,4.216541181651059,4.462295852100632,4.137428546103551,4.3209028244018555,13346400,0.0,0.0
2008-12-18 00:00:00-05:00,4.337737520067255,4.384868338420158,4.012870054456478,4.1054487228393555,12953600,0.0,0.0
2008-12-19 00:00:00-05:00,4.162678778553245,4.23842518619153,4.0566341289142285,4.140796661376953,9903600,0.0,0.0
2008-12-22 00:00:00-05:00,4.182876693555679,4.182876693555679,3.773846855092079,3.89504075050354,8427200,0.0,0.0
2008-12-23 00:00:00-05:00,3.9623698462077597,3.964052813336691,3.698099380404839,3.733447790145874,7179600,0.0,0.0
2008-12-24 00:00:00-05:00,3.698100667034752,3.937122214301712,3.698100667034752,3.9236562252044678,3049200,0.0,0.0
2008-12-26 00:00:00-05:00,3.943855159036655,3.943855159036655,3.827710808608284,3.89504075050354,2639600,0.0,0.0
2008-12-29 00:00:00-05:00,3.9034565665471233,3.9034565665471233,3.615620669755146,3.6947336196899414,8405200,0.0,0.0
2008-12-30 00:00:00-05:00,3.696417721438202,3.7856301081489145,3.650970204674758,3.7267162799835205,6538400,0.0,0.0
2008-12-31 00:00:00-05:00,3.7149344878709534,3.7654322048250584,3.612256085680092,3.645921230316162,10700000,0.0,0.0
2009-01-02 00:00:00-05:00,3.6577035944037615,3.997720303594131,3.5415595304270635,3.9034583568573,13963600,0.0,0.0
2009-01-05 00:00:00-05:00,3.9118738478695945,4.1222801455458065,3.8714758772423052,4.011185646057129,13637600,0.0,0.0
2009-01-06 00:00:00-05:00,4.0482174291761295,4.129013699275186,3.896724944454062,3.959005355834961,13866000,0.0,0.0
2009-01-07 00:00:00-05:00,3.9421722331747695,3.9421722331747695,3.7469152231808303,3.8058290481567383,11122800,0.0,0.0
2009-01-08 00:00:00-05:00,4.155945473436764,4.401699886360576,3.8714760559519754,4.305754661560059,42152000,0.0,0.0
2009-01-09 00:00:00-05:00,4.305754430794862,4.502694736797925,4.18624380870939,4.3983330726623535,18159600,0.0,0.0
2009-01-12 00:00:00-05:00,4.37476623487584,4.388232220566644,4.20139138818411,4.287237167358398,14668400,0.0,0.0
2009-01-13 00:00:00-05:00,4.24010760777511,4.3411026902761245,4.075148833899829,4.147528648376465,12873600,0.0,0.0
2009-01-14 00:00:00-05:00,4.113864341135175,4.113864341135175,3.8765260446326217,3.9438560009002686,16432400,0.0,0.0
2009-01-15 00:00:00-05:00,3.9674210976139332,4.132379557938996,3.819295205313874,4.011185646057129,23565200,0.0,0.0
2009-01-16 00:00:00-05:00,4.129012899993274,4.192976267008022,3.9186066227606178,4.154261589050293,15144800,0.0,0.0
2009-01-20 00:00:00-05:00,4.137429287823662,4.204759236642308,3.858009759435391,3.879891872406006,13612400,0.0,0.0
2009-01-21 00:00:00-05:00,4.0347505579260226,4.113863521704929,3.8277108632472716,4.112180233001709,10744800,0.0,0.0
2009-01-22 00:00:00-05:00,4.071782954441299,4.208126151866501,3.906824165286677,4.095348358154297,14352800,0.0,0.0
2009-01-23 00:00:00-05:00,4.054951015469743,4.420216435029829,3.9152412183691347,4.344470024108887,16519200,0.0,0.0
2009-01-26 00:00:00-05:00,4.373085091020153,4.549826601069257,4.32427098934878,4.4707136154174805,17713600,0.0,0.0
2009-01-27 00:00:00-05:00,4.4841791894749266,4.583490993778109,4.374767972156631,4.438731670379639,10235600,0.0,0.0
2009-01-28 00:00:00-05:00,4.586857029813473,4.751815480805058,4.546459061471933,4.736666202545166,11984800,0.0,0.0
2009-01-29 00:00:00-05:00,4.654186807947462,4.655870096699014,4.410115717953413,4.430314540863037,10453600,0.0,0.0
2009-01-30 00:00:00-05:00,4.445463570859229,4.52962607742007,4.157627952527307,4.171093940734863,15813200,0.0,0.0
2009-02-02 00:00:00-05:00,4.1256458493040595,4.3478348012085535,4.081881310132801,4.2855544090271,11117200,0.0,0.0
2009-02-03 00:00:00-05:00,4.287238589763975,4.356251829458132,4.204759359911313,4.312487602233887,11142800,0.0,0.0
2009-02-04 00:00:00-05:00,4.322585222852116,4.531308144319336,4.228323330814688,4.374765872955322,11842800,0.0,0.0
2009-02-05 00:00:00-05:00,4.362984223288511,4.620521601290301,4.336052247673818,4.563291072845459,11081600,0.0,0.0
2009-02-06 00:00:00-05:00,4.623888007086122,4.7669643328283575,4.544775366289585,4.714783668518066,9702400,0.0,0.0
2009-02-09 00:00:00-05:00,4.647455602631501,4.755183552046584,4.58012531319246,4.615473747253418,6362000,0.0,0.0
2009-02-10 00:00:00-05:00,4.571707198139888,4.701317531538494,4.386549624863946,4.527942657470703,13442000,0.0,0.0
2009-02-11 00:00:00-05:00,4.558241212436845,4.570023911650461,4.386549626898372,4.462296009063721,8349200,0.0,0.0
2009-02-12 00:00:00-05:00,4.431998693672971,4.55824248516125,4.320904182847651,4.543093204498291,10009200,0.0,0.0
2009-02-13 00:00:00-05:00,4.514476620122635,4.585173135650361,4.361300889988308,4.41853141784668,14056800,0.0,0.0
2009-02-17 00:00:00-05:00,4.297337860018691,4.3646678035545845,4.157628106786275,4.21149206161499,13674800,0.0,0.0
2009-02-18 00:00:00-05:00,4.243473747506094,4.29733802546304,4.144162277626291,4.186243534088135,8056000,0.0,0.0
2009-02-19 00:00:00-05:00,4.738348416775324,4.782112952817182,4.430313697105786,4.482494354248047,30934000,0.0,0.0
2009-02-20 00:00:00-05:00,4.400015820906852,4.554874848659236,4.307437190414938,4.490911483764648,21009200,0.0,0.0
2009-02-23 00:00:00-05:00,4.575075374183133,4.595274202440311,4.39160102539841,4.413483142852783,14442800,0.0,0.0
2009-02-24 00:00:00-05:00,4.472396441507995,4.708051442785509,4.428631890819314,4.605373382568359,16203600,0.0,0.0
2009-02-25 00:00:00-05:00,4.570025575850761,4.894893011577471,4.52289476183335,4.76528263092041,20710000,0.0,0.0
2009-02-26 00:00:00-05:00,4.8359781974689175,4.847760898596419,4.541409385063296,4.54477596282959,16187600,0.0,0.0
2009-02-27 00:00:00-05:00,4.453879458894804,4.6390370278033926,4.411798207827145,4.531309127807617,12968800,0.0,0.0
2009-03-02 00:00:00-05:00,4.435364197459486,4.556558092351938,4.361301101164632,4.391599655151367,11168000,0.0,0.0
2009-03-03 00:00:00-05:00,4.458931328086563,4.516161880937729,4.317538235284225,4.3730854988098145,9038000,0.0,0.0
2009-03-04 00:00:00-05:00,4.467346745981487,4.665970024841752,4.46061359022968,4.595273494720459,11398000,0.0,0.0
2009-03-05 00:00:00-05:00,4.4892274122234355,4.527942082146662,3.7603802319902155,3.948904037475586,60038400,0.0,0.0
2009-03-06 00:00:00-05:00,4.006134712097706,4.071781677801393,3.6728513024184797,3.767113208770752,27643200,0.0,0.0
2009-03-09 00:00:00-04:00,3.73344873910867,3.8815746052933555,3.6711683447128802,3.854642629623413,18562000,0.0,0.0
2009-03-10 00:00:00-04:00,3.952270438861688,4.273771123799019,3.9135557706566395,4.243472576141357,16247600,0.0,0.0
2009-03-11 00:00:00-04:00,4.23000680062421,4.3983317883634925,4.149210883562419,4.251889228820801,13239600,0.0,0.0
2009-03-12 00:00:00-04:00,4.25020773392336,4.2889224203871885,4.043167988690289,4.275456428527832,12505200,0.0,0.0
2009-03-13 00:00:00-04:00,4.292288088065097,4.393283166112823,4.223274854294292,4.319220066070557,13562800,0.0,0.0
2009-03-16 00:00:00-04:00,4.37645108131275,4.37645108131275,4.083565547474518,4.108814239501953,10923600,0.0,0.0
2009-03-17 00:00:00-04:00,4.1003990237362435,4.2114935500986395,4.019602741882548,4.199710845947266,12678800,0.0,0.0
2009-03-18 00:00:00-04:00,4.174460726800135,4.339419504596634,4.0970313650433186,4.179510593414307,18758400,0.0,0.0
2009-03-19 00:00:00-04:00,4.228324097300099,4.354567845987485,4.078514630540707,4.2788214683532715,14676000,0.0,0.0
2009-03-20 00:00:00-04:00,4.344468938601138,4.364668083484635,4.1239632389834116,4.182877063751221,14899200,0.0,0.0
2009-03-23 00:00:00-04:00,4.287238959744649,4.536360280757497,4.258623688056565,4.480813026428223,21946000,0.0,0.0
2009-03-24 00:00:00-04:00,4.420215988826893,4.6996355548218345,4.342786296473411,4.553192615509033,25125200,0.0,0.0
2009-03-25 00:00:00-04:00,4.60705658890536,4.60705658890536,4.292288615814933,4.517844200134277,25804400,0.0,0.0
2009-03-26 00:00:00-04:00,4.745082249977482,4.788846792286262,4.341102279275384,4.411798477172852,43962800,0.0,0.0
2009-03-27 00:00:00-04:00,4.388233352796263,4.711417413816301,4.346152096523104,4.68448543548584,22048800,0.0,0.0
2009-03-30 00:00:00-04:00,4.575075422995222,4.6087402441345535,4.430315761037783,4.5565595626831055,13361600,0.0,0.0
2009-03-31 00:00:00-04:00,4.598641126803625,4.874694154820274,4.571709139731494,4.716468811035156,21632000,0.0,0.0
2009-04-01 00:00:00-04:00,4.803996145089402,4.803996145089402,4.642403961625862,4.746765613555908,16029200,0.0,0.0
2009-04-02 00:00:00-04:00,4.832611160913123,5.135596388970226,4.797263060886433,5.066583156585693,17236400,0.0,0.0
2009-04-03 00:00:00-04:00,5.058167146401695,5.2668904712185665,4.908357968786633,5.012719631195068,28170800,0.0,0.0
2009-04-06 00:00:00-04:00,4.834293254757994,4.940338170736235,4.713099386122993,4.817461013793945,24378400,0.0,0.0
2009-04-07 00:00:00-04:00,4.733300984462092,4.97063930119982,4.635672459286677,4.923508167266846,15189200,0.0,0.0
2009-04-08 00:00:00-04:00,4.938656713807968,5.1069817543029785,4.928557301273537,5.1069817543029785,10800000,0.0,0.0
2009-04-09 00:00:00-04:00,5.219760481084409,5.463831640973707,5.086783521121361,5.457098484039307,13712000,0.0,0.0
2009-04-13 00:00:00-04:00,5.433531386573447,5.524427050583758,5.357785320952681,5.435214996337891,15403200,0.0,0.0
2009-04-14 00:00:00-04:00,5.394817157390176,5.433531837770376,5.280356405099307,5.300555229187012,12311200,0.0,0.0
2009-04-15 00:00:00-04:00,5.3005555826003485,5.393134549180987,5.234908918356554,5.369568824768066,8244400,0.0,0.0
2009-04-16 00:00:00-04:00,5.473930827070081,5.473930827070081,4.938657104574229,4.99925422668457,36771600,0.0,0.0
2009-04-17 00:00:00-04:00,5.0918314271645215,5.140645832969104,4.68953476590449,4.852809906005859,34494400,0.0,0.0
2009-04-20 00:00:00-04:00,4.766964328693605,4.810728870709417,4.682801821983466,4.780430316925049,11553600,0.0,0.0
2009-04-21 00:00:00-04:00,4.778747819020545,5.049751238208521,4.719834311418409,5.016086101531982,12638400,0.0,0.0
2009-04-22 00:00:00-04:00,4.970638736897484,5.192827746827081,4.859544231932684,5.026185989379883,16529200,0.0,0.0
2009-04-23 00:00:00-04:00,5.026186532058255,5.1557965878081795,4.989154812368635,5.133914470672607,12307200,0.0,0.0
2009-04-24 00:00:00-04:00,5.187778233146894,5.332537885679406,5.06658430703766,5.270257472991943,10360000,0.0,0.0
2009-04-27 00:00:00-04:00,5.169262208523095,5.2500584777300965,5.069950722911482,5.130547523498535,9435200,0.0,0.0
2009-04-28 00:00:00-04:00,5.066584348031076,5.14738029942428,4.93529068622619,4.994204521179199,9591600,0.0,0.0
2009-04-29 00:00:00-04:00,5.04133452115027,5.187777110029993,5.00766938843646,5.064899921417236,11000800,0.0,0.0
2009-04-30 00:00:00-04:00,5.175995327217169,5.23154258130122,5.0413354146057,5.076683521270752,13025600,0.0,0.0
2009-05-01 00:00:00-04:00,5.06658338947235,5.074999512421412,4.884792372703821,4.938656330108643,10718000,0.0,0.0
2009-05-04 00:00:00-04:00,4.987470421111321,5.098565234576905,4.8864756615045355,4.938656330108643,14536000,0.0,0.0
2009-05-05 00:00:00-04:00,4.963904436058256,4.984103578236099,4.803995871456095,4.8965744972229,13023600,0.0,0.0
2009-05-06 00:00:00-04:00,4.898258750603066,4.898258750603066,4.548142678644709,4.630621910095215,27962400,0.0,0.0
2009-05-07 00:00:00-04:00,4.659236224508625,4.71141688655244,4.362984174973192,4.52962589263916,23629600,0.0,0.0
2009-05-08 00:00:00-04:00,4.583490677451866,4.635671670046916,4.357935102335383,4.3983330726623535,19250400,0.0,0.0
2009-05-11 00:00:00-04:00,4.4084333063647545,4.5228943958090575,4.250207663835596,4.487545967102051,15956400,0.0,0.0
2009-05-12 00:00:00-04:00,4.536359050744379,4.544775172642299,4.3023870735394585,4.41853141784668,12664400,0.0,0.0
2009-05-13 00:00:00-04:00,4.339419210101903,4.362984610593055,4.224958143051446,4.319220066070557,13865600,0.0,0.0
2009-05-14 00:00:00-04:00,4.3209039248091905,4.52457707547434,4.253573970913874,4.371401309967041,19002000,0.0,0.0
2009-05-15 00:00:00-04:00,4.357934571723106,4.575073996978512,4.35625128303262,4.455563068389893,16987200,0.0,0.0
2009-05-18 00:00:00-04:00,4.517843520620487,4.517843520620487,4.305753958859241,4.423581600189209,17980000,0.0,0.0
2009-05-19 00:00:00-04:00,4.405066131430512,4.416848832385106,4.3158537482600625,4.346152305603027,15981600,0.0,0.0
2009-05-20 00:00:00-04:00,4.369717271502022,4.56665755352608,4.352885026706137,4.455563068389893,22625600,0.0,0.0
2009-05-21 00:00:00-04:00,3.937121490529415,3.970786617611021,3.6779011677970543,3.767113208770752,93280800,0.0,0.0
2009-05-22 00:00:00-04:00,3.863059426708639,3.9169233829848764,3.767113893405274,3.795729160308838,29644400,0.0,0.0
2009-05-26 00:00:00-04:00,3.785629728211913,3.9792034404238326,3.7485983387367336,3.932072639465332,26845200,0.0,0.0
2009-05-27 00:00:00-04:00,3.9388056755825493,3.9388056755825493,3.69978411784692,3.704833984375,31670000,0.0,0.0
2009-05-28 00:00:00-04:00,3.7570153371974055,3.97583811070542,3.7570153371974055,3.960688829421997,28178400,0.0,0.0
2009-05-29 00:00:00-04:00,3.9893044973738476,4.199710845947266,3.974155214592193,4.199710845947266,28922800,0.0,0.0
2009-06-01 00:00:00-04:00,4.236740737804717,4.460613000059882,4.208125471754606,4.342785358428955,22536000,0.0,0.0
2009-06-02 00:00:00-04:00,4.3040709319997,4.346152189169904,4.026334698887259,4.093664646148682,28647600,0.0,0.0
2009-06-03 00:00:00-04:00,4.113863473070864,4.145844994890493,4.0330672215439085,4.068415641784668,17809600,0.0,0.0
2009-06-04 00:00:00-04:00,4.100397901540179,4.122280014539093,3.9303895798941464,4.115547180175781,26048400,0.0,0.0
2009-06-05 00:00:00-04:00,4.15594626577695,4.2030770821427,3.967422037150125,4.0212860107421875,22467600,0.0,0.0
2009-06-08 00:00:00-04:00,3.955638582754511,4.120597050854586,3.9404893029234276,4.095348358154297,15417600,0.0,0.0
2009-06-09 00:00:00-04:00,4.113864134084724,4.236741338220599,4.113864134084724,4.208126068115234,13499200,0.0,0.0
2009-06-10 00:00:00-04:00,4.236742247716528,4.263674234649557,4.120597853408711,4.199710845947266,17362000,0.0,0.0
2009-06-11 00:00:00-04:00,4.201393895276209,4.290606304372405,4.120597932918117,4.142480373382568,15526400,0.0,0.0
2009-06-12 00:00:00-04:00,4.123963314143077,4.1458454271990295,3.9606881474892845,4.059999942779541,25776000,0.0,0.0
2009-06-15 00:00:00-04:00,4.026335386133355,4.026335386133355,3.905141460376476,3.9842541217803955,17307600,0.0,0.0
2009-06-16 00:00:00-04:00,3.9909858775309477,3.9909858775309477,3.837810142405953,3.8697919845581055,17450000,0.0,0.0
2009-06-17 00:00:00-04:00,3.8563260980653076,3.97920328292132,3.8176114213662062,3.9118733406066895,13238800,0.0,0.0
2009-06-18 00:00:00-04:00,3.9135566643809154,3.980886607299151,3.8192947442953855,3.8378102779388428,13021200,0.0,0.0
2009-06-19 00:00:00-04:00,3.864742726995782,3.9101905644102604,3.8125620549946397,3.8630597591400146,16404000,0.0,0.0
2009-06-22 00:00:00-04:00,3.8512758680761405,3.8512758680761405,3.6930505988516233,3.6964168548583984,16922000,0.0,0.0
2009-06-23 00:00:00-04:00,3.61730551989381,3.70315133947175,3.440564334386307,3.6795859336853027,53730400,0.0,0.0
2009-06-24 00:00:00-04:00,3.713249953114009,3.7889963426126094,3.6492865850242504,3.6745352745056152,17768400,0.0,0.0
2009-06-25 00:00:00-04:00,3.6442381571593487,3.809196669341474,3.637505320465503,3.7385001182556152,16520800,0.0,0.0
2009-06-26 00:00:00-04:00,3.723348910757387,3.7923621308005324,3.6829506307304563,3.731765031814575,11630000,0.0,0.0
2009-06-29 00:00:00-04:00,3.740181152871763,3.822660359239072,3.6593852349267793,3.731765031814575,13016800,0.0,0.0
2009-06-30 00:00:00-04:00,3.741865375750696,3.8108786130285277,3.6711688496301713,3.704833984375,14904800,0.0,0.0
2009-07-01 00:00:00-04:00,3.746915466506382,3.7974128505910336,3.7199834855206295,3.7805802822113037,14216800,0.0,0.0
2009-07-02 00:00:00-04:00,3.738499137155825,3.738499137155825,3.514626837644181,3.5466086864471436,23488000,0.0,0.0
2009-07-06 00:00:00-04:00,3.486011409760991,3.5870064975508598,3.4792785751374176,3.5415589809417725,13345600,0.0,0.0
2009-07-07 00:00:00-04:00,3.543242438511566,3.5567084306743553,3.4321479229049086,3.4439306259155273,12082400,0.0,0.0
2009-07-08 00:00:00-04:00,3.4439303614308265,3.5365093313629408,3.4035323880449155,3.524726629257202,15794400,0.0,0.0
2009-07-09 00:00:00-04:00,3.538192283031245,3.5684908404454525,3.4186813422368183,3.482645034790039,13632400,0.0,0.0
2009-07-10 00:00:00-04:00,3.452346379389329,3.5045270484247073,3.4085818333725717,3.440563678741455,11711600,0.0,0.0
2009-07-13 00:00:00-04:00,3.4472956192048967,3.54155784205864,3.3698662801333543,3.53987455368042,12709600,0.0,0.0
2009-07-14 00:00:00-04:00,3.5381927440071723,3.6476039658818995,3.4725457540386846,3.6408708095550537,16020800,0.0,0.0
2009-07-15 00:00:00-04:00,3.6795862435488114,3.696418494211129,3.5937404167416656,3.642554521560669,14714400,0.0,0.0
2009-07-16 00:00:00-04:00,3.605522084310664,3.741865266025554,3.551658127142041,3.7283992767333984,17691200,0.0,0.0
2009-07-17 00:00:00-04:00,3.6745347460692916,3.731765271892444,3.607204810116895,3.6964168548583984,17236400,0.0,0.0
2009-07-20 00:00:00-04:00,3.713248920315482,3.790678577050584,3.7048327998473782,3.7603800296783447,13197200,0.0,0.0
2009-07-21 00:00:00-04:00,3.7755305865888897,3.8647426496680146,3.7048340590435225,3.8580098152160645,19525600,0.0,0.0
2009-07-22 00:00:00-04:00,3.8394932688252523,4.004452017497673,3.824343992711923,3.975836753845215,20105200,0.0,0.0
2009-07-23 00:00:00-04:00,3.9775204555078965,4.073465995619428,3.8950412264754797,4.022968292236328,23842400,0.0,0.0
2009-07-24 00:00:00-04:00,3.9489052808897616,4.081882216481309,3.92702316697262,4.065049648284912,21429600,0.0,0.0
2009-07-27 00:00:00-04:00,4.046534649676536,4.058317352662625,3.8967251259909705,3.960688829421997,22301200,0.0,0.0
2009-07-28 00:00:00-04:00,3.925339364259795,3.9573212075413915,3.820978033000153,3.8378102779388428,23062800,0.0,0.0
2009-07-29 00:00:00-04:00,3.8142448099317603,3.852959486285202,3.6779016378301477,3.6812682151794434,27248400,0.0,0.0
2009-07-30 00:00:00-04:00,3.7182992022256367,3.81087782197487,3.6122542745301636,3.6156208515167236,24278400,0.0,0.0
2009-07-31 00:00:00-04:00,3.6173045058297313,3.7603808316833844,3.6173045058297313,3.6846344470977783,19539600,0.0,0.0
2009-08-03 00:00:00-04:00,3.70988438655775,3.8681097079621862,3.70988438655775,3.8479108810424805,17851600,0.0,0.0
2009-08-04 00:00:00-04:00,3.9388058574426785,4.139112744208365,3.8883084740484204,4.11049747467041,34184000,0.0,0.0
2009-08-05 00:00:00-04:00,4.1121807750239165,4.182877304605155,4.036434378667398,4.065049648284912,21148000,0.0,0.0
2009-08-06 00:00:00-04:00,4.122280436112329,4.181194267825225,4.0600003474007815,4.127330303192139,16098000,0.0,0.0
2009-08-07 00:00:00-04:00,4.1475287360556585,4.268722966040742,4.098714643131852,4.235057830810547,14760800,0.0,0.0
2009-08-10 00:00:00-04:00,4.26198990141966,4.293971748464604,4.019601757337374,4.066732883453369,18084000,0.0,0.0
2009-08-11 00:00:00-04:00,4.065050039596726,4.184560996346485,4.048217469779985,4.157629013061523,15786400,0.0,0.0
2009-08-12 00:00:00-04:00,4.142478107786093,4.364667043278994,4.1290121214245366,4.315852642059326,23210000,0.0,0.0
2009-08-13 00:00:00-04:00,4.3444686883360175,4.453879887428115,4.251890055501436,4.431997776031494,26032400,0.0,0.0
2009-08-14 00:00:00-04:00,4.346151715219139,4.4875447495763785,4.336052304494901,4.4505133628845215,31286800,0.0,0.0
2009-08-17 00:00:00-04:00,4.251890933700218,4.349519452892903,4.213176248049832,4.223275661468506,19117600,0.0,0.0
2009-08-18 00:00:00-04:00,4.243473266167772,4.255256286326324,4.056632726987627,4.130695819854736,29814000,0.0,0.0
2009-08-19 00:00:00-04:00,4.078515853284598,4.277139462135723,4.065049862229668,4.238424777984619,26332000,0.0,0.0
2009-08-20 00:00:00-04:00,3.911873311486522,4.056632927176248,3.873158635075614,3.940488576889038,67452800,0.0,0.0
2009-08-21 00:00:00-04:00,3.9741532810417084,4.011184664794039,3.874841507148986,3.893357038497925,29613600,0.0,0.0
2009-08-24 00:00:00-04:00,3.9068238405388813,3.9135569959283685,3.7536480870277673,3.797412633895874,29498400,0.0,0.0
2009-08-25 00:00:00-04:00,3.8159295103540427,3.8445447863006383,3.75701566916345,3.775531530380249,27330800,0.0,0.0
2009-08-26 00:00:00-04:00,3.7772138098364523,3.8613763258779223,3.713250117854404,3.797412633895874,20362800,0.0,0.0
2009-08-27 00:00:00-04:00,3.7873130765234553,3.916923423306451,3.7536479429769996,3.8748421669006348,20830400,0.0,0.0
2009-08-28 00:00:00-04:00,3.9101900228117024,3.967420553616768,3.8748419237550666,3.9505879878997803,21142000,0.0,0.0
2009-08-31 00:00:00-04:00,4.091981264929777,4.11386369795466,3.984253351744224,4.0061354637146,30459600,0.0,0.0
2009-09-01 00:00:00-04:00,3.9808859793950933,4.070098340349372,3.918605912414578,3.9253387451171875,17736000,0.0,0.0
2009-09-02 00:00:00-04:00,3.9202890979227574,3.9926685725840123,3.8613752883131665,3.948904037475586,17472400,0.0,0.0
2009-09-03 00:00:00-04:00,3.9337559666410042,4.039800590887827,3.8933576782041612,4.031384468078613,11936000,0.0,0.0
2009-09-04 00:00:00-04:00,4.026334179854417,4.063365565810873,3.945538253556074,4.049899578094482,12266800,0.0,0.0
2009-09-08 00:00:00-04:00,4.115548412726196,4.2131769481415375,4.085249846380983,4.196344375610352,18980000,0.0,0.0
2009-09-09 00:00:00-04:00,4.2283243104403905,4.275455106851253,4.174460038599521,4.216541290283203,14990400,0.0,0.0
2009-09-10 00:00:00-04:00,4.23169088414851,4.2401073277495565,4.108813697063692,4.21149206161499,14457200,0.0,0.0
2009-09-11 00:00:00-04:00,4.221592393099664,4.221592393099664,4.130697029776563,4.157629013061523,12579600,0.0,0.0
2009-09-14 00:00:00-04:00,4.125646862258166,4.359618570413693,4.081882312341567,4.307437896728516,27324000,0.0,0.0
2009-09-15 00:00:00-04:00,4.31922050212883,4.349519060707469,4.253573839244802,4.265356540679932,14134800,0.0,0.0
2009-09-16 00:00:00-04:00,4.27545577882095,4.373084285229103,4.208125829755762,4.346152305603027,17892000,0.0,0.0
2009-09-17 00:00:00-04:00,4.346151935859438,4.374767201909549,4.304070681141892,4.342785358428955,14788400,0.0,0.0
2009-09-18 00:00:00-04:00,4.3613018077055,4.598640090978285,4.322587125141466,4.509428024291992,36131600,0.0,0.0
2009-09-21 00:00:00-04:00,4.50774410940933,4.5565581978086644,4.400015879290519,4.423581600189209,17578800,0.0,0.0
2009-09-22 00:00:00-04:00,4.457246627373369,4.4808123494147445,4.374767402864829,4.416848659515381,9724800,0.0,0.0
2009-09-23 00:00:00-04:00,4.418532719829085,4.581807908563126,4.378134744917196,4.487545967102051,18429600,0.0,0.0
2009-09-24 00:00:00-04:00,4.511109664908305,4.5380416379901,4.388232497590813,4.415164470672607,13425600,0.0,0.0
2009-09-25 00:00:00-04:00,4.388233978981846,4.4420979433289665,4.337736592670058,4.383184432983398,10657200,0.0,0.0
2009-09-28 00:00:00-04:00,4.394966232561733,4.45724630815364,4.352884978924962,4.411798477172852,10503200,0.0,0.0
2009-09-29 00:00:00-04:00,4.430315049164705,4.55487554158021,4.426948471275344,4.509428024291992,11655200,0.0,0.0
2009-09-30 00:00:00-04:00,4.529626165498847,4.549825308730195,4.405065691893258,4.455563068389893,17042000,0.0,0.0
2009-10-01 00:00:00-04:00,4.467346581023567,4.512794096451958,4.364668206981687,4.379817485809326,18036000,0.0,0.0
2009-10-02 00:00:00-04:00,4.332685469694226,4.410115136789459,4.31080336091667,4.3225860595703125,12916000,0.0,0.0
2009-10-05 00:00:00-04:00,4.314170450989362,4.393283421909401,4.277139059339347,4.381500720977783,12717600,0.0,0.0
2009-10-06 00:00:00-04:00,4.425265772098948,4.511111266108643,4.293972115932226,4.480813026428223,10194000,0.0,0.0
2009-10-07 00:00:00-04:00,4.433681226386503,4.482495317152798,4.393283258528514,4.416848659515381,16032800,0.0,0.0
2009-10-08 00:00:00-04:00,4.553191862449403,4.654186943093678,4.490911782106017,4.607056140899658,29264000,0.0,0.0
2009-10-09 00:00:00-04:00,4.605372328627511,4.605372328627511,4.506060548071986,4.538042068481445,15445200,0.0,0.0
2009-10-12 00:00:00-04:00,4.556559255278102,4.6188396678187775,4.487546007385622,4.52121114730835,10214000,0.0,0.0
2009-10-13 00:00:00-04:00,4.516159694013547,4.633987321309687,4.480811598457379,4.602005481719971,17388400,0.0,0.0
2009-10-14 00:00:00-04:00,4.6440869929255095,4.755181472437932,4.6440869929255095,4.740032196044922,19975200,0.0,0.0
2009-10-15 00:00:00-04:00,4.723200060171421,4.817462304304196,4.667652815368483,4.686168670654297,23774800,0.0,0.0
2009-10-16 00:00:00-04:00,4.657554147531125,4.723200814310426,4.600323604832151,4.667653560638428,15250800,0.0,0.0
2009-10-19 00:00:00-04:00,4.696267655471169,4.763597594409838,4.676068834316805,4.740032196044922,9785600,0.0,0.0
2009-10-20 00:00:00-04:00,4.571707152497774,4.5733904410899155,4.287237801515343,4.317536354064941,50180000,0.0,0.0
2009-10-21 00:00:00-04:00,4.31922050212883,4.401699733229272,4.256940417098992,4.265356540679932,29969200,0.0,0.0
2009-10-22 00:00:00-04:00,4.275454731512751,4.336051831354917,4.189608947087829,4.248522758483887,22136400,0.0,0.0
2009-10-23 00:00:00-04:00,4.332686350319695,4.332686350319695,4.1340627582035525,4.1694111824035645,19331600,0.0,0.0
2009-10-26 00:00:00-04:00,4.1929767742472,4.246840736366154,4.024651732098201,4.053267002105713,24907600,0.0,0.0
2009-10-27 00:00:00-04:00,4.063366964562864,4.154262653728805,4.034751690683354,4.140796661376953,28021600,0.0,0.0
2009-10-28 00:00:00-04:00,4.157629473898181,4.167728888485831,4.070100357992943,4.078516483306885,19852400,0.0,0.0
2009-10-29 00:00:00-04:00,4.110496943991942,4.1660441869761105,4.076831812039025,4.132379055023193,14058800,0.0,0.0
2009-10-30 00:00:00-04:00,4.115547878449393,4.12564729223516,4.04148476155975,4.088615894317627,26188000,0.0,0.0
2009-11-02 00:00:00-05:00,4.115547135536398,4.147528660260654,4.007818897401194,4.07178258895874,16268800,0.0,0.0
2009-11-03 00:00:00-05:00,4.049900641673954,4.097031771586071,3.979204107333057,4.036434650421143,11898000,0.0,0.0
2009-11-04 00:00:00-05:00,4.085248187741485,4.098714176088224,3.987619691963999,3.9960358142852783,13658000,0.0,0.0
2009-11-05 00:00:00-05:00,4.024651464708681,4.123963258662883,3.994352907766108,4.07178258895874,12047200,0.0,0.0
2009-11-06 00:00:00-05:00,4.046533939307421,4.150895279767504,4.0229682164176275,4.145845413208008,9437600,0.0,0.0
2009-11-09 00:00:00-05:00,4.206442031480787,4.3091203920295245,4.182876632425463,4.292287826538086,12618800,0.0,0.0
2009-11-10 00:00:00-05:00,4.381501133602341,4.381501133602341,4.19466022679246,4.238424777984619,17291600,0.0,0.0
2009-11-11 00:00:00-05:00,4.230007552736721,4.230007552736721,4.039800424035684,4.112180233001709,24894000,0.0,0.0
2009-11-12 00:00:00-05:00,4.066733436917929,4.177827951188758,4.065050147785998,4.144163131713867,17740800,0.0,0.0
2009-11-13 00:00:00-05:00,4.14921248875545,4.1929770410252525,3.945539328902641,3.9876205921173096,30455600,0.0,0.0
2009-11-16 00:00:00-05:00,4.0027701216933265,4.152579325324287,4.0010868325334235,4.107131481170654,17727200,0.0,0.0
2009-11-17 00:00:00-05:00,4.09366524816578,4.098715115348466,3.953955466657072,4.0347514152526855,13722800,0.0,0.0
2009-11-18 00:00:00-05:00,4.06504869372432,4.073465136373424,4.006134879398425,4.0549492835998535,16356400,0.0,0.0
2009-11-19 00:00:00-05:00,4.12396240234375,4.149211087534964,4.039799904336735,4.12396240234375,28052000,0.0,0.0
2009-11-20 00:00:00-05:00,4.108814044749557,4.3175370479001165,4.108814044749557,4.290605068206787,24193200,0.0,0.0
2009-11-23 00:00:00-05:00,4.3427854665617085,4.384866722327053,4.2872382217936345,4.319220066070557,18866400,0.0,0.0
2009-11-24 00:00:00-05:00,4.332686979529358,4.359618963281237,4.236741747281466,4.255257606506348,15699200,0.0,0.0
2009-11-25 00:00:00-05:00,4.268722215680332,4.329318998966585,4.224957675995864,4.309120178222656,12368400,0.0,0.0
2009-11-27 00:00:00-05:00,4.19802528572993,4.2855540353867,4.164360159747332,4.261988639831543,7013600,0.0,0.0
2009-11-30 00:00:00-05:00,4.2603067127211025,4.267039868490839,3.9977197377376084,4.108814239501953,32250400,0.0,0.0
2009-12-01 00:00:00-05:00,4.147528288674822,4.176143554217492,3.9926692612182237,4.012868404388428,24110000,0.0,0.0
2009-12-02 00:00:00-05:00,3.8866246176691868,3.93207244872122,3.5954224190993207,3.6812682151794434,82857600,0.0,0.0
2009-12-03 00:00:00-05:00,3.7300829435329956,3.7536483469187565,3.5937397480010986,3.5937397480010986,32134000,0.0,0.0
2009-12-04 00:00:00-05:00,3.6375031991610047,3.6610685954286404,3.531458273847755,3.590372085571289,28291600,0.0,0.0
2009-12-07 00:00:00-05:00,3.5718576215238778,3.703151282576697,3.553342083428102,3.691368579864502,29156400,0.0,0.0
2009-12-08 00:00:00-05:00,3.5600746108318324,3.6173051513868595,3.514626771969686,3.5937397480010986,24618400,0.0,0.0
2009-12-09 00:00:00-05:00,3.5920559407280086,3.5920559407280086,3.4826447422969973,3.5045268535614014,25552400,0.0,0.0
2009-12-10 00:00:00-05:00,3.5213592549277632,3.570173341335304,3.512943132770957,3.5651237964630127,21166400,0.0,0.0
2009-12-11 00:00:00-05:00,3.763748911412927,3.7873143199998944,3.610573113488411,3.6560206413269043,43557200,0.0,0.0
2009-12-14 00:00:00-05:00,3.696416591113107,3.7687963874929404,3.6560186324241286,3.7502808570861816,18072000,0.0,0.0
2009-12-15 00:00:00-05:00,3.7267150638905635,3.758696900924888,3.6896836827827983,3.7553303241729736,15962000,0.0,0.0
2009-12-16 00:00:00-05:00,3.768798081294984,3.7923638085788043,3.7418660967316866,3.777214527130127,13728400,0.0,0.0
2009-12-17 00:00:00-05:00,3.768797441085887,3.8142452777116533,3.7233499255146474,3.8125619888305664,16027200,0.0,0.0
2009-12-18 00:00:00-05:00,3.812562261885642,3.8293948308475296,3.75028217409757,3.783946990966797,17775600,0.0,0.0
2009-12-21 00:00:00-05:00,3.7839467979772152,3.8260280577084242,3.775530674452787,3.8075125217437744,9394400,0.0,0.0
2009-12-22 00:00:00-05:00,3.8075126748711496,3.812562220767072,3.728399697919876,3.740182399749756,12574000,0.0,0.0
2009-12-23 00:00:00-05:00,3.726716097220975,3.7485985311214693,3.691367994687972,3.704833984375,14990800,0.0,0.0
2009-12-24 00:00:00-05:00,3.7031506955323064,3.7233498405901075,3.6981008290042268,3.704833984375,3045600,0.0,0.0
2009-12-28 00:00:00-05:00,3.733449219755276,3.7788970549447156,3.7267160644437225,3.743548631668091,12622400,0.0,0.0
2009-12-29 00:00:00-05:00,3.758697004462903,3.758697004462903,3.718299045490411,3.731765031814575,9635200,0.0,0.0
2009-12-30 00:00:00-05:00,3.7283984549699243,3.7351316086592257,3.709882924433223,3.731765031814575,6336000,0.0,0.0
2009-12-31 00:00:00-05:00,3.7166169801732187,3.73344954888148,3.6930515766143794,3.69305157661438,8567200,0.0,0.0
2010-01-04 00:00:00-05:00,3.7149328854401564,3.8630590726793166,3.703150186216366,3.854642629623413,26702800,0.0,0.0
2010-01-05 00:00:00-05:00,3.856326969931815,3.9960367522167135,3.854643680861568,3.959005355834961,21269600,0.0,0.0
2010-01-06 00:00:00-05:00,3.9489048182634803,4.056633049467008,3.908506851957594,4.0448503494262695,21471200,0.0,0.0
2010-01-07 00:00:00-05:00,3.3681845403953035,3.5634415872830387,3.268872727799265,3.4439306259155273,164761200,0.0,0.0
2010-01-08 00:00:00-05:00,3.474229142321009,3.573540953595709,3.405215893273109,3.415315628051758,47872400,0.0,0.0
2010-01-11 00:00:00-05:00,3.457396331026651,3.465812454252653,3.385016515486759,3.4203646183013916,28085200,0.0,0.0
2010-01-12 00:00:00-05:00,3.477594823124517,3.501160222750741,3.4169977143090935,3.496110677719116,28486000,0.0,0.0
2010-01-13 00:00:00-05:00,3.5062106982089167,3.5179934000698374,3.470862592626154,3.4994778633117676,17787600,0.0,0.0
2010-01-14 00:00:00-05:00,3.4876942395244113,3.506210094147053,3.4321469967109763,3.450662851333618,27087600,0.0,0.0
2010-01-15 00:00:00-05:00,3.448979562635697,3.4792781170892964,3.435513574106819,3.450662851333618,24515200,0.0,0.0
2010-01-19 00:00:00-05:00,3.4759116405537047,3.5028436183929443,3.43383038504808,3.5028436183929443,16406800,0.0,0.0
2010-01-20 00:00:00-05:00,3.475911485798602,3.496110628805973,3.4321469434947045,3.452346086502075,16296800,0.0,0.0
2010-01-21 00:00:00-05:00,3.438880497271712,3.475911889185899,3.422047929654527,3.437197208404541,17704000,0.0,0.0
2010-01-22 00:00:00-05:00,3.4371967346594374,3.4405633119297674,3.3631336399845755,3.3715500831604004,13537600,0.0,0.0
2010-01-25 00:00:00-05:00,3.3866995754714586,3.4153148419823895,3.3496678652487835,3.35471773147583,14026400,0.0,0.0
2010-01-26 00:00:00-05:00,3.337886483473835,3.374917887268326,3.2857057960691827,3.3059046268463135,25002400,0.0,0.0
2010-01-27 00:00:00-05:00,3.310952428919079,3.3681829488315036,3.2823371689628664,3.35640025138855,26276000,0.0,0.0
2010-01-28 00:00:00-05:00,3.3681830540724795,3.3681830540724795,3.324418518592327,3.3429343700408936,17192800,0.0,0.0
2010-01-29 00:00:00-05:00,3.3564014776095545,3.3732340462723904,3.319369762340407,3.3277862071990967,18107600,0.0,0.0
2010-02-01 00:00:00-05:00,3.3631338541330744,3.3782831317597144,3.30926989859591,3.35471773147583,22914400,0.0,0.0
2010-02-02 00:00:00-05:00,3.356400701849642,3.4169974855538454,3.3429347142426553,3.405214786529541,17193200,0.0,0.0
2010-02-03 00:00:00-05:00,3.4119481215418204,3.4624454974785173,3.3765997015425433,3.452346086502075,13012000,0.0,0.0
2010-02-04 00:00:00-05:00,3.427097511504733,3.437196922814093,3.3614505353576534,3.3833329677581787,20178400,0.0,0.0
2010-02-05 00:00:00-05:00,3.395116437073632,3.4186818424865124,3.346302016084587,3.391749858856201,13127200,0.0,0.0
2010-02-08 00:00:00-05:00,3.390065918017106,3.390065918017106,3.3109532714440655,3.3143198490142822,16622400,0.0,0.0
2010-02-09 00:00:00-05:00,3.1948089375003326,3.223424204951263,3.0752983223581873,3.167876958847046,44096400,0.0,0.0
2010-02-10 00:00:00-05:00,3.1678766109323746,3.2486725380187544,3.1628270661485227,3.226790428161621,22481600,0.0,0.0
2010-02-11 00:00:00-05:00,3.2301571079823583,3.2857043497503273,3.2200573759849203,3.258772373199463,16944400,0.0,0.0
2010-02-12 00:00:00-05:00,3.2368898387838,3.2419397046221268,3.164510033706823,3.226790428161621,19654800,0.0,0.0
2010-02-16 00:00:00-05:00,3.228473799059736,3.2402564985950004,3.1729265576402867,3.1964919567108154,15120800,0.0,0.0
2010-02-17 00:00:00-05:00,3.1914426848436577,3.2520398035105385,3.189759716929171,3.245306968688965,12235200,0.0,0.0
2010-02-18 00:00:00-05:00,3.2368906499178083,3.282338490688122,3.216691823611817,3.2688724994659424,9183200,0.0,0.0
2010-02-19 00:00:00-05:00,3.253723013632233,3.272238870788318,3.2368904454043865,3.250356435775757,11946800,0.0,0.0
2010-02-22 00:00:00-05:00,3.2570893850828253,3.2570893850828253,3.1981755605460735,3.211641550064087,10532800,0.0,0.0
2010-02-23 00:00:00-05:00,3.1998587739453566,3.221740886000913,3.16787692919846,3.17629337310791,14362000,0.0,0.0
2010-02-24 00:00:00-05:00,3.1880758879375852,3.194808721618696,3.1544107563685633,3.174609899520874,15390400,0.0,0.0
2010-02-25 00:00:00-05:00,2.9423213780698156,2.9507378220043594,2.881724587013641,2.947371244430542,65709600,0.0,0.0
2010-02-26 00:00:00-05:00,2.9608371325460014,2.9911356875665174,2.883407456265295,2.895190477371216,27936800,0.0,0.0
2010-03-01 00:00:00-05:00,2.9103397246004654,2.959153813027684,2.905289858464756,2.944004535675049,18755200,0.0,0.0
2010-03-02 00:00:00-05:00,2.959153813027684,2.984402501597245,2.9221224245292943,2.944004535675049,13546400,0.0,0.0
2010-03-03 00:00:00-05:00,2.9557873063452433,3.019750994710445,2.9406380286300378,3.0046017169952393,18618800,0.0,0.0
2010-03-04 00:00:00-05:00,3.0096515022721873,3.0584659168160275,2.969253532160661,2.994502544403076,19592400,0.0,0.0
2010-03-05 00:00:00-05:00,3.0046019219294475,3.0550993037213954,2.9877693543139574,3.043316602706909,17628800,0.0,0.0
2010-03-08 00:00:00-05:00,3.05173318213672,3.132529454556967,3.0450003467168663,3.10896372795105,14404400,0.0,0.0
2010-03-09 00:00:00-05:00,3.100546763162526,3.1274787396525023,3.009651101717992,3.039949655532837,20690400,0.0,0.0
2010-03-10 00:00:00-05:00,3.0349007589445858,3.088764723431475,3.019751478800829,3.076982021331787,15324000,0.0,0.0
2010-03-11 00:00:00-05:00,3.0702487162015357,3.319369700387348,3.053416147852865,3.257089614868164,70812800,0.0,0.0
2010-03-12 00:00:00-05:00,3.2873874006777024,3.3395680613395653,3.218374175625233,3.23352313041687,19390800,0.0,0.0
2010-03-15 00:00:00-04:00,3.230158393075638,3.2739229526458025,3.154411978232159,3.2655065059661865,16786000,0.0,0.0
2010-03-16 00:00:00-04:00,3.2806547769391963,3.2806547769391963,3.2150081183615233,3.267188787460327,14022800,0.0,0.0
2010-03-17 00:00:00-04:00,3.263821420072971,3.3513504910332768,3.2436226012694767,3.3429343700408936,29221600,0.0,0.0
2010-03-18 00:00:00-04:00,3.624037480954236,3.721665971220152,3.539874978274844,3.5617570877075195,75227200,0.0,0.0
2010-03-19 00:00:00-04:00,3.5533411502838135,3.5987886600880663,3.517992730375522,3.5533411502838135,31450800,0.0,0.0
2010-03-22 00:00:00-04:00,3.6425539390269437,3.704834348102999,3.6021559659997258,3.6358211040496826,32534400,0.0,0.0
2010-03-23 00:00:00-04:00,3.6274039362411017,3.7536476971922466,3.6105716916245383,3.7368154525756836,29708800,0.0,0.0
2010-03-24 00:00:00-04:00,3.7132505227669195,3.7132505227669195,3.62235516247877,3.65433669090271,22520800,0.0,0.0
2010-03-25 00:00:00-04:00,3.7031504879633435,3.736815620821174,3.6560193661732803,3.66611909866333,17515200,0.0,0.0
2010-03-26 00:00:00-04:00,3.6728517187721907,3.7031502723693848,3.630770465677084,3.7031502723693848,11542800,0.0,0.0
2010-03-29 00:00:00-04:00,3.7267166702337353,3.7536486537488,3.65770342234456,3.6644365787506104,13868000,0.0,0.0
2010-03-30 00:00:00-04:00,3.664436392149888,3.711567200373969,3.6459205340306835,3.6728525161743164,11360400,0.0,0.0
2010-03-31 00:00:00-04:00,3.645920136627439,3.706517250372837,3.645920136627439,3.6880013942718506,17516000,0.0,0.0
2010-04-01 00:00:00-04:00,3.689684228280276,3.7839461438889153,3.689684228280276,3.770480155944824,15999600,0.0,0.0
2010-04-05 00:00:00-04:00,3.780581378099663,3.814246524617739,3.762065836463889,3.810879945755005,12947600,0.0,0.0
2010-04-06 00:00:00-04:00,3.7990961089970106,3.81087881045175,3.7603814267730002,3.788996696472168,10560400,0.0,0.0
2010-04-07 00:00:00-04:00,3.7687961051583723,3.819293790527453,3.758696696506321,3.817610502243042,17577200,0.0,0.0
2010-04-08 00:00:00-04:00,3.810878266750134,3.9085067633736257,3.785629578513014,3.891674518585205,17962800,0.0,0.0
2010-04-09 00:00:00-04:00,3.9068244244556993,3.9354396970288392,3.8361282086268953,3.921973705291748,14136400,0.0,0.0
2010-04-12 00:00:00-04:00,3.9337557432372803,3.977519964625166,3.9034571891575998,3.9505879878997803,17782800,0.0,0.0
2010-04-13 00:00:00-04:00,3.945538780454469,3.987620037819648,3.9085070684982215,3.982570171356201,18796000,0.0,0.0
2010-04-14 00:00:00-04:00,3.997719334732746,4.041483879660571,3.9792034792870683,4.031384468078613,20700800,0.0,0.0
2010-04-15 00:00:00-04:00,4.039800945285728,4.189610127602624,4.021285088215718,4.11049747467041,28872400,0.0,0.0
2010-04-16 00:00:00-04:00,4.292287509556924,4.300703631153879,4.135745207839664,4.176143169403076,44103600,0.0,0.0
2010-04-19 00:00:00-04:00,4.216541865742159,4.320903525424575,4.203075876207769,4.258623123168945,47649600,0.0,0.0
2010-04-20 00:00:00-04:00,4.2889224203871885,4.300705123132304,4.231691874721281,4.275456428527832,27440000,0.0,0.0
2010-04-21 00:00:00-04:00,4.268723074377588,4.268723074377588,4.1694112760880335,4.231691360473633,28300400,0.0,0.0
2010-04-22 00:00:00-04:00,4.208126383218259,4.236741655466325,4.174461243730687,4.213176250457764,40112000,0.0,0.0
2010-04-23 00:00:00-04:00,4.206442088566563,4.253573208371312,4.186243266546305,4.245156764984131,26032800,0.0,0.0
2010-04-26 00:00:00-04:00,4.231690459602309,4.29902071743776,4.199708940290379,4.2855544090271,21112000,0.0,0.0
2010-04-27 00:00:00-04:00,4.263672408242246,4.334368923921198,4.11386325496842,4.130695819854736,24509600,0.0,0.0
2010-04-28 00:00:00-04:00,4.139113840583124,4.2199098038371075,4.1104985634655105,4.160995960235596,14573600,0.0,0.0
2010-04-29 00:00:00-04:00,4.206442832946777,4.2535739610919405,4.1559454479055296,4.206442832946777,13401600,0.0,0.0
2010-04-30 00:00:00-04:00,4.218225184145861,4.231691173774681,4.075148843680569,4.091981410980225,16750000,0.0,0.0
2010-05-03 00:00:00-04:00,4.140796006732491,4.2603066298291745,4.091981591515289,4.231691360473633,13205200,0.0,0.0
2010-05-04 00:00:00-04:00,4.258622922356925,4.258622922356925,4.120596455874319,4.164361000061035,19578400,0.0,0.0
2010-05-05 00:00:00-04:00,4.107131209543885,4.187927157548263,3.9926701226770716,4.125647068023682,17316800,0.0,0.0
2010-05-06 00:00:00-04:00,4.086932011220837,4.112180702543134,3.7183000905407977,3.9017744064331055,26537200,0.0,0.0
2010-05-07 00:00:00-04:00,3.8731586743938333,3.930389205779839,3.689684380430667,3.800778865814209,28214400,0.0,0.0
2010-05-10 00:00:00-04:00,3.9724714150967664,4.028018671144089,3.858010324804206,3.921973705291748,19441200,0.0,0.0
2010-05-11 00:00:00-04:00,3.8529598414040143,3.918606821547873,3.7418653470738117,3.8613762855529785,25358000,0.0,0.0
2010-05-12 00:00:00-04:00,3.8361272520042458,3.910190027561783,3.7502814556923614,3.89504075050354,20704000,0.0,0.0
2010-05-13 00:00:00-04:00,3.8899902932006354,3.947220810652946,3.8125606373898107,3.817610502243042,14396400,0.0,0.0
2010-05-14 00:00:00-04:00,3.6526532928789894,3.753648054407464,3.5129435303064485,3.6779019832611084,37874000,0.0,0.0
2010-05-17 00:00:00-04:00,3.674535793449817,3.711567188515357,3.58364043426911,3.7082009315490723,20410800,0.0,0.0
2010-05-18 00:00:00-04:00,3.7334505076535742,3.7721652008865556,3.587007539655192,3.6038401126861572,17028000,0.0,0.0
2010-05-19 00:00:00-04:00,3.5937393790907493,3.6189880688485583,3.484328176103904,3.580273389816284,25809600,0.0,0.0
2010-05-20 00:00:00-04:00,3.6274036551167246,3.846226349772606,3.4691783848130044,3.4708616733551025,58545600,0.0,0.0
2010-05-21 00:00:00-04:00,3.4456135590897166,3.6358210399245396,3.4136320316663227,3.5853233337402344,24071200,0.0,0.0
2010-05-24 00:00:00-04:00,3.5886892201272045,3.630770473310787,3.534825267420936,3.581956386566162,19369200,0.0,0.0
2010-05-25 00:00:00-04:00,3.499477539815417,3.7031506727081998,3.4775951060497934,3.6880013942718506,32569200,0.0,0.0
2010-05-26 00:00:00-04:00,3.7166177772082185,3.736816928200783,3.6375051046844513,3.645921230316162,20909200,0.0,0.0
2010-05-27 00:00:00-04:00,3.800779042186904,3.874842142897613,3.7873130530626393,3.8681089878082275,19578400,0.0,0.0
2010-05-28 00:00:00-04:00,3.8580098716331084,3.8967245531979056,3.7502819503903573,3.836127758026123,15776800,0.0,0.0
2010-06-01 00:00:00-04:00,3.8041464402137124,3.815929143106936,3.6795859336853027,3.6795859336853027,16959200,0.0,0.0
2010-06-02 00:00:00-04:00,3.691367520196321,3.7435481833943896,3.6509695563280284,3.725032329559326,14154800,0.0,0.0
2010-06-03 00:00:00-04:00,3.7317647260645765,3.8277099108950936,3.7081993321916533,3.817610502243042,13562000,0.0,0.0
2010-06-04 00:00:00-04:00,3.7300832484367605,3.788997082771428,3.6274048606264695,3.6644365787506104,16968000,0.0,0.0
2010-06-07 00:00:00-04:00,3.666119333624409,3.7098838807226526,3.5516582598373914,3.5583910942077637,17799600,0.0,0.0
2010-06-08 00:00:00-04:00,3.556707489629982,3.5735400556435026,3.450662869537443,3.53314208984375,25142000,0.0,0.0
2010-06-09 00:00:00-04:00,3.5482913671504686,3.607205187670543,3.514626235123428,3.53314208984375,15337600,0.0,0.0
2010-06-10 00:00:00-04:00,3.5937398345600204,3.644237220475659,3.5432421275898327,3.573540687561035,14132800,0.0,0.0
2010-06-11 00:00:00-04:00,3.541559859842649,3.7082016515765073,3.509578004543844,3.645921230316162,20270000,0.0,0.0
2010-06-14 00:00:00-04:00,3.6526539245382827,3.731766587031205,3.6375046434783185,3.6829521656036377,17182000,0.0,0.0
2010-06-15 00:00:00-04:00,3.6913677592365746,3.7300824369855747,3.3328352849746223,3.486011028289795,86314800,0.0,0.0
2010-06-16 00:00:00-04:00,3.462447010114897,3.4658135889292945,3.2789726384403877,3.3059046268463135,40100400,0.0,0.0
2010-06-17 00:00:00-04:00,3.3075864603024727,3.3328351481870975,3.231840396648598,3.258772373199463,26484400,0.0,0.0
2010-06-18 00:00:00-04:00,3.2570888489855037,3.2789709579551682,3.215007598536219,3.23352313041687,24309600,0.0,0.0
2010-06-21 00:00:00-04:00,3.285704384222362,3.285704384222362,3.1544107563685633,3.174609899520874,19453600,0.0,0.0
2010-06-22 00:00:00-04:00,3.174609582726118,3.231840108049719,3.1544104415894823,3.1695597171783447,19208800,0.0,0.0
2010-06-23 00:00:00-04:00,3.1577770195843105,3.2032248463647575,3.1190623468696144,3.179659128189087,14618800,0.0,0.0
2010-06-24 00:00:00-04:00,3.166193680441698,3.189759402631555,3.0752983324521406,3.0921308994293213,24058000,0.0,0.0
2010-06-25 00:00:00-04:00,3.098864336789771,3.1527283047579067,3.0550997825520176,3.115696907043457,25433200,0.0,0.0
2010-06-28 00:00:00-04:00,3.083714498395275,3.1813430029582865,3.0584658081048355,3.1560943126678467,21330400,0.0,0.0
2010-06-29 00:00:00-04:00,3.1241126952127503,3.1241126952127503,3.023117605621195,3.083714723587036,27437600,0.0,0.0
2010-06-30 00:00:00-04:00,3.0887639224328756,3.1779759700837724,3.070248069046703,3.1628270149230957,32174400,0.0,0.0
2010-07-01 00:00:00-04:00,3.144311655029872,3.253722861824308,3.1392617884807676,3.20995831489563,39145600,0.0,0.0
2010-07-02 00:00:00-04:00,3.201541830918041,3.2284738073692445,3.0702482049275606,3.0752980709075928,22867200,0.0,0.0
2010-07-06 00:00:00-04:00,3.0971806049346924,3.171243710831268,3.071931913690607,3.0971806049346924,16960800,0.0,0.0
2010-07-07 00:00:00-04:00,3.1123297663389775,3.1712435910530137,3.0938139103005478,3.1560943126678467,16324400,0.0,0.0
2010-07-08 00:00:00-04:00,3.1729273796081543,3.230157924509234,3.149361653378284,3.1729273796081543,16996400,0.0,0.0
2010-07-09 00:00:00-04:00,3.1645101385358427,3.2150078354284966,3.125795462322948,3.2032251358032227,10320000,0.0,0.0
2010-07-12 00:00:00-04:00,3.1981752414099214,3.272238336895722,3.196491952756326,3.2520391941070557,15144400,0.0,0.0
2010-07-13 00:00:00-04:00,3.2823385653277657,3.317686672694336,3.246990457961195,3.2840218544006348,12702800,0.0,0.0
2010-07-14 00:00:00-04:00,3.2823385653277657,3.3429356877328154,3.2284745992141937,3.2840218544006348,15780000,0.0,0.0
2010-07-15 00:00:00-04:00,3.2806542702247357,3.3008534118504316,3.228473609185512,3.2857041358947754,13475600,0.0,0.0
2010-07-16 00:00:00-04:00,3.2655055648326496,3.273922009086608,3.169560347719165,3.1897594928741455,17426800,0.0,0.0
2010-07-19 00:00:00-04:00,3.1964932484664,3.2739229526458025,3.1964932484664,3.2655065059661865,15486400,0.0,0.0
2010-07-20 00:00:00-04:00,3.221741403684623,3.3345192017568364,3.211641990424971,3.3328359127044678,11388000,0.0,0.0
2010-07-21 00:00:00-04:00,3.3395687010045316,3.3732338362340037,3.3008540202288046,3.309270143508911,16517200,0.0,0.0
2010-07-22 00:00:00-04:00,3.3412522157030544,3.385016766037557,3.3193697800085302,3.3648176193237305,13131600,0.0,0.0
2010-07-23 00:00:00-04:00,3.353034354235627,3.450662851333618,3.3311522432716343,3.450662851333618,12521600,0.0,0.0
2010-07-26 00:00:00-04:00,3.440563901345863,3.516309976577759,3.418681466394434,3.516309976577759,7603600,0.0,0.0
2010-07-27 00:00:00-04:00,3.5365095559043835,3.5365095559043835,3.4085824715326583,3.415315628051758,13526000,0.0,0.0
2010-07-28 00:00:00-04:00,3.4186819572359597,3.480962372130628,3.363134699002155,3.3681845664978027,11020000,0.0,0.0
2010-07-29 00:00:00-04:00,3.373233968093304,3.3951160821096638,3.2739221684442503,3.3227362632751465,14032400,0.0,0.0
2010-07-30 00:00:00-04:00,3.284022136802289,3.3782840856068708,3.2655062764630602,3.374917507171631,9482400,0.0,0.0
2010-08-02 00:00:00-04:00,3.405214958089663,3.5617572725667714,3.405214958089663,3.5533411502838135,18259600,0.0,0.0
2010-08-03 00:00:00-04:00,3.549974418305522,3.549974418305522,3.45234592722545,3.4775946140289307,9780400,0.0,0.0
2010-08-04 00:00:00-04:00,3.502844463301128,3.6173055572538857,3.480962346424079,3.5785908699035645,14005600,0.0,0.0
2010-08-05 00:00:00-04:00,3.568491120419169,3.571857377353559,3.5028441338530687,3.5567080974578857,8965600,0.0,0.0
2010-08-06 00:00:00-04:00,3.5230427855298814,3.534825485780429,3.440563562721545,3.529775619506836,10918000,0.0,0.0
2010-08-09 00:00:00-04:00,3.5617577585915856,3.6021557289604216,3.5129436647913574,3.528092622756958,13735200,0.0,0.0
2010-08-10 00:00:00-04:00,3.492743461361977,3.5230420102268383,3.435512940407113,3.455712080001831,14230000,0.0,0.0
2010-08-11 00:00:00-04:00,3.416997133726288,3.4287801525918353,3.3277850954110546,3.3429343700408936,17867600,0.0,0.0
2010-08-12 00:00:00-04:00,3.314319824441866,3.390065892883108,3.2722385682896746,3.317686080932617,14706400,0.0,0.0
2010-08-13 00:00:00-04:00,3.3025369936864557,3.322735816051429,3.2756046954423366,3.2941205501556396,9609200,0.0,0.0
2010-08-16 00:00:00-04:00,3.2772873290262594,3.354716988759292,3.223423385414286,3.3378844261169434,8584000,0.0,0.0
2010-08-17 00:00:00-04:00,3.366500508848592,3.401848610085339,3.3261025412689498,3.3698670864105225,6376800,0.0,0.0
2010-08-18 00:00:00-04:00,3.351351111797347,3.512943297428881,3.351351111797347,3.494427442550659,13283200,0.0,0.0
2010-08-19 00:00:00-04:00,3.2604555871847807,3.310952961797385,3.172926504872087,3.2082746028900146,47737200,0.0,0.0
2010-08-20 00:00:00-04:00,3.191442894601573,3.2183751988216267,3.1241129366878497,3.166194200515747,16035600,0.0,0.0
2010-08-23 00:00:00-04:00,3.1863933694097946,3.196492782899749,3.083714982255796,3.1005475521087646,11727200,0.0,0.0
2010-08-24 00:00:00-04:00,3.0702486260694264,3.1190630407420925,3.0248007891785704,3.08708119392395,13345600,0.0,0.0
2010-08-25 00:00:00-04:00,3.0534164207313657,3.1241129572701807,3.0332175937514565,3.1005475521087646,13495600,0.0,0.0
2010-08-26 00:00:00-04:00,3.1089633073966616,3.1342123197057115,3.0651987593967105,3.08708119392395,13732000,0.0,0.0
2010-08-27 00:00:00-04:00,3.1039138158233173,3.1039138158233173,3.0130181404589447,3.085397958755493,13263600,0.0,0.0
2010-08-30 00:00:00-04:00,3.058465806301843,3.0635156727787605,2.989452569723218,3.0079684257507324,11451600,0.0,0.0
2010-08-31 00:00:00-04:00,2.9928189100693467,3.051732409022797,2.9793529215864885,3.0180675983428955,16536400,0.0,0.0
2010-09-01 00:00:00-04:00,3.056782874121927,3.1089635495867816,3.039950304956136,3.076982021331787,12469200,0.0,0.0
2010-09-02 00:00:00-04:00,3.080348059102107,3.142628464266857,3.080348059102107,3.114013195037842,7676800,0.0,0.0
2010-09-03 00:00:00-04:00,3.145995179300357,3.2150084220299093,3.145995179300357,3.199859142303467,7668000,0.0,0.0
2010-09-07 00:00:00-04:00,3.191442414863559,3.1931257036901903,3.1476781895892056,3.1560943126678467,6510400,0.0,0.0
2010-09-08 00:00:00-04:00,3.142628408888289,3.1779765120488386,3.1140131401635247,3.125795841217041,8611600,0.0,0.0
2010-09-09 00:00:00-04:00,3.14599561372246,3.1594616063327203,3.0820319080327825,3.0938146114349365,8307200,0.0,0.0
2010-09-10 00:00:00-04:00,3.1072801828225125,3.1190632056819494,3.066882210468078,3.071932077407837,12256400,0.0,0.0
2010-09-13 00:00:00-04:00,3.1055966735792726,3.1779761607725105,3.1022300962062412,3.139261484146118,10225200,0.0,0.0
2010-09-14 00:00:00-04:00,3.149361267052995,3.1964923926766957,3.129162442538928,3.1325290203094482,12170800,0.0,0.0
2010-09-15 00:00:00-04:00,3.1123297444604834,3.147678167462226,3.0904476319771295,3.129162311553955,8092800,0.0,0.0
2010-09-16 00:00:00-04:00,3.2907552038958086,3.4001667633485257,3.2385745187006414,3.2655065059661865,44586000,0.0,0.0
2010-09-17 00:00:00-04:00,3.3042198287541242,3.3042198287541242,3.2082746237341344,3.26045560836792,20073200,0.0,0.0
2010-09-20 00:00:00-04:00,3.2789718010603073,3.322736351307052,3.263822521318952,3.292437791824341,15766800,0.0,0.0
2010-09-21 00:00:00-04:00,3.292438141087776,3.32441999294046,3.248673586198466,3.2789721488952637,13212800,0.0,0.0
2010-09-22 00:00:00-04:00,3.2705552038949883,3.2890710589112695,3.246989803732084,3.2823379039764404,10188800,0.0,0.0
2010-09-23 00:00:00-04:00,3.2671884135920677,3.341251507777977,3.248672559781971,3.2890708446502686,11340800,0.0,0.0
2010-09-24 00:00:00-04:00,3.34125179597717,3.373233640483796,3.302537117448073,3.353034496307373,11678800,0.0,0.0
2010-09-27 00:00:00-04:00,3.3732336167581187,3.3749165844610207,3.3227359171994895,3.3362019062042236,5881200,0.0,0.0
2010-09-28 00:00:00-04:00,3.3547177610007837,3.368183750003589,3.2840212384724285,3.346301317214966,10490400,0.0,0.0
2010-09-29 00:00:00-04:00,3.3362021470392884,3.358084581410703,3.3075868782067257,3.3160033226013184,6109200,0.0,0.0
2010-09-30 00:00:00-04:00,3.331152391113644,3.361450625857437,3.258772579163154,3.317686080932617,8918000,0.0,0.0
2010-10-01 00:00:00-04:00,3.358084017310148,3.3749162611627526,3.284020924351694,3.36650013923645,11784400,0.0,0.0
2010-10-04 00:00:00-04:00,3.34461829597748,3.36650040736135,3.302537040885463,3.347984552383423,8826400,0.0,0.0
2010-10-05 00:00:00-04:00,3.379966046906272,3.4658118369503232,3.374916181237399,3.406898021697998,12304400,0.0,0.0
2010-10-06 00:00:00-04:00,3.401848316192627,3.4254140360357406,3.3782829174039923,3.401848316192627,9574800,0.0,0.0
2010-10-07 00:00:00-04:00,3.4102650302436497,3.427097596881585,3.34125179597717,3.353034496307373,8383200,0.0,0.0
2010-10-08 00:00:00-04:00,3.353035465115106,3.400166601108236,3.339569472124869,3.379967451095581,8096400,0.0,0.0
2010-10-11 00:00:00-04:00,3.379967089374752,3.432147766495772,3.3648178087501717,3.428781509399414,9967200,0.0,0.0
2010-10-12 00:00:00-04:00,3.395116323423864,3.4001661905809692,3.2823385253516504,3.3328359127044678,21450800,0.0,0.0
2010-10-13 00:00:00-04:00,3.3463011664142477,3.3463011664142477,3.236889970565244,3.2402565479278564,20300800,0.0,0.0
2010-10-14 00:00:00-04:00,3.240256771873195,3.2655054617288375,3.1392616913961153,3.167876958847046,22972000,0.0,0.0
2010-10-15 00:00:00-04:00,3.1695605336871306,3.188076391077702,3.0635158983014485,3.083714723587036,30591200,0.0,0.0
2010-10-18 00:00:00-04:00,3.1022300473587965,3.1375781460555694,3.0180675406851645,3.0752980709075928,25016000,0.0,0.0
2010-10-19 00:00:00-04:00,3.0450002963321645,3.142628816213903,3.039950429059904,3.1005475521087646,28256400,0.0,0.0
2010-10-20 00:00:00-04:00,3.1106463179974706,3.220057517681747,3.0820310515211675,3.1914422512054443,22742800,0.0,0.0
2010-10-21 00:00:00-04:00,3.196491689977026,3.2166908311051485,3.1830257029097635,3.2049081325531006,13030400,0.0,0.0
2010-10-22 00:00:00-04:00,3.2116413649196494,3.2251073536613766,3.184709387436195,3.220057487487793,9695200,0.0,0.0
2010-10-25 00:00:00-04:00,3.240257848397619,3.265506546641742,3.2015431563529893,3.236891269683838,12758000,0.0,0.0
2010-10-26 00:00:00-04:00,3.221741946396022,3.278972499598959,3.1981765378023232,3.2655065059661865,8827200,0.0,0.0
2010-10-27 00:00:00-04:00,3.2486730918117135,3.265505659754399,3.2032255757373505,3.262139081954956,13015600,0.0,0.0
2010-10-28 00:00:00-04:00,3.284021354572542,3.297487344051411,3.2436233861359343,3.267188787460327,8272400,0.0,0.0
2010-10-29 00:00:00-04:00,3.258772814625201,3.309270197234708,3.2301575455319393,3.307586908340454,9536000,0.0,0.0
2010-11-01 00:00:00-04:00,3.3227362544173227,3.3362022447886925,3.2251077439612548,3.250356435775757,9892000,0.0,0.0
2010-11-02 00:00:00-04:00,3.268872281512597,3.3193696649651976,3.2436235897862966,3.295804262161255,7034400,0.0,0.0
2010-11-03 00:00:00-04:00,3.3042195900632905,3.341251295328871,3.258772084321511,3.2907536029815674,10092400,0.0,0.0
2010-11-04 00:00:00-04:00,3.305903215628389,3.3614504581355336,3.305903215628389,3.358084201812744,11070400,0.0,0.0
2010-11-05 00:00:00-04:00,3.3446187936644494,3.4270980273913625,3.3412522157030544,3.3648176193237305,14497200,0.0,0.0
2010-11-08 00:00:00-05:00,3.368183010182106,3.4944267497494064,3.3261017636596724,3.455712080001831,14281600,0.0,0.0
2010-11-09 00:00:00-05:00,3.4658122680470544,3.4809615458835585,3.3934324563958684,3.398482322692871,15514000,0.0,0.0
2010-11-10 00:00:00-05:00,3.403531418889045,3.4287804259883163,3.3749161557570706,3.3900654315948486,16176400,0.0,0.0
2010-11-11 00:00:00-05:00,3.3665005586000314,3.560074276508631,3.334518713398068,3.5516581535339355,29224000,0.0,0.0
2010-11-12 00:00:00-05:00,3.5365084026577964,3.5684902435851726,3.474228009383903,3.5062098503112793,13454000,0.0,0.0
2010-11-15 00:00:00-05:00,3.526409020602,3.5415582968971555,3.4826444803109355,3.487694025039673,8705200,0.0,0.0
2010-11-16 00:00:00-05:00,3.4674953061308504,3.570173344977453,3.4590788629109777,3.5095765590667725,23330800,0.0,0.0
2010-11-17 00:00:00-05:00,3.607205376336424,3.7250327024847443,3.531458985841103,3.534825563430786,46576000,0.0,0.0
2010-11-18 00:00:00-05:00,3.450663785385876,3.6476041215891066,3.376600667901824,3.433831214904785,44690400,0.0,0.0
2010-11-19 00:00:00-05:00,3.4270974031092836,3.433830236751072,3.349667729374553,3.3866994380950928,14322800,0.0,0.0
2010-11-22 00:00:00-05:00,3.385016749689547,3.475912106826422,3.373234047936114,3.430464267730713,13339600,0.0,0.0
2010-11-23 00:00:00-05:00,3.4085814707347963,3.442246601336685,3.3833327833106197,3.401848316192627,8614400,0.0,0.0
2010-11-24 00:00:00-05:00,3.425414800643921,3.450663493704016,3.393432951538707,3.425414800643921,7475200,0.0,0.0
2010-11-26 00:00:00-05:00,3.4220475855779404,3.4893775282223323,3.408581597049062,3.450662851333618,4770000,0.0,0.0
2010-11-29 00:00:00-05:00,3.4304636594029345,3.443929647740998,3.3799662833988178,3.3866994380950928,10330400,0.0,0.0
2010-11-30 00:00:00-05:00,3.3665004854068203,3.4102650302436497,3.347984629999641,3.353034496307373,12746000,0.0,0.0
2010-12-01 00:00:00-05:00,3.4035324739692916,3.450663604636654,3.3496685080949127,3.4119489192962646,17286400,0.0,0.0
2010-12-02 00:00:00-05:00,3.4203645669617906,3.573540318968412,3.4001657431007617,3.5600743293762207,21618400,0.0,0.0
2010-12-03 00:00:00-05:00,3.5567069585708566,3.6038380721605727,3.5365081392141535,3.590372085571289,15067200,0.0,0.0
2010-12-06 00:00:00-05:00,3.5886898595199455,3.6004725611419417,3.538192475124379,3.576907157897949,8966800,0.0,0.0
2010-12-07 00:00:00-05:00,3.6038392359386524,3.6290879288152462,3.5954231119979707,3.608889102935791,12620400,0.0,0.0
2010-12-08 00:00:00-05:00,3.6173045931010948,3.6391870252002003,3.5701734725491305,3.5886893272399902,10954000,0.0,0.0
2010-12-09 00:00:00-05:00,3.615622535235439,3.659387093277588,3.6021565420728243,3.642554521560669,10022800,0.0,0.0
2010-12-10 00:00:00-05:00,3.6593861166007655,3.748598498151756,3.6593861166007655,3.743548631668091,14664800,0.0,0.0
2010-12-13 00:00:00-05:00,3.7637479749168996,3.7637479749168996,3.6627528873022515,3.6896848678588867,14086800,0.0,0.0
2010-12-14 00:00:00-05:00,3.657703345760392,3.681269071633586,3.585323521183664,3.65938663482666,16030000,0.0,0.0
2010-12-15 00:00:00-05:00,3.6526534098975536,3.7014675033928848,3.6223548520465423,3.6290876865386963,15179200,0.0,0.0
2010-12-16 00:00:00-05:00,3.6391877317334806,3.6644364250882693,3.585323445907496,3.65433669090271,9459600,0.0,0.0
2010-12-17 00:00:00-05:00,3.644236934065968,3.6762187805280986,3.620671531964674,3.6476035118103027,9826000,0.0,0.0
2010-12-20 00:00:00-05:00,3.6678032686737025,3.6745361042302647,3.5735410024452094,3.5785908699035645,13609200,0.0,0.0
2010-12-21 00:00:00-05:00,3.59710699529597,3.6476043893921255,3.5853239703559048,3.642554521560669,7195200,0.0,0.0
2010-12-22 00:00:00-05:00,3.6476035890108713,3.6728522805187147,3.6122551640562657,3.652653455734253,5863600,0.0,0.0
2010-12-23 00:00:00-05:00,3.65601987690256,3.755331679546615,3.6492870420231482,3.740182399749756,12488400,0.0,0.0
2010-12-27 00:00:00-05:00,3.7250324851130867,3.775530182848046,3.7166163626845057,3.7452316284179688,7621600,0.0,0.0
2010-12-28 00:00:00-05:00,3.7435488054355712,3.795729477304163,3.71998340286031,3.790679931640625,7936000,0.0,0.0
2010-12-29 00:00:00-05:00,3.795729531137218,3.81087881045175,3.7704808392978433,3.788996696472168,7957600,0.0,0.0
2010-12-30 00:00:00-05:00,3.792363230180115,3.8714758826369784,3.7839467856286197,3.8630597591400146,12323200,0.0,0.0
2010-12-31 00:00:00-05:00,3.8630598973358516,3.869792732163374,3.8277114710640925,3.8512768745422363,6328800,0.0,0.0
2011-01-03 00:00:00-05:00,3.883257600004921,3.9101895736365497,3.854642337889508,3.856325626373291,9595200,0.0,0.0
2011-01-04 00:00:00-05:00,3.866426115804643,3.868109404758434,3.7822635944423384,3.787313461303711,11084000,0.0,0.0
2011-01-05 00:00:00-05:00,3.7856295195270913,3.81256149603431,3.6829511584342667,3.6846344470977783,24244800,0.0,0.0
2011-01-06 00:00:00-05:00,3.583639713484563,3.5886892584456405,3.4590789202032086,3.4725449085235596,45365600,0.0,0.0
2011-01-07 00:00:00-05:00,3.47086198939752,3.528092199767709,3.396798892073613,3.496110677719116,23160800,0.0,0.0
2011-01-10 00:00:00-05:00,3.475912063618855,3.492744632080755,3.4169982345294767,3.484328508377075,14912000,0.0,0.0
2011-01-11 00:00:00-05:00,3.477594968352223,3.4843281234148935,3.3850163336220347,3.398482322692871,17895600,0.0,0.0
2011-01-12 00:00:00-05:00,3.40858156817461,3.496110653398097,3.400165445810789,3.479278087615967,18063200,0.0,0.0
2011-01-13 00:00:00-05:00,3.472545464042803,3.5348258706467663,3.4624460514505113,3.467495918273926,14550400,0.0,0.0
2011-01-14 00:00:00-05:00,3.465812905895853,3.4725457411431315,3.420365064022112,3.428781509399414,16853600,0.0,0.0
2011-01-18 00:00:00-05:00,3.437197633722153,3.4641296168203928,3.3867002456765936,3.428781509399414,11729200,0.0,0.0
2011-01-19 00:00:00-05:00,3.42036521989429,3.4540303608285527,3.3867004000146057,3.4439306259155273,15343600,0.0,0.0
2011-01-20 00:00:00-05:00,3.438881456544507,3.5381932800288616,3.438881456544507,3.5365099906921387,19676800,0.0,0.0
2011-01-21 00:00:00-05:00,3.5651245793341557,3.570174125315285,3.5011608811004127,3.517993450164795,17216000,0.0,0.0
2011-01-24 00:00:00-05:00,3.5078929539700376,3.549974203109741,3.448979140963562,3.549974203109741,11408800,0.0,0.0
2011-01-25 00:00:00-05:00,3.5331434620650772,3.549976034616123,3.5028448956841185,3.544926166534424,11108400,0.0,0.0
2011-01-26 00:00:00-05:00,3.546608526645819,3.5769070850882327,3.5230431238815116,3.5415589809417725,8602800,0.0,0.0
2011-01-27 00:00:00-05:00,3.5432421084564005,3.576907246254735,3.5264098606117815,3.5466086864471436,13016400,0.0,0.0
2011-01-28 00:00:00-05:00,3.5466090899770766,3.565124949978333,3.4792791277742143,3.5314598083496094,13380400,0.0,0.0
2011-01-31 00:00:00-05:00,3.5499752644378866,3.5651245443416824,3.506210713721871,3.5466086864471436,8538000,0.0,0.0
2011-02-01 00:00:00-05:00,3.5583910597688493,3.565124215128578,3.4540297201292045,3.4590792655944824,16999600,0.0,0.0
2011-02-02 00:00:00-05:00,3.4439298182420948,3.4439298182420948,3.321052628442085,3.3362019062042236,30396000,0.0,0.0
2011-02-03 00:00:00-05:00,3.3311523140904544,3.398482258166251,3.2301572374495104,3.2823379039764404,25717600,0.0,0.0
2011-02-04 00:00:00-05:00,3.314320700610266,3.4220486421012173,3.314320700610266,3.374917507171631,23932800,0.0,0.0
2011-02-07 00:00:00-05:00,3.390065431594849,3.411947861606956,3.3749161557570706,3.3900654315948486,14493200,0.0,0.0
2011-02-08 00:00:00-05:00,3.39006590967309,3.3934324872350206,3.339568530462164,3.3698670864105225,18070400,0.0,0.0
2011-02-09 00:00:00-05:00,3.3732338602664433,3.3866998502432653,3.304220300448889,3.3160033226013184,15080800,0.0,0.0
2011-02-10 00:00:00-05:00,3.295804561929111,3.4809621865204337,3.2840218594554518,3.428781509399414,24326000,0.0,0.0
2011-02-11 00:00:00-05:00,3.4119486271248913,3.4355140299133433,3.378283490808931,3.4136319160461426,16693600,0.0,0.0
2011-02-14 00:00:00-05:00,3.3109534237419815,3.366500671987596,3.292437567308603,3.344618558883667,19096800,0.0,0.0
2011-02-15 00:00:00-05:00,3.3294692483223294,3.3917493303677335,3.3294692483223294,3.3732337951660156,17814400,0.0,0.0
2011-02-16 00:00:00-05:00,3.3883831934353026,3.418681754503281,3.3631344995635075,3.4119489192962646,17260400,0.0,0.0
2011-02-17 00:00:00-05:00,3.3967991420253507,3.4641290895222108,3.3765999972490355,3.385016441345215,12615200,0.0,0.0
2011-02-18 00:00:00-05:00,3.3951155897993437,3.4270974327745147,3.3429349246694784,3.358084201812744,14541600,0.0,0.0
2011-02-22 00:00:00-05:00,3.364818251507318,3.3715514086951375,3.2924384170112897,3.3126375675201416,21687200,0.0,0.0
2011-02-23 00:00:00-05:00,3.316004146114051,3.3496689688893304,3.2890721594719854,3.3126375675201416,16189600,0.0,0.0
2011-02-24 00:00:00-05:00,3.310953837457421,3.3193699617672054,3.273922441017981,3.2840218544006348,14920000,0.0,0.0
2011-02-25 00:00:00-05:00,3.3025371709716356,3.3463013954632377,3.280654737671324,3.341251850128174,9886000,0.0,0.0
2011-02-28 00:00:00-05:00,3.3665003242014517,3.3681836128900913,3.326102358837573,3.358084201812744,8912400,0.0,0.0
2011-03-01 00:00:00-05:00,3.3580838327386284,3.3749160756660768,3.3092694292965565,3.319368839263916,15414400,0.0,0.0
2011-03-02 00:00:00-05:00,3.309270167085644,3.354718003652866,3.3008540437455776,3.3160033226013184,11159600,0.0,0.0
2011-03-03 00:00:00-05:00,3.3362017697181825,3.395115589599132,3.305903215433438,3.3883824348449707,13021200,0.0,0.0
2011-03-04 00:00:00-05:00,3.3698679605733615,3.3900667890756195,3.353035389451753,3.374917507171631,9802800,0.0,0.0
2011-03-07 00:00:00-05:00,3.3866996363923567,3.4136316146453987,3.314319824441866,3.317686080932617,14274400,0.0,0.0
2011-03-08 00:00:00-05:00,3.316003083224374,3.371550328000714,3.2756047951556697,3.3362019062042236,9460400,0.0,0.0
2011-03-09 00:00:00-05:00,3.336201906684861,3.347984606933888,3.3160030837021015,3.3261024951934814,15137200,0.0,0.0
2011-03-10 00:00:00-05:00,3.310953541407942,3.3294693984993446,3.282338271836926,3.295804262161255,20054400,0.0,0.0
2011-03-11 00:00:00-05:00,3.2739222443216565,3.3513516106943406,3.2739222443216565,3.3277862071990967,13231600,0.0,0.0
2011-03-14 00:00:00-04:00,3.307586639437351,3.385016317005448,3.2974872279474265,3.3362019062042236,16224400,0.0,0.0
2011-03-15 00:00:00-04:00,3.2705545310922375,3.482644052091834,3.2688712427048086,3.455712080001831,26211600,0.0,0.0
2011-03-16 00:00:00-04:00,3.4422465157188475,3.50957645419347,3.4203640850555503,3.4573957920074463,21472400,0.0,0.0
2011-03-17 00:00:00-04:00,3.4994782769623654,3.5870070672987935,3.484328995334898,3.5314598083496094,17913200,0.0,0.0
2011-03-18 00:00:00-04:00,3.5617577585915856,3.56344104748877,3.469179116628153,3.528092622756958,22613600,0.0,0.0
2011-03-21 00:00:00-04:00,3.5533417563051626,3.5735405816509593,3.521359908277354,3.566807746887207,14425600,0.0,0.0
2011-03-22 00:00:00-04:00,3.570173556736708,3.585322834376554,3.5331421675362513,3.5381920337677,10503600,0.0,0.0
2011-03-23 00:00:00-04:00,3.5280921413259687,3.565123849901749,3.4826446315217154,3.5533411502838135,15660000,0.0,0.0
2011-03-24 00:00:00-04:00,3.740181907408977,3.770480463014329,3.6206712948039823,3.657702684402466,36630400,0.0,0.0
2011-03-25 00:00:00-04:00,3.6762197922976,3.7115679051780517,3.6526543837106322,3.6560206413269043,20421600,0.0,0.0
2011-03-28 00:00:00-04:00,3.6694857738231357,3.7098840662841006,3.6694857738231357,3.698101043701172,11341600,0.0,0.0
2011-03-29 00:00:00-04:00,3.693050441592563,3.780579194076262,3.6880005762157464,3.7570137977600098,15980000,0.0,0.0
2011-03-30 00:00:00-04:00,3.7906802196482694,3.834444771366412,3.7452323788962105,3.8091957569122314,14192400,0.0,0.0
2011-03-31 00:00:00-04:00,3.799096055116209,3.8125620453098628,3.7485986721536406,3.790679931640625,11223200,0.0,0.0
2011-04-01 00:00:00-04:00,3.8176118453407866,3.876525671804347,3.797412699875885,3.8580098152160645,21412000,0.0,0.0
2011-04-04 00:00:00-04:00,3.85801042001929,3.8950418179465784,3.782264013969637,3.7990965843200684,10445200,0.0,0.0
2011-04-05 00:00:00-04:00,3.7990959670935696,4.038117528283843,3.792363132680004,3.969104290008545,26934800,0.0,0.0
2011-04-06 00:00:00-04:00,3.9691043321379764,4.07683225233468,3.9640544654833083,4.022968292236328,19400000,0.0,0.0
2011-04-07 00:00:00-04:00,4.02970107192975,4.108813715813632,4.0196013395624055,4.0448503494262695,19617200,0.0,0.0
2011-04-08 00:00:00-04:00,4.043166158497732,4.0700981300253325,3.9623702439149304,4.00781774520874,15777600,0.0,0.0
2011-04-11 00:00:00-04:00,3.996035522482922,4.05158276048881,3.9808862465672736,3.9977188110351562,15544400,0.0,0.0
2011-04-12 00:00:00-04:00,3.9775201966428737,4.065049286633389,3.9640542074946796,4.0061354637146,15611600,0.0,0.0
2011-04-13 00:00:00-04:00,4.0313847362014466,4.317537104454968,4.0263348695473535,4.268723011016846,64732400,0.0,0.0
2011-04-14 00:00:00-04:00,4.253572361663408,4.4101146459045975,4.233373222609464,4.277137756347656,42023200,0.0,0.0
2011-04-15 00:00:00-04:00,4.250206715232773,4.457246410842519,4.2081254606265075,4.443780422210693,43878800,0.0,0.0
2011-04-18 00:00:00-04:00,4.411799008900487,4.484178825247954,4.314170501538782,4.4000163078308105,38931600,0.0,0.0
2011-04-19 00:00:00-04:00,4.3966508183261155,4.475763482923312,4.389917661651674,4.4707136154174805,17207200,0.0,0.0
2011-04-20 00:00:00-04:00,4.511111281076946,4.5346770067571,4.428632043832807,4.435365200042725,20801600,0.0,0.0
2011-04-21 00:00:00-04:00,4.4202160137709745,4.526260657899349,4.376451460638046,4.467347145080566,21595200,0.0,0.0
2011-04-25 00:00:00-04:00,4.462296116026959,4.472395526872935,4.391599597996166,4.458929538726807,17385600,0.0,0.0
2011-04-26 00:00:00-04:00,4.453880259854488,4.480812560751246,4.406749455657843,4.425265312194824,14800000,0.0,0.0
2011-04-27 00:00:00-04:00,4.4437817062931355,4.4774468481278795,4.398333861132607,4.413483142852783,17640400,0.0,0.0
2011-04-28 00:00:00-04:00,4.394965965929868,4.458929326313283,4.394965965929868,4.4101152420043945,11770000,0.0,0.0
2011-04-29 00:00:00-04:00,4.357934155531241,4.389915995487172,4.31080336091667,4.3225860595703125,21600000,0.0,0.0
2011-05-02 00:00:00-04:00,4.403382734710707,4.455563403826241,4.314170353725524,4.339419364929199,15980000,0.0,0.0
2011-05-03 00:00:00-04:00,4.324270926609131,4.400017011770127,4.324270926609131,4.352886199951172,12833600,0.0,0.0
2011-05-04 00:00:00-04:00,4.341101912342871,4.394965861076359,4.283871386549926,4.3225860595703125,12828400,0.0,0.0
2011-05-05 00:00:00-04:00,4.312487225741975,4.400015993603495,4.307437359477954,4.3545684814453125,13301200,0.0,0.0
2011-05-06 00:00:00-04:00,4.388232763277147,4.4050653277360095,4.2687221656227,4.2855544090271,12817600,0.0,0.0
2011-05-09 00:00:00-04:00,4.290605121922052,4.312487556355911,4.255257018527471,4.28892183303833,7954400,0.0,0.0
2011-05-10 00:00:00-04:00,4.305754230693975,4.35793489980951,4.28387211817924,4.339419364929199,9244800,0.0,0.0
2011-05-11 00:00:00-04:00,4.327636081046279,4.354568379435643,4.277138703807021,4.342785358428955,8936000,0.0,0.0
2011-05-12 00:00:00-04:00,4.339420625483895,4.3747687377500615,4.29733935599297,4.364669322967529,10474000,0.0,0.0
2011-05-13 00:00:00-04:00,4.472396209778147,4.660920393664816,4.462296797390058,4.497644901275635,22156000,0.0,0.0
2011-05-16 00:00:00-04:00,4.49596146079005,4.499328038490755,4.40001624370161,4.457246780395508,17397600,0.0,0.0
2011-05-17 00:00:00-04:00,4.406749928259692,4.474079885086075,4.379817945529139,4.435365200042725,11913600,0.0,0.0
2011-05-18 00:00:00-04:00,4.45892964079011,4.511110305918944,4.430314375192784,4.490911483764648,14644000,0.0,0.0
2011-05-19 00:00:00-04:00,4.2838714368783215,4.615471575823641,4.132378677967526,4.598639011383057,55522800,0.0,0.0
2011-05-20 00:00:00-04:00,4.6205230583721235,4.750133111494935,4.580124761156007,4.692902565002441,30978000,0.0,0.0
2011-05-23 00:00:00-04:00,4.65250385987245,4.721517098467034,4.613789178915396,4.65587043762207,16475600,0.0,0.0
2011-05-24 00:00:00-04:00,4.669336320875384,4.82419536221972,4.645770919275545,4.649137496948242,24013200,0.0,0.0
2011-05-25 00:00:00-04:00,4.625571719261053,4.709734233750029,4.5296265041123425,4.671019554138184,20483600,0.0,0.0
2011-05-26 00:00:00-04:00,4.664286398872899,4.697951533090295,4.627255008077374,4.671019554138184,10902400,0.0,0.0
2011-05-27 00:00:00-04:00,4.699635229868849,4.751815903486409,4.682802661298963,4.748449325561523,9684000,0.0,0.0
2011-05-31 00:00:00-04:00,4.765281689001167,4.793896958021815,4.652503901808558,4.7097344398498535,19066400,0.0,0.0
2011-06-01 00:00:00-04:00,4.69963440041557,4.7164669660146235,4.6188384708054935,4.62388801574707,15425600,0.0,0.0
2011-06-02 00:00:00-04:00,4.68280248501311,4.68280248501311,4.55319212927512,4.588540554046631,12416000,0.0,0.0
2011-06-03 00:00:00-04:00,4.539726106568477,4.573391242199395,4.426948319575787,4.499328136444092,12872000,0.0,0.0
2011-06-06 00:00:00-04:00,4.49932883484936,4.548143256985925,4.462297436750799,4.4723968505859375,8754400,0.0,0.0
2011-06-07 00:00:00-04:00,4.484179091863103,4.494278825712916,4.406749725341797,4.406749725341797,11732400,0.0,0.0
2011-06-08 00:00:00-04:00,4.405065798762012,4.437047642548168,4.317536711060162,4.421898365020752,13476400,0.0,0.0
2011-06-09 00:00:00-04:00,4.411797895172846,4.485860981698489,4.379816377787101,4.4606122970581055,10146400,0.0,0.0
2011-06-10 00:00:00-04:00,4.447147587513318,4.465663444725177,4.388233759065662,4.420215606689453,14767600,0.0,0.0
2011-06-13 00:00:00-04:00,4.440413527413954,4.4606126694452195,4.379816743429096,4.41853141784668,8031200,0.0,0.0
2011-06-14 00:00:00-04:00,4.452196227818096,4.463978926050811,4.371399986549788,4.448829650878906,12146000,0.0,0.0
2011-06-15 00:00:00-04:00,4.410116783379335,4.448831470854489,4.369718485691389,4.396650791168213,13243200,0.0,0.0
2011-06-16 00:00:00-04:00,4.403382087724841,4.437047217013671,4.376450112715565,4.4101152420043945,13257600,0.0,0.0
2011-06-17 00:00:00-04:00,4.43368079764114,4.472395472962782,4.42021480965733,4.4505133628845215,12077600,0.0,0.0
2011-06-20 00:00:00-04:00,4.4336818897447765,4.511111259460449,4.4168493203552,4.511111259460449,8456800,0.0,0.0
2011-06-21 00:00:00-04:00,4.541409522907752,4.635671776897932,4.516160831003235,4.630621910095215,7831200,0.0,0.0
2011-06-22 00:00:00-04:00,4.598640483424786,4.60873989690021,4.460613988727239,4.467347145080566,15025200,0.0,0.0
2011-06-23 00:00:00-04:00,4.42863173030146,4.462296866858559,4.357935200375181,4.420215606689453,14934000,0.0,0.0
2011-06-24 00:00:00-04:00,4.430315611168729,4.4370487678015795,4.35793578263848,4.396650791168213,12753600,0.0,0.0
2011-06-27 00:00:00-04:00,4.38655107704113,4.4101168043133905,4.325954272330727,4.341103553771973,15545200,0.0,0.0
2011-06-28 00:00:00-04:00,4.3714015002667415,4.448831191408002,4.341103260485788,4.435365200042725,10897600,0.0,0.0
2011-06-29 00:00:00-04:00,4.460611645027665,4.507742751573579,4.371399296547529,4.374765872955322,13839600,0.0,0.0
2011-06-30 00:00:00-04:00,4.394966795116729,4.494278592095759,4.374767649521618,4.48922872543335,12476400,0.0,0.0
2011-07-01 00:00:00-04:00,4.495961602881323,4.548142595727822,4.462296787973887,4.532993316650391,12165200,0.0,0.0
2011-07-05 00:00:00-04:00,4.600323145447362,4.6205222906994505,4.539726030745618,4.612105846405029,16248400,0.0,0.0
2011-07-06 00:00:00-04:00,4.593590949594904,4.620522932971667,4.55655923166093,4.596957206726074,7729600,0.0,0.0
2011-07-07 00:00:00-04:00,4.620522136892199,4.679435639719433,4.5818071365356445,4.5818071365356445,16264000,0.0,0.0
2011-07-08 00:00:00-04:00,4.534677193180445,4.553192731409786,4.4757633581399165,4.519527912139893,8712800,0.0,0.0
2011-07-11 00:00:00-04:00,4.4707133819539475,4.502695232378268,4.347836168553356,4.368035316467285,14364800,0.0,0.0
2011-07-12 00:00:00-04:00,4.273771656778271,4.278821522369119,4.1559443491486,4.176143169403076,32717200,0.0,0.0
2011-07-13 00:00:00-04:00,4.17951159234719,4.206443578617324,4.071783647266652,4.078516483306885,28590800,0.0,0.0
2011-07-14 00:00:00-04:00,4.100398031851475,4.110497444244664,4.00108623366394,4.011185646057129,27652400,0.0,0.0
2011-07-15 00:00:00-04:00,4.014552795103188,4.036434911911123,3.938806388739993,3.9707882404327393,16677200,0.0,0.0
2011-07-18 00:00:00-04:00,3.9808867287029166,3.990986140185027,3.9017740834931294,3.942172050476074,22974800,0.0,0.0
2011-07-19 00:00:00-04:00,3.970787048762715,4.034750411897631,3.9522711947519187,3.990985870361328,13097600,0.0,0.0
2011-07-20 00:00:00-04:00,4.03811712791789,4.049899827764308,3.910190076198447,3.9186065196990967,14250000,0.0,0.0
2011-07-21 00:00:00-04:00,3.9354381546983226,3.955637294915035,3.906822893339738,3.9253387451171875,17092400,0.0,0.0
2011-07-22 00:00:00-04:00,3.920289754874587,3.9808865419794612,3.8731586350779192,3.9505879878997803,11617200,0.0,0.0
2011-07-25 00:00:00-04:00,3.9051412040195803,4.007819263983292,3.9034579150294153,3.977520704269409,13225200,0.0,0.0
2011-07-26 00:00:00-04:00,3.9808869053749945,4.033067574911934,3.9522716373603144,3.9994027614593506,9678400,0.0,0.0
2011-07-27 00:00:00-04:00,3.967420631741295,3.999402475127894,3.9236560884371317,3.9556379318237305,16062000,0.0,0.0
2011-07-28 00:00:00-04:00,3.9388058391789684,4.026334936307387,3.9236565600200293,3.965737819671631,16191600,0.0,0.0
2011-07-29 00:00:00-04:00,3.925339742629534,3.9909864031707882,3.888308350718613,3.969104290008545,13779600,0.0,0.0
2011-08-01 00:00:00-04:00,4.007818849469539,4.009502138285607,3.8647425106488047,3.889991521835327,13510000,0.0,0.0
2011-08-02 00:00:00-04:00,3.8630587803084238,3.9320720028712803,3.8563256263732915,3.856325626373291,18875600,0.0,0.0
2011-08-03 00:00:00-04:00,3.84959470134722,3.8916759711338753,3.7822644128448846,3.8462281227111816,19775200,0.0,0.0
2011-08-04 00:00:00-04:00,3.8007798358356752,3.819295695143314,3.682952165603638,3.6829521656036377,23584400,0.0,0.0
2011-08-05 00:00:00-04:00,3.7166162074821947,3.7772133138118726,3.6189877145368676,3.725032329559326,29738800,0.0,0.0
2011-08-08 00:00:00-04:00,3.6425545227175986,3.666120251550611,3.42541534276964,3.460763454437256,23076800,0.0,0.0
2011-08-09 00:00:00-04:00,3.482644730830638,3.6004720514243678,3.4035317664751608,3.5954225063323975,19598000,0.0,0.0
2011-08-10 00:00:00-04:00,3.5163092875136965,3.5668069821605175,3.440563227125173,3.4573957920074463,15165200,0.0,0.0
2011-08-11 00:00:00-04:00,3.4742288725030424,3.6593864886889786,3.4456136016283563,3.608889102935791,11655200,0.0,0.0
2011-08-12 00:00:00-04:00,3.6156210687240598,3.6156210687240598,3.4456127733430115,3.487694025039673,17011600,0.0,0.0
2011-08-15 00:00:00-04:00,3.4977943570985746,3.53987561601964,3.4590793548897545,3.52640962600708,14981200,0.0,0.0
2011-08-16 00:00:00-04:00,3.4961113382796096,3.6173052577545253,3.474228902159766,3.6004726886749268,14374800,0.0,0.0
2011-08-17 00:00:00-04:00,3.605522852923578,3.6223554233907094,3.3900666572643696,3.4439306259155273,21244800,0.0,0.0
2011-08-18 00:00:00-04:00,3.1493619432545503,3.6072063446044917,3.0870818464003627,3.607206344604492,56232000,0.0,0.0
2011-08-19 00:00:00-04:00,3.5466086378379607,3.8596933234859243,3.5348259360863996,3.6307711601257324,32240000,0.0,0.0
2011-08-22 00:00:00-04:00,3.6981018645058916,3.6981018645058916,3.5381932323284033,3.637505054473877,22248400,0.0,0.0
2011-08-23 00:00:00-04:00,3.664435692126133,3.8007788658142094,3.6055218720458933,3.800778865814209,20627200,0.0,0.0
2011-08-24 00:00:00-04:00,3.788996357384582,3.947221971034911,3.788996357384582,3.930389404296875,20480800,0.0,0.0
2011-08-25 00:00:00-04:00,3.945539091360115,3.975837650419271,3.7822635944423384,3.787313461303711,14174800,0.0,0.0
2011-08-26 00:00:00-04:00,3.76879683599741,3.873158482487623,3.7132495960578784,3.8344438076019287,12893600,0.0,0.0
2011-08-29 00:00:00-04:00,3.8613763073472076,3.88830828666687,3.8108786053319514,3.88830828666687,15113600,0.0,0.0
2011-08-30 00:00:00-04:00,3.884941517452329,4.034750685163853,3.8714755284563998,3.932072639465332,14685200,0.0,0.0
2011-08-31 00:00:00-04:00,3.9556386521286266,4.048217300671519,3.933756537019152,4.028018474578857,17735600,0.0,0.0
2011-09-01 00:00:00-04:00,4.0128677855001635,4.033066604500697,3.878207921981812,3.8782079219818115,10999200,0.0,0.0
2011-09-02 00:00:00-04:00,3.8209782340396643,3.846226923830643,3.721666442614575,3.7283992767333984,10083200,0.0,0.0
2011-09-06 00:00:00-04:00,3.6307712088167943,3.86137666424186,3.6307712088167943,3.839494228363037,16112800,0.0,0.0
2011-09-07 00:00:00-04:00,3.883258418220524,3.9270229648568713,3.8428604492610923,3.9085071086883545,12966000,0.0,0.0
2011-09-08 00:00:00-04:00,3.891674042423836,3.9404881242357455,3.8563256263732915,3.856325626373291,9410400,0.0,0.0
2011-09-09 00:00:00-04:00,3.8310769694119853,3.9421714417234286,3.8310769694119853,3.893357038497925,15778400,0.0,0.0
2011-09-12 00:00:00-04:00,3.852959861237321,3.9186068417191007,3.7889964906485165,3.9085071086883545,16685600,0.0,0.0
2011-09-13 00:00:00-04:00,3.9068242447147323,3.94217267205743,3.836128032138444,3.9000914096832275,11058800,0.0,0.0
2011-09-14 00:00:00-04:00,3.9337561762156152,4.059999951406618,3.9118737420586425,4.024651527404785,14910800,0.0,0.0
2011-09-15 00:00:00-04:00,4.053266721200958,4.147528648376465,4.033067576278949,4.147528648376465,18059600,0.0,0.0
2011-09-16 00:00:00-04:00,4.179511543629437,4.2215928118178345,4.140796853949214,4.189610958099365,13714000,0.0,0.0
2011-09-19 00:00:00-04:00,4.103765180303311,4.117231173438378,4.006136649810423,4.078516483306885,12439600,0.0,0.0
2011-09-20 00:00:00-04:00,4.078515913217997,4.123963754091693,4.031385104360436,4.036434650421143,10584800,0.0,0.0
2011-09-21 00:00:00-04:00,4.0196012977426525,4.085248273229414,3.942171943392233,3.9455385208129883,12878800,0.0,0.0
2011-09-22 00:00:00-04:00,3.839493861675459,3.9085070986015316,3.7536480574627675,3.8058290481567383,15713600,0.0,0.0
2011-09-23 00:00:00-04:00,3.785630118612375,3.859693226255138,3.7687975503679465,3.788996696472168,10035200,0.0,0.0
2011-09-26 00:00:00-04:00,3.8226609848378468,3.9775200134364543,3.8108782850077065,3.974153757095337,8322000,0.0,0.0
2011-09-27 00:00:00-04:00,4.036434390143668,4.127330066029923,3.982570428605682,4.019601821899414,10263200,0.0,0.0
2011-09-28 00:00:00-04:00,4.044851172090197,4.100398427190107,3.9505889104837246,3.959005355834961,9391200,0.0,0.0
2011-09-29 00:00:00-04:00,4.0212853164845,4.081882436841039,3.9337565350361716,4.0381178855896,12208000,0.0,0.0
2011-09-30 00:00:00-04:00,3.9825702142856887,4.016235348962526,3.8866249978275764,3.88830828666687,10776400,0.0,0.0
2011-10-03 00:00:00-04:00,3.8714760964867665,3.9101907803985423,3.7923634396599355,3.8664262294769287,19232800,0.0,0.0
2011-10-04 00:00:00-04:00,3.8041458254073373,4.004452705383301,3.7300827206923173,4.004452705383301,15200000,0.0,0.0
2011-10-05 00:00:00-04:00,4.014552961970403,4.036435079687881,3.9118745670889803,4.017919540405273,12040400,0.0,0.0
2011-10-06 00:00:00-04:00,3.999402204421636,4.0717820087926615,3.9943523386325626,4.049899578094482,15905200,0.0,0.0
2011-10-07 00:00:00-04:00,4.095348358154297,4.1475290325421685,4.054950385622924,4.095348358154297,16062800,0.0,0.0
2011-10-10 00:00:00-04:00,4.152578994380087,4.211492826063161,4.088615616674313,4.137429714202881,13271600,0.0,0.0
2011-10-11 00:00:00-04:00,4.129013051758377,4.201392544100996,4.086931794765117,4.19465970993042,11053600,0.0,0.0
2011-10-12 00:00:00-04:00,4.208125164011536,4.388232869662514,4.192975887736736,4.317536354064941,24020400,0.0,0.0
2011-10-13 00:00:00-04:00,4.2771386077464415,4.317536572841446,4.223274654286437,4.245156764984131,10555600,0.0,0.0
2011-10-14 00:00:00-04:00,4.277139089321029,4.28892179033524,4.1963431500339885,4.235057830810547,11832000,0.0,0.0
2011-10-17 00:00:00-04:00,4.231689746792138,4.236739611595508,4.011184120582213,4.080197334289551,23942800,0.0,0.0
2011-10-18 00:00:00-04:00,4.076832061178607,4.238424254951392,4.066732649397343,4.204759120941162,14472400,0.0,0.0
2011-10-19 00:00:00-04:00,4.187926501818642,4.209808934969324,4.147528534141813,4.186243534088135,11357600,0.0,0.0
2011-10-20 00:00:00-04:00,4.186243952180137,4.228325212844754,4.154262104179756,4.218225479125977,7989600,0.0,0.0
2011-10-21 00:00:00-04:00,4.273772030389704,4.359617826611983,4.214858531951904,4.214858531951904,18337600,0.0,0.0
2011-10-24 00:00:00-04:00,4.23000826247831,4.305754661560059,4.184560744083807,4.305754661560059,18266000,0.0,0.0
2011-10-25 00:00:00-04:00,4.275455048910152,4.383183270077484,4.246839785310864,4.309120178222656,14421600,0.0,0.0
2011-10-26 00:00:00-04:00,4.324269727549303,4.341102293269169,4.199709254909473,4.214858531951904,17634000,0.0,0.0
2011-10-27 00:00:00-04:00,4.337736495346795,4.384867302565803,4.2518906836991865,4.361301898956299,10923200,0.0,0.0
2011-10-28 00:00:00-04:00,4.357934259501262,4.487544589892448,4.349518137706288,4.4101152420043945,12758000,0.0,0.0
2011-10-31 00:00:00-04:00,4.379817341191557,4.400016164925111,4.300704371914013,4.304070949554443,15808400,0.0,0.0
2011-11-01 00:00:00-04:00,4.191292811522296,4.258622753347273,4.12732944705219,4.214858531951904,15141600,0.0,0.0
2011-11-02 00:00:00-04:00,4.250207110701981,4.273772512736742,4.209809141047594,4.224958419799805,13692400,0.0,0.0
2011-11-03 00:00:00-04:00,4.255257368765735,4.352885884675449,4.189610381115467,4.347836017608643,10368400,0.0,0.0
2011-11-04 00:00:00-04:00,4.329319316605157,4.3579345823039235,4.2889213510988675,4.324269771575928,10893200,0.0,0.0
2011-11-07 00:00:00-05:00,4.327635389240893,4.339418408363977,4.260305456666919,4.283871173858643,7739200,0.0,0.0
2011-11-08 00:00:00-05:00,4.293970534617213,4.327635339993884,4.228323891236429,4.315852642059326,7874000,0.0,0.0
2011-11-09 00:00:00-05:00,4.22495826633429,4.292288213312605,4.186243586953573,4.19465970993042,7390400,0.0,0.0
2011-11-10 00:00:00-05:00,4.240108475367334,4.240108475367334,4.110498098321639,4.140796661376953,13498800,0.0,0.0
2011-11-11 00:00:00-05:00,4.184560866946959,4.283872672634686,4.160995141510418,4.236741542816162,9797200,0.0,0.0
2011-11-14 00:00:00-05:00,4.181193782894975,4.181193782894975,4.043167309267212,4.147528648376465,12884400,0.0,0.0
2011-11-15 00:00:00-05:00,4.12396344585692,4.1256467347695285,3.9590049850757314,3.965737819671631,28351600,0.0,0.0
2011-11-16 00:00:00-05:00,3.906823976665439,3.9152404211955543,3.7435488054355712,3.790679931640625,46004000,0.0,0.0
2011-11-17 00:00:00-05:00,3.736816422658313,3.8445443572321727,3.6610700180019617,3.691368579864502,28222800,0.0,0.0
2011-11-18 00:00:00-05:00,3.7048342060843265,3.8378108220696627,3.6913682155914502,3.7805802822113037,24363600,0.0,0.0
2011-11-21 00:00:00-05:00,3.7149327329540553,3.8613756255710228,3.6846341813054093,3.8243439197540283,22012800,0.0,0.0
2011-11-22 00:00:00-05:00,3.807513384921646,3.82771221438124,3.7687983731906476,3.775531530380249,15705200,0.0,0.0
2011-11-23 00:00:00-05:00,3.7519646510034956,3.763747350410141,3.679584844871842,3.721666097640991,15152000,0.0,0.0
2011-11-25 00:00:00-05:00,3.693052056056029,3.708201337754729,3.6122557799781005,3.6206722259521484,7029200,0.0,0.0
2011-11-28 00:00:00-05:00,3.7098837350422325,3.7856298042707444,3.7098837350422325,3.7637476921081543,13752000,0.0,0.0
2011-11-29 00:00:00-05:00,3.7923631864972833,3.911873808261129,3.787313319824554,3.829394578933716,19185200,0.0,0.0
2011-11-30 00:00:00-05:00,3.9169232068223256,3.942171895059446,3.820977998888574,3.891674518585205,13308800,0.0,0.0
2011-12-01 00:00:00-05:00,3.8883080949649367,3.9573213287008864,3.8563262507041665,3.932072639465332,9447600,0.0,0.0
2011-12-02 00:00:00-05:00,3.994352913122591,4.014552058129566,3.8933578301967526,3.9085071086883545,8672400,0.0,0.0
2011-12-05 00:00:00-05:00,3.9472214908067462,3.9909857095248737,3.9017736624596893,3.985936164855957,10777600,0.0,0.0
2011-12-06 00:00:00-05:00,3.9606868124644654,3.977519053270254,3.9270216887440608,3.9287049770355225,8608400,0.0,0.0
2011-12-07 00:00:00-05:00,3.911874189909082,4.034751401442821,3.8933583313571685,3.9876205921173096,14136800,0.0,0.0
2011-12-08 00:00:00-05:00,3.965738957537399,4.0128700974498805,3.9404902587128867,3.9674222469329834,12201600,0.0,0.0
2011-12-09 00:00:00-05:00,3.9707888483064697,4.091982795986148,3.9707888483064697,4.073467254638672,13990400,0.0,0.0
2011-12-12 00:00:00-05:00,4.054950886561689,4.166045405010947,4.011186330649165,4.1593122482299805,16758800,0.0,0.0
2011-12-13 00:00:00-05:00,4.139112379931068,4.1475285027379085,4.03475072343191,4.051583290100098,16990800,0.0,0.0
2011-12-14 00:00:00-05:00,4.033067583972395,4.044850605814513,3.9404889454516643,3.9539549350738525,13432000,0.0,0.0
2011-12-15 00:00:00-05:00,3.984253245838248,4.041483778460448,3.9775200909158728,3.9893031120300293,13529200,0.0,0.0
2011-12-16 00:00:00-05:00,4.009500888699197,4.026333450559399,3.9017730064809646,3.9287049770355225,10618800,0.0,0.0
2011-12-19 00:00:00-05:00,3.9489053132114837,3.953955180028096,3.8108788307694472,3.8159286975860596,8103200,0.0,0.0
2011-12-20 00:00:00-05:00,3.8832580460863166,3.959004431285518,3.8815747574091692,3.9505879878997803,7109600,0.0,0.0
2011-12-21 00:00:00-05:00,3.9522716164034306,3.985936750732021,3.908507070198069,3.962371349334717,5641600,0.0,0.0
2011-12-22 00:00:00-05:00,3.9808869823508495,4.053266798202514,3.964054414771819,4.004452705383301,7314800,0.0,0.0
2011-12-23 00:00:00-05:00,4.021284896053317,4.0431673299184725,3.99603620556273,4.026334762573242,6116400,0.0,0.0
2011-12-27 00:00:00-05:00,4.017918639427886,4.039800752238523,3.969104226232168,4.026334762573242,4909200,0.0,0.0
2011-12-28 00:00:00-05:00,4.043167167293256,4.066732567996016,3.996036044833233,4.051583290100098,7046000,0.0,0.0
2011-12-29 00:00:00-05:00,4.048218065286912,4.102082360835024,4.028019235379157,4.098715782165527,5242800,0.0,0.0
2011-12-30 00:00:00-05:00,4.086931231835476,4.09871393080193,4.061682224273682,4.061682224273682,4189200,0.0,0.0
2012-01-03 00:00:00-05:00,4.112180624201859,4.139112603906498,3.9977195499298794,4.004452705383301,10252800,0.0,0.0
2012-01-04 00:00:00-05:00,3.997718863718157,4.070098667145769,3.98761945332612,4.061682224273682,8317600,0.0,0.0
2012-01-05 00:00:00-05:00,4.0381164173388475,4.255255805628651,4.016234310196692,4.251889228820801,14776000,0.0,0.0
2012-01-06 00:00:00-05:00,4.243473747506094,4.246840325076123,4.157628266851901,4.186243534088135,15113600,0.0,0.0
2012-01-09 00:00:00-05:00,4.1508956812228535,4.1576288372867145,3.935439502997585,4.0381178855896,27824000,0.0,0.0
2012-01-10 00:00:00-05:00,4.049901207763042,4.091982476441952,3.9472231305036294,4.078516483306885,15462400,0.0,0.0
2012-01-11 00:00:00-05:00,4.0700992440626536,4.1239632018610966,4.0700992440626536,4.103764057159424,14062000,0.0,0.0
2012-01-12 00:00:00-05:00,4.11891392902171,4.123963796188521,4.0431678478469015,4.070099830627441,12018400,0.0,0.0
2012-01-13 00:00:00-05:00,4.038117340952514,4.039800629741447,3.908506993695227,3.9573214054107666,16946400,0.0,0.0
2012-01-17 00:00:00-05:00,3.9977196796836574,4.007819092137063,3.8883084684505906,3.9101905822753906,11883600,0.0,0.0
2012-01-18 00:00:00-05:00,3.9152405204838368,4.049900425835273,3.8883085394135497,4.043167591094971,9771600,0.0,0.0
2012-01-19 00:00:00-05:00,4.024651038169281,4.189609473980135,4.024651038169281,4.1811933517456055,13097200,0.0,0.0
2012-01-20 00:00:00-05:00,4.1997093189290275,4.208125441390011,4.12396293256221,4.132379055023193,10272800,0.0,0.0
2012-01-23 00:00:00-05:00,4.132379522579612,4.18624380400963,4.132379522579612,4.167727947235107,6712000,0.0,0.0
2012-01-24 00:00:00-05:00,4.150894957780661,4.181193512678322,4.129012846495959,4.166044235229492,6417600,0.0,0.0
2012-01-25 00:00:00-05:00,4.162678229526501,4.208126068115234,4.10544768931577,4.208126068115234,10460400,0.0,0.0
2012-01-26 00:00:00-05:00,4.179511129085093,4.179511129085093,3.8125624555092954,4.157629013061523,24179200,0.0,0.0
2012-01-27 00:00:00-05:00,4.140795769758935,4.142479058572285,4.0902980685219825,4.093664646148682,13709200,0.0,0.0
2012-01-30 00:00:00-05:00,4.065049044694131,4.070098910719591,3.9472217269237793,3.9960358142852783,21557600,0.0,0.0
2012-01-31 00:00:00-05:00,4.002769161957586,4.011185284684602,3.910190206687883,3.932072639465332,17175200,0.0,0.0
2012-02-01 00:00:00-05:00,3.945538658146555,3.9893032029762243,3.900090824547917,3.9236562252044678,13552000,0.0,0.0
2012-02-02 00:00:00-05:00,3.9455383105545847,3.960687587086184,3.9085066030086852,3.9169230461120605,13637600,0.0,0.0
2012-02-03 00:00:00-05:00,3.9573220620782696,4.006136160839383,3.9522721948735082,3.9792041778564453,10115200,0.0,0.0
2012-02-06 00:00:00-05:00,3.972470419645847,3.9825698306542385,3.908506734132229,3.940488576889038,14635600,0.0,0.0
2012-02-07 00:00:00-05:00,3.9270233396803813,4.001086450369051,3.9270233396803813,3.9943532943725586,11467200,0.0,0.0
2012-02-08 00:00:00-05:00,4.08356543936221,4.352885562985196,4.06504958254018,4.122280120849609,34136000,0.0,0.0
2012-02-09 00:00:00-05:00,4.137429523180212,4.137429523180212,4.039801011575975,4.053267002105713,15364800,0.0,0.0
2012-02-10 00:00:00-05:00,3.953955254361937,3.974154400953591,3.8142454803545043,3.8512768745422363,32256400,0.0,0.0
2012-02-13 00:00:00-05:00,3.873158986307013,3.881575109401461,3.7940463376338434,3.8613762855529785,22461200,0.0,0.0
2012-02-14 00:00:00-05:00,3.8512764211392705,3.8714755653529203,3.810878453766476,3.8681089878082275,15697200,0.0,0.0
2012-02-15 00:00:00-05:00,3.87147607715656,3.8798922010763857,3.836127971427836,3.839494228363037,14384400,0.0,0.0
2012-02-16 00:00:00-05:00,3.853048390362919,3.927601748611531,3.853048390362919,3.9038803577423096,11904800,0.0375,0.0
2012-02-17 00:00:00-05:00,3.9292964840504,3.949629014032542,3.8971029345356487,3.9276020526885986,7900000,0.0,0.0
2012-02-21 00:00:00-05:00,3.9530183991272527,4.024182909828249,3.925908140115424,3.947935104370117,8568000,0.0,0.0
2012-02-22 00:00:00-05:00,3.961490063229083,3.9784340551765336,3.8733818868259164,3.8920199871063232,9381600,0.0,0.0
2012-02-23 00:00:00-05:00,3.888631522124454,3.995378124042875,3.88015936439774,3.9462409019470215,7327600,0.0,0.0
2012-02-24 00:00:00-05:00,3.934379560456612,3.951323551349242,3.8479654977659696,3.8513543605804443,10578400,0.0,0.0
2012-02-27 00:00:00-05:00,3.8496599609576427,3.9411573186254394,3.8445769898737088,3.8971030712127686,8053600,0.0,0.0
2012-02-28 00:00:00-05:00,3.89371461369777,3.9648791248986597,3.8818539156942524,3.9530184268951416,9181200,0.0,0.0
2012-02-29 00:00:00-05:00,3.9581013253514254,3.969962022167296,3.8564377019329266,3.8598265647888184,12888400,0.0,0.0
2012-03-01 00:00:00-05:00,3.8784646199537263,4.042820911614894,3.8750760803161866,4.039432048797607,19594000,0.0,0.0
2012-03-02 00:00:00-05:00,4.039432791417913,4.11229173948542,3.9970729679535304,4.044516086578369,15591200,0.0,0.0
2012-03-05 00:00:00-05:00,4.044516447345858,4.159734905975332,3.9987677563604267,4.093653678894043,20442400,0.0,0.0
2012-03-06 00:00:00-05:00,4.039432394433336,4.064848221378205,4.015710999042095,4.030960559844971,6191200,0.0,0.0
2012-03-07 00:00:00-05:00,4.046209830712558,4.059764960073178,4.0140166004684446,4.049598693847656,9006400,0.0,0.0
2012-03-08 00:00:00-05:00,4.068237975726729,4.129236232301308,4.061460248027401,4.102125644683838,13078400,0.0,0.0
2012-03-09 00:00:00-05:00,4.054681988550305,4.0868755419741944,3.9919893132700763,4.049598693847656,20076800,0.0,0.0
2012-03-12 00:00:00-04:00,4.049598641897641,4.075014468725287,3.9919892620591,4.027571678161621,8457200,0.0,0.0
2012-03-13 00:00:00-04:00,4.078403350627454,4.078403350627454,3.98690630898997,4.030960559844971,13164000,0.0,0.0
2012-03-14 00:00:00-04:00,4.0258764946973,4.056375610466022,3.9530175677341792,3.9818222522735596,13883200,0.0,0.0
2012-03-15 00:00:00-04:00,3.981822410377643,4.034348487854004,3.947934430804667,4.034348487854004,11116400,0.0,0.0
2012-03-16 00:00:00-04:00,4.042821835332238,4.0495992393355875,3.9852124469945753,3.991989850997925,15375600,0.0,0.0
2012-03-19 00:00:00-04:00,4.005544723733679,4.091958800664456,3.99198959342178,4.058071136474609,14823600,0.0,0.0
2012-03-20 00:00:00-04:00,4.061459102063387,4.119068478533485,4.000461185879566,4.068236827850342,14239600,0.0,0.0
2012-03-21 00:00:00-04:00,4.0716264907548725,4.193622670272615,4.066543195415869,4.180067539215088,17963600,0.0,0.0
2012-03-22 00:00:00-04:00,4.276647332725636,4.366450266300895,3.8971033892498337,3.9242136478424072,44606800,0.0,0.0
2012-03-23 00:00:00-04:00,3.9462398931347256,4.025876216329066,3.888630528039351,4.00215482711792,15335600,0.0,0.0
2012-03-26 00:00:00-04:00,4.0411269202337925,4.0800978773367875,3.9852119703791264,4.032654762268066,12685600,0.0,0.0
2012-03-27 00:00:00-04:00,4.0479039612820555,4.061459089634731,3.998766742196018,4.025876998901367,8856400,0.0,0.0
2012-03-28 00:00:00-04:00,4.020793673007786,4.025876967292535,3.930991069568802,3.980128288269043,12501600,0.0,0.0
2012-03-29 00:00:00-04:00,3.9326857990157658,4.00893360943219,3.737830678504661,3.8276336193084717,35629600,0.0,0.0
2012-03-30 00:00:00-04:00,3.8666038123315203,3.8666038123315203,3.6971645544857585,3.7005534172058105,19977200,0.0,0.0
2012-04-02 00:00:00-04:00,3.6836101906030074,3.8377999213603973,3.664971764957673,3.8056063652038574,20012000,0.0,0.0
2012-04-03 00:00:00-04:00,3.810689479944365,3.853049301184093,3.715803570857715,3.7344419956207275,15712400,0.0,0.0
2012-04-04 00:00:00-04:00,3.724274282971112,3.7717173848003136,3.680220043382502,3.719191312789917,11406000,0.0,0.0
2012-04-05 00:00:00-04:00,3.698859274947988,3.746302387197652,3.668360154443187,3.681915283203125,11237600,0.0,0.0
2012-04-09 00:00:00-04:00,3.6514163569459015,3.7412192917451668,3.631083824314228,3.7022483348846436,10108000,0.0,0.0
2012-04-10 00:00:00-04:00,3.6869986654371347,3.7191922182006576,3.6090564308275166,3.6293892860412598,11930400,0.0,0.0
2012-04-11 00:00:00-04:00,3.612445222989788,3.6463332066209673,3.5480584419062646,3.603973388671875,19562000,0.0,0.0
2012-04-12 00:00:00-04:00,3.609056255971483,3.678526329551365,3.6005844218977425,3.6531105041503906,8414800,0.0,0.0
2012-04-13 00:00:00-04:00,3.64294430577809,3.64294430577809,3.578557525363432,3.597195625305176,8956000,0.0,0.0
2012-04-16 00:00:00-04:00,3.609056702244161,3.6954707778366847,3.5531417501760334,3.676832675933838,13710000,0.0,0.0
2012-04-17 00:00:00-04:00,3.6971647082981254,3.7615518099388505,3.6937758454370875,3.753079652786255,16022400,0.0,0.0
2012-04-18 00:00:00-04:00,3.736136583401282,3.790357433015443,3.7107207520326684,3.7768023014068604,15372800,0.0,0.0
2012-04-19 00:00:00-04:00,3.7700245740126537,3.8191621280811594,3.749691715009865,3.7768023014068604,14128400,0.0,0.0
2012-04-20 00:00:00-04:00,3.8005220403371,3.847964818647705,3.763245202316266,3.7920498847961426,12587200,0.0,0.0
2012-04-23 00:00:00-04:00,3.7564691251353057,3.7971345165264827,3.7005541715749612,3.7903571128845215,11351200,0.0,0.0
2012-04-24 00:00:00-04:00,3.7886620350428397,3.8276329880822866,3.75477405307304,3.775106906890869,14316400,0.0,0.0
2012-04-25 00:00:00-04:00,3.8174659158434863,3.831021041130232,3.768328384691734,3.8259377479553223,8114000,0.0,0.0
2012-04-26 00:00:00-04:00,3.819160346901789,3.861520153820329,3.8072993294936675,3.8259377479553223,6651600,0.0,0.0
2012-04-27 00:00:00-04:00,3.856437043884309,3.856437043884309,3.771717426021771,3.842881917953491,10965200,0.0,0.0
2012-04-30 00:00:00-04:00,3.8394939294595245,3.859826784572906,3.7683294213323406,3.856437921524048,6708400,0.0,0.0
2012-05-01 00:00:00-04:00,3.856438336054952,3.9106588579458093,3.797134519044401,3.873382329940796,12510000,0.0,0.0
2012-05-02 00:00:00-04:00,3.844577708479165,3.8716879699265965,3.8140785835558524,3.858132839202881,6326800,0.0,0.0
2012-05-03 00:00:00-04:00,3.8496608795797473,3.8598274705331073,3.722581401281184,3.808995485305786,10063600,0.0,0.0
2012-05-04 00:00:00-04:00,3.7903565748088304,3.8123835374930306,3.6988592147827144,3.698859214782715,7302000,0.0,0.0
2012-05-07 00:00:00-04:00,3.6768317344906944,3.7276633785628484,3.5666959670348413,3.5734736919403076,11707600,0.0,0.0
2012-05-08 00:00:00-04:00,3.5429743591138028,3.6548042277634445,3.5073922750796855,3.576862335205078,17536000,0.0,0.0
2012-05-09 00:00:00-04:00,3.531114965091967,3.583641056519262,3.507393566998313,3.542975664138794,16157600,0.0,0.0
2012-05-10 00:00:00-04:00,3.563308360431584,3.595501592619758,3.5378922085633047,3.5700857639312744,10103600,0.0,0.0
2012-05-11 00:00:00-04:00,3.532808736364174,3.598889946230779,3.417589984570273,3.444700241088867,20427200,0.0,0.0
2012-05-14 00:00:00-04:00,3.4142019637627024,3.5938075382898482,3.400646832160273,3.5378925800323486,12568800,0.0,0.0
2012-05-15 00:00:00-04:00,3.520947850045545,3.5412803797503667,3.449783349719205,3.493837594985962,12344400,0.0,0.0
2012-05-16 00:00:00-04:00,3.5124768657358665,3.57516955347386,3.5056994612986956,3.5311152935028076,13711600,0.0,0.0
2012-05-17 00:00:00-04:00,3.3786198099309086,3.422674067722244,3.127849394566397,3.1380159854888916,48078800,0.0,0.0
2012-05-18 00:00:00-04:00,3.129543265185428,3.2769555753288255,3.07193388634132,3.2312068939208984,19713200,0.0,0.0
2012-05-21 00:00:00-04:00,3.2329013955362518,3.261706085582876,3.2074855685962365,3.2159574031829834,19206400,0.0,0.0
2012-05-22 00:00:00-04:00,3.2430669986869485,3.2667887124039368,3.210873775294841,3.226123332977295,14009200,0.0,0.0
2012-05-23 00:00:00-04:00,3.2091797031526044,3.266789077914332,3.165125456383063,3.232901096343994,22000000,0.0,0.0
2012-05-24 00:00:00-04:00,3.2602260508511964,3.279012161517051,3.2021601867390816,3.27388858795166,19172800,0.0375,0.0
2012-05-25 00:00:00-04:00,3.2841351366168827,3.371233925552096,3.282427278903578,3.3336620330810547,12567200,0.0,0.0
2012-05-29 00:00:00-04:00,3.3473250158241394,3.378065807285578,3.2960902548082105,3.3661108016967773,10799200,0.0,0.0
2012-05-30 00:00:00-04:00,3.3319548592286132,3.610329208820618,3.2619343073146547,3.357572078704834,26932000,0.0,0.0
2012-05-31 00:00:00-04:00,3.32512368014908,3.3712348741615674,3.2431484412873104,3.275597095489502,11325600,0.0,0.0
2012-06-01 00:00:00-04:00,3.2055766424519265,3.321708397484999,3.1867905274493253,3.27901291847229,14711600,0.0,0.0
2012-06-04 00:00:00-04:00,3.2755972019735164,3.290967600477344,3.21753132445698,3.27901291847229,14632400,0.0,0.0
2012-06-05 00:00:00-04:00,3.2619339760091495,3.3524481640145645,3.2533946865573085,3.337078094482422,8927200,0.0,0.0
2012-06-06 00:00:00-04:00,3.3592799581315,3.3780660712124844,3.277304724990037,3.3046298027038574,11188400,0.0,0.0
2012-06-07 00:00:00-04:00,3.330246275495824,3.352447774006622,3.1902052021832055,3.2106988430023193,18900000,0.0,0.0
2012-06-08 00:00:00-04:00,3.2038680723178286,3.251687115453527,3.1919133929690493,3.249979257583618,9390800,0.0,0.0
2012-06-11 00:00:00-04:00,3.2755970584785916,3.3182925356209285,3.1184776895651662,3.1218934059143066,12740000,0.0,0.0
2012-06-12 00:00:00-04:00,3.1287239131371543,3.1850819191323327,3.0996909812159665,3.171419382095337,16974400,0.0,0.0
2012-06-13 00:00:00-04:00,3.1492182341681496,3.188497991829935,3.0860287897091188,3.092860221862793,11235600,0.0,0.0
2012-06-14 00:00:00-04:00,3.1082312885891166,3.1167702548815597,2.969897689318615,3.0296714305877686,34551200,0.0,0.0
2012-06-15 00:00:00-04:00,2.980143176095568,3.0587026645004536,2.9220773256482597,3.0450401306152344,33386400,0.0,0.0
2012-06-18 00:00:00-04:00,3.046748961707376,3.1167695109629103,3.0125924532088,3.1116459369659424,13329200,0.0,0.0
2012-06-19 00:00:00-04:00,3.132139486307641,3.186789631968839,3.118476949892341,3.137263059616089,14520800,0.0,0.0
2012-06-20 00:00:00-04:00,3.1423876578350116,3.149219091849208,3.094568922698448,3.0979843139648438,9554000,0.0,0.0
2012-06-21 00:00:00-04:00,3.1065227534099447,3.1065227534099447,2.990391012984808,2.998929977416992,11077200,0.0,0.0
2012-06-22 00:00:00-04:00,3.0296714354834875,3.036502869121028,2.9852680940615266,3.021132469177246,14879600,0.0,0.0
2012-06-25 00:00:00-04:00,2.9955141912343213,3.005761012346958,2.9203700763469906,2.9357404708862305,10786400,0.0,0.0
2012-06-26 00:00:00-04:00,2.9733127203930065,3.0143003354769387,2.935740821334554,2.985267400741577,8789600,0.0,0.0
2012-06-27 00:00:00-04:00,2.9938060086299205,3.0501640072460434,2.9852667205120023,3.043332576751709,8732000,0.0,0.0
2012-06-28 00:00:00-04:00,3.0330865351565337,3.0604116126654617,2.9938067769550276,3.041625499725342,6937200,0.0,0.0
2012-06-29 00:00:00-04:00,3.0843207449239656,3.1509259014270836,3.048456705510482,3.1355555057525635,14131200,0.0,0.0
2012-07-02 00:00:00-04:00,3.1492180432410475,3.1577570071748364,3.050164563202367,3.0706582069396973,8324800,0.0,0.0
2012-07-03 00:00:00-04:00,3.0843204459838107,3.1919132052772876,3.0587032309226942,3.137263059616089,5462400,0.0,0.0
2012-07-05 00:00:00-04:00,3.1304317195507094,3.185081866800778,3.109937751461648,3.120184898376465,6496000,0.0,0.0
2012-07-06 00:00:00-04:00,3.092860654032121,3.1236014515378776,3.074074538725123,3.096276044845581,6242400,0.0,0.0
2012-07-09 00:00:00-04:00,3.121892835767433,3.159464731524357,2.9459873847997384,2.992098569869995,11924000,0.0,0.0
2012-07-10 00:00:00-04:00,3.005761236397168,3.046748849643511,2.9869751248398715,2.9972219467163086,7181200,0.0,0.0
2012-07-11 00:00:00-04:00,2.9869755846396493,3.027963204195417,2.9374489998291713,2.9391565322875977,10302400,0.0,0.0
2012-07-12 00:00:00-04:00,2.9272014464597205,2.9459875583149526,2.8862138325633406,2.92037034034729,8160400,0.0,0.0
2012-07-13 00:00:00-04:00,2.940864311157195,2.9716051064299527,2.8554733579509284,2.8742594718933105,11265200,0.0,0.0
2012-07-16 00:00:00-04:00,2.8571807550228345,2.869135434424009,2.793991642262175,2.8298556804656982,11256400,0.0,0.0
2012-07-17 00:00:00-04:00,2.8401025151011545,2.8708433055549976,2.8213167298442605,2.858888626098633,6441600,0.0,0.0
2012-07-18 00:00:00-04:00,2.8486423528008493,2.9272018762003675,2.8383955292575744,2.886214256286621,7468000,0.0,0.0
2012-07-19 00:00:00-04:00,2.901584750707668,2.9289098315564464,2.8605971294345003,2.869136095046997,10988800,0.0,0.0
2012-07-20 00:00:00-04:00,2.8520583204633847,2.882798793801102,2.7752063227674015,2.783745288848877,7732400,0.0,0.0
2012-07-23 00:00:00-04:00,2.7547122771776085,2.7717905346413247,2.7120169592589853,2.756420135498047,8456400,0.0,0.0
2012-07-24 00:00:00-04:00,2.7530046285660648,2.7957001075555215,2.6419962854712806,2.686399459838867,15271200,0.0,0.0
2012-07-25 00:00:00-04:00,2.701769593632322,2.730802529530319,2.6710289625235046,2.693230628967285,10493600,0.0,0.0
2012-07-26 00:00:00-04:00,2.730802982141748,2.7427576649504535,2.6932310753514344,2.7273874282836914,9646400,0.0,0.0
2012-07-27 00:00:00-04:00,2.749589027956961,2.792284508745918,2.7239716417613864,2.756420135498047,7937200,0.0,0.0
2012-07-30 00:00:00-04:00,2.7666669457884936,2.7734980524910022,2.710308768224815,2.7359261512756348,7613600,0.0,0.0
2012-07-31 00:00:00-04:00,2.727387023592028,2.747880832310496,2.705185356762776,2.7359261512756348,6473600,0.0,0.0
2012-08-01 00:00:00-04:00,2.739341388153765,3.140678527481881,2.7154317045272496,2.744464635848999,30748800,0.0,0.0
2012-08-02 00:00:00-04:00,2.7239709104530143,2.751296147632982,2.616378308205943,2.689814567565918,15403600,0.0,0.0
2012-08-03 00:00:00-04:00,2.72226391463101,2.753004877269354,2.708601373149752,2.715432643890381,9270800,0.0,0.0
2012-08-06 00:00:00-04:00,2.747880898468113,2.7956999494994705,2.712016691629754,2.7342183589935303,10794000,0.0,0.0
2012-08-07 00:00:00-04:00,2.7342189403698036,2.9032930244706825,2.7308032233397164,2.8708443641662598,11186400,0.0,0.0
2012-08-08 00:00:00-04:00,2.8588894074242965,2.8810912402600244,2.846934724700754,2.8571815490722656,5980000,0.0,0.0
2012-08-09 00:00:00-04:00,2.852057967385561,2.8827984369176827,2.821317172112803,2.8742594718933105,6773200,0.0,0.0
2012-08-10 00:00:00-04:00,2.8725520403257554,3.029671430587768,2.8383958494152997,3.0296714305877686,18812000,0.0,0.0
2012-08-13 00:00:00-04:00,3.162880608636044,3.2192386180173944,3.0057612604000687,3.0552878379821777,21730400,0.0,0.0
2012-08-14 00:00:00-04:00,3.068950591846496,3.089444562946079,2.9374487778613925,2.951111316680908,20002400,0.0,0.0
2012-08-15 00:00:00-04:00,2.9528198067457825,3.0125932232866366,2.910124323079064,2.911831855773926,18440000,0.0,0.0
2012-08-16 00:00:00-04:00,2.954526473292845,3.118477251894458,2.834979349516834,3.0706582069396973,44530800,0.0,0.0
2012-08-17 00:00:00-04:00,3.0740737649891723,3.2004523140165246,3.033086153878186,3.171419382095337,24764000,0.0,0.0
2012-08-20 00:00:00-04:00,3.2055765141230848,3.345617627559999,3.161173178638588,3.3285393714904785,27220800,0.0,0.0
2012-08-21 00:00:00-04:00,3.3268315133094624,3.3404940530169505,3.229485877176029,3.3285393714904785,20158400,0.0,0.0
2012-08-22 00:00:00-04:00,3.328538642376008,3.3387854634769036,3.1782507385141168,3.208991527557373,18076400,0.0,0.0
2012-08-23 00:00:00-04:00,3.2209468510621004,3.2533951786654693,3.208992169761845,3.2277779579162598,10826000,0.0,0.0
2012-08-24 00:00:00-04:00,3.2295091243605007,3.2450855614641023,3.16547295414096,3.187972068786621,12168800,0.0625,0.0
2012-08-27 00:00:00-04:00,3.2018167666877506,3.205278269445002,3.137780286106884,3.1412417888641357,8438000,0.0,0.0
2012-08-28 00:00:00-04:00,3.1464350698465973,3.165473011117487,3.127397128575708,3.139512062072754,8153200,0.0,0.0
2012-08-29 00:00:00-04:00,3.148165316628007,3.2364316709380025,3.1048975153058795,3.220855236053467,14051600,0.0,0.0
2012-08-30 00:00:00-04:00,3.224315775723554,3.3489272303146116,3.2052781713554133,3.3160436153411865,13877200,0.0,0.0
2012-08-31 00:00:00-04:00,3.32123634724897,3.3281590234407328,3.2710455419034714,3.3021984100341797,15605600,0.0,0.0
2012-09-04 00:00:00-04:00,3.435462959142232,3.5791120240885927,3.432001456346639,3.5323827266693115,28348800,0.0,0.0
2012-09-05 00:00:00-04:00,3.5375751240938293,3.587765596233765,3.521998690990069,3.556612730026245,17060000,0.0,0.0
2012-09-06 00:00:00-04:00,3.591227831939577,3.655264328888781,3.5393065977375304,3.6448798179626465,13804400,0.0,0.0
2012-09-07 00:00:00-04:00,3.6552644997188315,3.7764141618879643,3.639688062708816,3.748722791671753,13737600,0.0,0.0
2012-09-10 00:00:00-04:00,3.729684068581964,3.7781441213497526,3.686416270430864,3.736607074737549,13571200,0.0,0.0
2012-09-11 00:00:00-04:00,3.724492710481877,3.817950997045411,3.7175697032734623,3.7677605152130127,12690000,0.0,0.0
2012-09-12 00:00:00-04:00,3.785067835923251,3.8335275676537193,3.785067835923251,3.8196818828582764,8313200,0.0,0.0
2012-09-13 00:00:00-04:00,3.8196807672277577,3.8992936791290447,3.7764129736160124,3.8733327388763428,11631600,0.0,0.0
2012-09-14 00:00:00-04:00,3.890640284869442,4.117363782198005,3.890640284869442,4.006597995758057,15521600,0.0,0.0
2012-09-17 00:00:00-04:00,3.994483163793212,3.994483163793212,3.8560263399609247,3.857757091522217,13833600,0.0,0.0
2012-09-18 00:00:00-04:00,3.895833734843557,3.9477549759045956,3.835258733534212,3.881988048553467,7451200,0.0,0.0
2012-09-19 00:00:00-04:00,3.888910002265119,3.9754456079861624,3.8594878831156785,3.9512157440185547,11372800,0.0,0.0
2012-09-20 00:00:00-04:00,3.928716704478617,3.947754313616681,3.8560267811235374,3.9356393814086914,7367600,0.0,0.0
2012-09-21 00:00:00-04:00,3.9546764007079096,3.973714005417402,3.8508336300557784,3.8594870567321777,13615600,0.0,0.0
2012-09-24 00:00:00-04:00,3.87333280634355,3.875063557731015,3.783336044944893,3.8300650119781494,11012000,0.0,0.0
2012-09-25 00:00:00-04:00,3.8248747067150384,3.826605458835005,3.6085356433273916,3.613727569580078,18663200,0.0,0.0
2012-09-26 00:00:00-04:00,3.62238004394959,3.676032020189028,3.547959379752285,3.655263662338257,15690800,0.0,0.0
2012-09-27 00:00:00-04:00,3.6604551504904657,3.677762333374817,3.5998801754487633,3.6206488609313965,7704400,0.0,0.0
2012-09-28 00:00:00-04:00,3.6119951994466772,3.6396865582164533,3.5566121518000897,3.6344943046569824,12090400,0.0,0.0
2012-10-01 00:00:00-04:00,3.7071863762540964,3.738339255651504,3.6656493137599635,3.6760334968566895,10143600,0.0,0.0
2012-10-02 00:00:00-04:00,3.672570255440844,3.717568801053346,3.643148142159865,3.691608190536499,11360000,0.0,0.0
2012-10-03 00:00:00-04:00,3.6916091198484193,3.7227619923537727,3.6743019317779835,3.6864168643951416,8414400,0.0,0.0
2012-10-04 00:00:00-04:00,3.7141069965101585,3.888908910610942,3.7106458241343265,3.8716020584106445,14410400,0.0,0.0
2012-10-05 00:00:00-04:00,3.8923707347277254,4.0637111605038125,3.875063550990257,3.9944827556610107,16248000,0.0,0.0
2012-10-08 00:00:00-04:00,3.980637478572066,4.037750959625555,3.951215362265293,4.023905277252197,11357600,0.0,0.0
2012-10-09 00:00:00-04:00,4.032559259526436,4.238514101997961,4.006598642769523,4.151978492736816,19618400,0.0,0.0
2012-10-10 00:00:00-04:00,4.150247542154271,4.150247542154271,3.9512157164081008,3.973714828491211,14328800,0.0,0.0
2012-10-11 00:00:00-04:00,4.0135205433201735,4.139862418779681,3.951214816197321,3.956407070159912,16682800,0.0,0.0
2012-10-12 00:00:00-04:00,3.961599063550826,3.9962134303615433,3.9096778434418167,3.940830707550049,9075600,0.0,0.0
2012-10-15 00:00:00-04:00,3.9650612143007464,4.027366952700427,3.926985668671564,3.9425621032714844,7262400,0.0,0.0
2012-10-16 00:00:00-04:00,3.9616003517969256,3.991022474121497,3.942562740956679,3.97198486328125,5444000,0.0,0.0
2012-10-17 00:00:00-04:00,3.977177099323468,3.984100107520005,3.925255858278238,3.970254421234131,6500000,0.0,0.0
2012-10-18 00:00:00-04:00,3.966791820328378,4.079288031559603,3.9425619585543905,4.056788921356201,9088000,0.0,0.0
2012-10-19 00:00:00-04:00,4.042942276591254,4.079287060601394,3.9633293738294246,4.001405239105225,9161200,0.0,0.0
2012-10-22 00:00:00-04:00,3.991021920016769,4.023905541603958,3.9615998017771,4.015252113342285,6562000,0.0,0.0
2012-10-23 00:00:00-04:00,3.971983980701582,4.061980749484785,3.9079474945392625,3.9979445934295654,10731200,0.0,0.0
2012-10-24 00:00:00-04:00,3.980637032303259,4.042942761051833,3.914870130929707,4.029097080230713,11906400,0.0,0.0
2012-10-25 00:00:00-04:00,4.049864783206784,4.151976786583065,4.042942108966316,4.105247497558594,8462800,0.0,0.0
2012-10-26 00:00:00-04:00,4.096595511475895,4.1017877665606886,3.946023415088229,3.980637788772583,9349200,0.0,0.0
2012-10-31 00:00:00-04:00,3.989291291697244,4.022174914301239,3.9373700603074733,3.9512157440185547,7060400,0.0,0.0
2012-11-01 00:00:00-04:00,3.9529461372641546,4.094864464959345,3.9425619579493403,4.084480285644531,6469200,0.0,0.0
2012-11-02 00:00:00-04:00,4.082748799629292,4.143323773265253,4.082748799629292,4.120824337005615,9767600,0.0,0.0
2012-11-05 00:00:00-05:00,4.126016180494031,4.203898328868148,4.094863321144383,4.105247497558594,7708400,0.0,0.0
2012-11-06 00:00:00-05:00,4.134670759511792,4.176207806865664,4.11390240088841,4.139863014221191,5580400,0.0,0.0
2012-11-07 00:00:00-05:00,4.117364195058172,4.1364018034574,4.020444080941366,4.049866199493408,7892400,0.0,0.0
2012-11-08 00:00:00-05:00,4.039481539906616,4.053327221692899,3.8179503012189833,3.8975632190704346,11655200,0.0,0.0
2012-11-09 00:00:00-05:00,3.845641973972277,3.9269856498502436,3.70545439335201,3.8266043663024902,13927200,0.0,0.0
2012-11-12 00:00:00-05:00,3.8317963745268986,4.023905517784436,3.8300656228633834,3.9962141513824463,11094400,0.0,0.0
2012-11-13 00:00:00-05:00,3.975445389129947,4.027366947768471,3.868141428803148,4.025636196136475,13159200,0.0,0.0
2012-11-14 00:00:00-05:00,4.046403982619333,4.1969760522139135,4.015251447975316,4.063711166381836,25697200,0.0,0.0
2012-11-15 00:00:00-05:00,4.157169824534711,4.306010814923086,3.9806371416364397,4.240243911743164,43767600,0.0,0.0
2012-11-16 00:00:00-05:00,4.266204466107817,4.434083719817131,4.266204466107817,4.421968460083008,29376000,0.0,0.0
2012-11-19 00:00:00-05:00,4.477352354611029,4.5379270141154775,4.378701487474208,4.486005783081055,23256000,0.0,0.0
2012-11-20 00:00:00-05:00,4.491197163035191,4.582924675328359,4.46004429844239,4.581193923950195,11994400,0.0,0.0
2012-11-21 00:00:00-05:00,4.574272772434997,4.7006146941673155,4.544850649418564,4.686769008636475,22854400,0.0,0.0
2012-11-23 00:00:00-05:00,4.73003664865091,4.845994384630279,4.664269727249511,4.685038089752197,10151600,0.0,0.0
2012-11-26 00:00:00-05:00,4.6867835436346565,4.714733027569339,4.613416065010085,4.685036659240723,9468400,0.0625,0.0
2012-11-27 00:00:00-05:00,4.69027844105681,4.8073170581406535,4.655341411139402,4.660582065582275,12588400,0.0,0.0
2012-11-28 00:00:00-05:00,4.65534068797058,4.672809200215695,4.583720087631352,4.618657112121582,14475600,0.0,0.0
2012-11-29 00:00:00-05:00,4.641365315452871,4.66058070963535,4.515592644074015,4.578478813171387,10922800,0.0,0.0
2012-11-30 00:00:00-05:00,4.597694241937937,4.641365350365439,4.5540231335104355,4.585466384887695,10282000,0.0,0.0
2012-12-03 00:00:00-05:00,4.620404746679665,4.622151298321946,4.505113013604801,4.5121002197265625,9694400,0.0,0.0
2012-12-04 00:00:00-05:00,4.5120998788278355,4.583720485381913,4.4684287610175835,4.520833969116211,14253200,0.0,0.0
2012-12-05 00:00:00-05:00,4.508606277275059,4.597695400906485,4.4369856680548505,4.536555767059326,11141200,0.0,0.0
2012-12-06 00:00:00-05:00,4.543543416806902,4.702506268772334,4.5400496472026886,4.653594493865967,9926800,0.0,0.0
2012-12-07 00:00:00-05:00,4.66232785254391,4.789847415301869,4.641365572892675,4.768885135650635,10037200,0.0,0.0
2012-12-10 00:00:00-05:00,4.775874074361948,4.812557658033317,4.714734435058769,4.793342590332031,10475600,0.0,0.0
2012-12-11 00:00:00-05:00,4.793342471674872,4.861469315769094,4.781114610753777,4.8405070304870605,9984800,0.0,0.0
2012-12-12 00:00:00-05:00,4.857974069604793,4.924354341836969,4.843999328058669,4.8614678382873535,11078000,0.0,0.0
2012-12-13 00:00:00-05:00,4.861469043516732,4.952305052678172,4.796835639602269,4.823038578033447,17790000,0.0,0.0
2012-12-14 00:00:00-05:00,4.730455745232665,4.870203197145393,4.730455745232665,4.805570125579834,10138000,0.0,0.0
2012-12-17 00:00:00-05:00,4.819545595998991,4.835267228352934,4.772380698937164,4.807317733764648,9475200,0.0,0.0
2012-12-18 00:00:00-05:00,4.861469563222646,4.863216448183752,4.788102060777382,4.842254161834717,13050400,0.0,0.0
2012-12-19 00:00:00-05:00,4.85622833982135,4.891165368584922,4.7304556360040495,4.812557220458984,17166000,0.0,0.0
2012-12-20 00:00:00-05:00,4.782860689938882,4.796835434351587,4.522580867012128,4.564505100250244,17246400,0.0,0.0
2012-12-21 00:00:00-05:00,4.5190865346137645,4.561010759537856,4.421263009940093,4.466681003570557,14838000,0.0,0.0
2012-12-24 00:00:00-05:00,4.470175973415103,4.512100209604256,4.4544543431961445,4.468429088592529,2161600,0.0,0.0
2012-12-26 00:00:00-05:00,4.4858974742736635,4.564505289917421,4.300732019815161,4.347896575927734,8402400,0.0,0.0
2012-12-27 00:00:00-05:00,4.353137484300607,4.367112230109589,4.178452995096224,4.309466361999512,9706800,0.0,0.0
2012-12-28 00:00:00-05:00,4.279769683576858,4.319947033295208,4.248326424428862,4.28501033782959,5726000,0.0,0.0
2012-12-31 00:00:00-05:00,4.260553752185274,4.395060862542224,4.244832124575545,4.382833003997803,8393600,0.0,0.0
2013-01-02 00:00:00-05:00,4.468428534686753,4.519087188709139,4.365364675220122,4.48240327835083,19592400,0.0,0.0
2013-01-03 00:00:00-05:00,4.468428810624671,4.487644209293445,4.17845261180011,4.255313873291016,42571200,0.0,0.0
2013-01-04 00:00:00-05:00,4.265795294669761,4.396808663261358,4.255314318474016,4.332175254821777,16160000,0.0,0.0
2013-01-07 00:00:00-05:00,4.307718923096686,4.353136924430586,4.1697183676296845,4.3234405517578125,15935600,0.0,0.0
2013-01-08 00:00:00-05:00,4.005514882800812,4.185439670626002,3.9583499967326987,4.050932884216309,44524800,0.0,0.0
2013-01-09 00:00:00-05:00,4.038705562222521,4.073642260370996,3.9338948014086492,3.9496164321899414,17327600,0.0,0.0
2013-01-10 00:00:00-05:00,3.9845534649554364,3.9967813269934918,3.9129328445746094,3.981060028076172,15601200,0.0,0.0
2013-01-11 00:00:00-05:00,3.961843674348089,4.061413764953613,3.895463391821625,4.061413764953613,21068400,0.0,0.0
2013-01-14 00:00:00-05:00,4.050933023628089,4.0806293973762084,3.991540276131853,4.019489765167236,14018800,0.0,0.0
2013-01-15 00:00:00-05:00,4.00027491151841,4.049186690586285,3.9740723036258565,4.0456929206848145,11430000,0.0,0.0
2013-01-16 00:00:00-05:00,4.04045257690596,4.073642727156755,4.014249966996074,4.029971599578857,10560000,0.0,0.0
2013-01-17 00:00:00-05:00,4.057919766936362,4.15224953157101,4.0456919085246446,4.10333776473999,10398400,0.0,0.0
2013-01-18 00:00:00-05:00,4.110325318782059,4.112072203302549,4.0509325778220076,4.066654205322266,8466000,0.0,0.0
2013-01-22 00:00:00-05:00,4.078881953621351,4.094603580697007,4.043944930523414,4.073641300201416,7628400,0.0,0.0
2013-01-23 00:00:00-05:00,4.075388569621331,4.103338057466031,4.0159958246553,4.0439453125,7164800,0.0,0.0
2013-01-24 00:00:00-05:00,4.050932545435761,4.112072170427505,4.036957802567718,4.099843978881836,9199200,0.0,0.0
2013-01-25 00:00:00-05:00,4.120805557692464,4.153995691293344,4.087615424091584,4.141767501831055,8050400,0.0,0.0
2013-01-28 00:00:00-05:00,4.14875629021985,4.157490380715055,4.110325825583071,4.15399694442749,6575600,0.0,0.0
2013-01-29 00:00:00-05:00,4.1312870758405245,4.2308571566203685,4.096350386596865,4.195920467376709,9616400,0.0,0.0
2013-01-30 00:00:00-05:00,4.190680069808248,4.2256170943682,4.119059469326088,4.12954044342041,8915600,0.0,0.0
2013-01-31 00:00:00-05:00,4.133034715370615,4.140022254406428,3.942628608039309,4.052680015563965,20644000,0.0,0.0
2013-02-01 00:00:00-05:00,4.243085949439784,4.333921620902632,4.098097519031527,4.312959671020508,17624800,0.0,0.0
2013-02-04 00:00:00-05:00,4.297237976539277,4.489390957846547,4.250073090246876,4.410782814025879,17586400,0.0,0.0
2013-02-05 00:00:00-05:00,4.419515995632391,4.718226547561225,4.4055412544019505,4.683289527893066,23107200,0.0,0.0
2013-02-06 00:00:00-05:00,4.360124495897342,4.4072893858404365,4.148756433327797,4.4020490646362305,39911200,0.0,0.0
2013-02-07 00:00:00-05:00,4.39156679080115,4.44571920802866,4.3531363332839375,4.438731670379639,11059600,0.0,0.0
2013-02-08 00:00:00-05:00,4.464935322901635,4.585467710292327,4.461441886437604,4.552277565002441,13020800,0.0,0.0
2013-02-11 00:00:00-05:00,4.569745573812813,4.6431130623770445,4.540049201461001,4.576733112335205,11470400,0.0,0.0
2013-02-12 00:00:00-05:00,4.592455272305197,4.594201823953746,4.436985854031475,4.515594005584717,13946800,0.0,0.0
2013-02-13 00:00:00-05:00,4.534808455630361,4.585467109338116,4.487643904297137,4.547036647796631,10458400,0.0,0.0
2013-02-14 00:00:00-05:00,4.52607408487635,4.566251428518953,4.491137061509822,4.498124599456787,6522800,0.0,0.0
2013-02-15 00:00:00-05:00,4.543542515176228,4.543542515176228,4.391566899393395,4.431744575500488,12339200,0.0,0.0
2013-02-19 00:00:00-05:00,4.409035471408738,4.46144100624067,4.290249992277334,4.454453468322754,13305200,0.0,0.0
2013-02-20 00:00:00-05:00,4.475416135348207,4.540049200749317,4.414276506023569,4.424757480621338,9223600,0.0,0.0
2013-02-21 00:00:00-05:00,4.491138949881916,4.51559500979509,4.209897092946854,4.319948196411133,16028800,0.0,0.0
2013-02-22 00:00:00-05:00,4.351389714491466,4.39331394339235,4.298984511661399,4.335668087005615,10165600,0.0,0.0
2013-02-25 00:00:00-05:00,4.382833957975309,4.402049358832814,4.298985481262207,4.298985481262207,6154800,0.0,0.0
2013-02-26 00:00:00-05:00,4.326933877695997,4.405541679762874,4.153996313327893,4.330427646636963,10722000,0.0,0.0
2013-02-27 00:00:00-05:00,4.316452333110061,4.4352378050867065,4.30247759130011,4.4090352058410645,13807200,0.0,0.0
2013-02-28 00:00:00-05:00,4.423010564137963,4.48240330840455,4.375845679011407,4.37759256362915,10794400,0.0,0.0
2013-03-01 00:00:00-05:00,4.351982968582583,4.389073908616276,4.230113555182986,4.247775554656982,14103600,0.06875,0.0
2013-03-04 00:00:00-05:00,4.231879358526827,4.251307961621968,4.125906017341429,4.157698154449463,13199200,0.0,0.0
2013-03-05 00:00:00-05:00,4.200087611283217,4.302528756100806,4.180659007942989,4.29193115234375,13888000,0.0,0.0
2013-03-06 00:00:00-05:00,4.339618046220398,4.373176440873599,4.256605529847676,4.311358451843262,8697600,0.0,0.0
2013-03-07 00:00:00-05:00,4.304294677393912,4.373177411872449,4.2707362752895675,4.334320545196533,5027600,0.0,0.0
2013-03-08 00:00:00-05:00,4.357280731201172,4.412033657648521,4.291930203340041,4.357280731201172,5762400,0.0,0.0
2013-03-11 00:00:00-04:00,4.355514587938394,4.463254513870161,4.3025279268892165,4.461488246917725,8355600,0.0,0.0
2013-03-12 00:00:00-04:00,4.463255106655297,4.510943310061829,4.415566903248766,4.500345706939697,6461200,0.0,0.0
2013-03-13 00:00:00-04:00,4.491514797706115,4.567462603861748,4.487982263261428,4.53037166595459,5648400,0.0,0.0
2013-03-14 00:00:00-04:00,4.539203494298229,4.539203494298229,4.4367623424607645,4.487982749938965,6496000,0.0,0.0
2013-03-15 00:00:00-04:00,4.473851749192141,4.500345079541967,4.408501219906995,4.495046615600586,10422800,0.0,0.0
2013-03-18 00:00:00-04:00,4.445592762865716,4.556864900379664,4.445592762865716,4.5427350997924805,5818000,0.0,0.0
2013-03-19 00:00:00-04:00,4.553333208131294,4.553333208131294,4.396138780165435,4.457956790924072,5177200,0.0,0.0
2013-03-20 00:00:00-04:00,4.484449013955877,4.507410147305106,4.422631355433273,4.495046615600586,7318400,0.0,0.0
2013-03-21 00:00:00-04:00,4.47738539521763,4.533904603837736,4.417333651838503,4.457956790924072,7572000,0.0,0.0
2013-03-22 00:00:00-04:00,4.475619138866359,4.555099486734889,4.429697197529104,4.532138347625732,4812800,0.0,0.0
2013-03-25 00:00:00-04:00,4.5586304982613175,4.622214760008663,4.452656840976065,4.482682704925537,8667600,0.0,0.0
2013-03-26 00:00:00-04:00,4.52683929954717,4.662838848786705,4.4915149644321355,4.655774116516113,14184000,0.0,0.0
2013-03-27 00:00:00-04:00,4.6416436175646405,4.710526347036397,4.6169162161309165,4.6716694831848145,12135200,0.0,0.0
2013-03-28 00:00:00-04:00,4.459721984495036,5.063771470721681,4.459721984495036,4.940135478973389,39372800,0.0,0.0
2013-04-01 00:00:00-04:00,4.945434063131317,5.311042884611856,4.933070531874442,5.256289958953857,28086000,0.0,0.0
2013-04-02 00:00:00-04:00,5.252758360060601,5.358732033364572,5.132654886108169,5.34106969833374,16349200,0.0,0.0
2013-04-03 00:00:00-04:00,5.346368437508866,5.406420173784207,5.298680234546503,5.342835903167725,18020400,0.0,0.0
2013-04-04 00:00:00-04:00,5.335769812908794,5.492964192183286,5.208601632904229,5.279250621795654,17995200,0.0,0.0
2013-04-05 00:00:00-04:00,5.2350958090458235,5.311043610728314,5.176810341665472,5.291615009307861,11217200,0.0,0.0
2013-04-08 00:00:00-04:00,5.305745241345407,5.394056577557832,5.268654304958061,5.344602108001709,11594000,0.0,0.0
2013-04-09 00:00:00-04:00,5.334004909507485,5.365796707966368,5.270420638827685,5.277485370635986,9748000,0.0,0.0
2013-04-10 00:00:00-04:00,5.2969147413604505,5.341070416433693,5.210369658642623,5.282784938812256,11600000,0.0,0.0
2013-04-11 00:00:00-04:00,5.2986803772600695,5.607770065933574,5.28455057639595,5.595406532287598,25042000,0.0,0.0
2013-04-12 00:00:00-04:00,5.572445102987699,5.710211243727083,5.501796102373535,5.655457973480225,11446800,0.0,0.0
2013-04-15 00:00:00-04:00,5.651925641118061,5.681951172680722,5.533588434531911,5.54241943359375,11366800,0.0,0.0
2013-04-16 00:00:00-04:00,5.568913449375042,5.710211801280968,5.522991510271694,5.7049126625061035,11226800,0.0,0.0
2013-04-17 00:00:00-04:00,5.643094236301571,5.796755764967392,5.575977435485813,5.787924766540527,18656400,0.0,0.0
2013-04-18 00:00:00-04:00,5.764965283275721,5.874471177418515,5.740238211091431,5.772030353546143,18770400,0.0,0.0
2013-04-19 00:00:00-04:00,5.763199375731274,5.842679732187206,5.699615090566528,5.7808613777160645,12038000,0.0,0.0
2013-04-22 00:00:00-04:00,5.7808597669442525,5.858573497290333,5.623665702288545,5.74376916885376,12639600,0.0,0.0
2013-04-23 00:00:00-04:00,5.782627129110554,5.867405938902796,5.742003317766479,5.862106800079346,11824000,0.0,0.0
2013-04-24 00:00:00-04:00,5.86033941402142,6.102312248977636,5.830313214020239,6.045793056488037,12242400,0.0,0.0
2013-04-25 00:00:00-04:00,6.047560691833496,6.105845824259796,5.973378817935799,6.047560691833496,11951200,0.0,0.0
2013-04-26 00:00:00-04:00,6.029896266472589,6.176493367577388,6.012234273603937,6.114675045013428,7236800,0.0,0.0
2013-04-29 00:00:00-04:00,6.121741040014951,6.234779428544773,6.0669877757999675,6.105844974517822,9066000,0.0,0.0
2013-04-30 00:00:00-04:00,6.111144299754673,6.2559748396916515,6.084651302700077,6.1641316413879395,12765600,0.0,0.0
2013-05-01 00:00:00-04:00,6.172961047256684,6.210051637817811,6.063455205416367,6.135870456695557,7445200,0.0,0.0
2013-05-02 00:00:00-04:00,6.132339767982615,6.418468325724789,6.112911165055061,6.413169860839844,8562800,0.0,0.0
2013-05-03 00:00:00-04:00,6.459090086031172,6.575661005002358,6.437895557244208,6.5615315437316895,10840400,0.0,0.0
2013-05-06 00:00:00-04:00,6.533273793539943,6.616286002146501,6.473222050206416,6.568597793579102,8249600,0.0,0.0
2013-05-07 00:00:00-04:00,6.658673666902124,6.658673666902124,6.51914161951231,6.586258411407471,12170000,0.0,0.0
2013-05-08 00:00:00-04:00,6.623349121428164,6.812335295791961,6.5491679346738865,6.559764862060547,12584800,0.0,0.0
2013-05-09 00:00:00-04:00,6.554467802875251,6.625116471052113,6.460857997503932,6.5509352684021,13998400,0.0,0.0
2013-05-10 00:00:00-04:00,6.561532278918891,6.782310610325825,6.55446721061099,6.778778076171875,9331200,0.0,0.0
2013-05-13 00:00:00-04:00,6.757582742236642,6.819401078107585,6.743453279652588,6.759349346160889,11100800,0.0,0.0
2013-05-14 00:00:00-04:00,6.748751133433281,6.88828318529991,6.748751133433281,6.8246989250183105,9750800,0.0,0.0
2013-05-15 00:00:00-04:00,6.817635068346341,6.9342060083124855,6.787609536637233,6.886518478393555,7657600,0.0,0.0
2013-05-16 00:00:00-04:00,6.852960336060433,6.863557940167593,6.679870178216096,6.720493316650391,9675600,0.0,0.0
2013-05-17 00:00:00-04:00,6.782309552622754,7.041944371709028,6.764646884607498,7.022515773773193,15209200,0.0,0.0
2013-05-20 00:00:00-04:00,7.0225170052545085,7.029582073699554,6.842362476239927,6.8458943367004395,10988400,0.0,0.0
2013-05-21 00:00:00-04:00,6.902414668514137,6.935972735211859,6.314260819795893,6.496181964874268,34144800,0.0,0.0
2013-05-22 00:00:00-04:00,6.427298743737428,6.6056880146977575,6.307195276287505,6.402571678161621,25998400,0.0,0.0
2013-05-23 00:00:00-04:00,6.354884773496699,6.49971533606503,6.1464699300423415,6.360183238983154,33572800,0.0,0.0
2013-05-24 00:00:00-04:00,6.217117872631022,6.2595069344462075,5.464705287791583,5.671353816986084,55468800,0.0,0.0
2013-05-28 00:00:00-04:00,5.794988959161773,5.929221866748653,5.5653793290664355,5.6024699211120605,19694800,0.0,0.0
2013-05-29 00:00:00-04:00,5.572445197410384,5.669587532790769,5.558315397048128,5.620133399963379,8894400,0.0,0.0
2013-05-30 00:00:00-04:00,5.586574625276137,5.953949747080311,5.586574625276137,5.916859149932861,16263600,0.0,0.0
2013-05-31 00:00:00-04:00,5.828706572169626,6.028161055102798,5.809117165219851,5.905282974243164,13592000,0.06875,0.0
2013-06-03 00:00:00-04:00,5.908845283159054,6.168848556949171,5.90528351072292,6.126108646392822,19293600,0.0,0.0
2013-06-04 00:00:00-04:00,6.1154229826533735,6.41816682918841,6.102957119502395,6.320220470428467,26521200,0.0,0.0
2013-06-05 00:00:00-04:00,6.291726833303741,6.370083782718003,6.097614666507465,6.208026885986328,17047600,0.0,0.0
2013-06-06 00:00:00-04:00,6.218710804801199,6.370083046918934,6.051311608840988,6.165285587310791,16494400,0.0,0.0
2013-06-07 00:00:00-04:00,6.339809197889816,6.672827768704591,6.329124560526696,6.544606685638428,28413200,0.0,0.0
2013-06-10 00:00:00-04:00,6.544607773314761,6.589128914629827,6.204466280841201,6.231179237365723,17507200,0.0,0.0
2013-06-11 00:00:00-04:00,6.5196751047399175,6.888310047437754,6.487619833258488,6.717349052429199,35602800,0.0,0.0
2013-06-12 00:00:00-04:00,6.770774720748173,6.80461054092727,6.492962576207433,6.516113758087158,14868800,0.0,0.0
2013-06-13 00:00:00-04:00,6.528579791125698,6.802830170211191,6.44666105846546,6.683513164520264,13186000,0.0,0.0
2013-06-14 00:00:00-04:00,6.881186187887845,7.082421898680744,6.872282097181309,6.94707727432251,24263600,0.0,0.0
2013-06-17 00:00:00-04:00,6.9488595836441895,7.011188907647908,6.7725555710728855,6.856255531311035,9991600,0.0,0.0
2013-06-18 00:00:00-04:00,6.818856587493482,6.852692402494047,6.7547460501546865,6.849130630493164,6765600,0.0,0.0
2013-06-19 00:00:00-04:00,6.817077347696101,6.954202552652358,6.7868032958773306,6.861598491668701,6960000,0.0,0.0
2013-06-20 00:00:00-04:00,7.1803702023809155,7.367358875282123,7.053930313778446,7.290782451629639,34425600,0.0,0.0
2013-06-21 00:00:00-04:00,7.374481071669773,7.395851027116901,7.2017388435140095,7.262287616729736,24414800,0.0,0.0
2013-06-24 00:00:00-04:00,7.176808509794305,7.251604387397314,7.077081578775315,7.105575084686279,16722400,0.0,0.0
2013-06-25 00:00:00-04:00,7.15187476315381,7.199957668214986,7.027215455143934,7.134066581726074,12790000,0.0,0.0
2013-06-26 00:00:00-04:00,7.139410134869307,7.2337947355672,7.0325596691486245,7.191054821014404,10692800,0.0,0.0
2013-06-27 00:00:00-04:00,7.212423976730999,7.31393211168605,7.192834568346934,7.27831506729126,8042400,0.0,0.0
2013-06-28 00:00:00-04:00,7.322835944254229,7.629141564154416,7.322835944254229,7.484892845153809,13968400,0.0,0.0
2013-07-01 00:00:00-04:00,7.47955205638486,7.540100838300573,7.419003274469148,7.516949653625488,7224400,0.0,0.0
2013-07-02 00:00:00-04:00,7.531195386808505,7.6113335659653085,7.481331253478377,7.509824752807617,10888400,0.0,0.0
2013-07-03 00:00:00-04:00,7.506264676425344,7.614895690285242,7.495579357977731,7.547224044799805,2504000,0.0,0.0
2013-07-05 00:00:00-04:00,7.588183804196006,7.659417226167998,7.419003323087077,7.655856132507324,4302400,0.0,0.0
2013-07-08 00:00:00-04:00,7.671883086738549,7.712842453568671,7.54544253422793,7.591744899749756,9387200,0.0,0.0
2013-07-09 00:00:00-04:00,7.6077738200577905,7.700377887378727,7.524073846272968,7.602430820465088,6728800,0.0,0.0
2013-07-10 00:00:00-04:00,7.598867700561509,7.646950612342142,7.515168420948113,7.554346561431885,7175200,0.0,0.0
2013-07-11 00:00:00-04:00,7.655856450430987,7.700377595764332,7.522293014430954,7.586402893066406,8972000,0.0,0.0
2013-07-12 00:00:00-04:00,7.589962296163811,7.689689875131415,7.499139486953275,7.68790864944458,7475200,0.0,0.0
2013-07-15 00:00:00-04:00,7.687909448671341,7.7484582208858015,7.652293083294643,7.7431159019470215,7650800,0.0,0.0
2013-07-16 00:00:00-04:00,7.723528117597104,7.821474501657794,7.563252401681093,7.807228088378906,14174000,0.0,0.0
2013-07-17 00:00:00-04:00,7.819692310316446,7.860651673970548,7.718184174447884,7.7431159019470215,7836800,0.0,0.0
2013-07-18 00:00:00-04:00,7.7466776155965595,7.835719887040199,7.744897069076679,7.769828796386719,3755200,0.0,0.0
2013-07-19 00:00:00-04:00,7.812568081105859,7.915857433798034,7.714621726223028,7.739553451538086,6703200,0.0,0.0
2013-07-22 00:00:00-04:00,7.746677685351323,7.800102912830849,7.654073640695454,7.661197185516357,4352000,0.0,0.0
2013-07-23 00:00:00-04:00,7.679005886862564,7.728870024638038,7.538319603510345,7.554346561431885,7554400,0.0,0.0
2013-07-24 00:00:00-04:00,7.614894382720406,7.910514682289256,7.607771517650444,7.700375556945801,10179600,0.0,0.0
2013-07-25 00:00:00-04:00,7.679006956007621,7.91407854899386,7.627362943724273,7.908736228942871,7434800,0.0,0.0
2013-07-26 00:00:00-04:00,7.8464070449679175,8.16517793522348,7.812570539104465,8.15627384185791,10391600,0.0,0.0
2013-07-29 00:00:00-04:00,8.133117293919625,8.145583831619453,7.937224651663229,8.083253860473633,7770800,0.0,0.0
2013-07-30 00:00:00-04:00,8.093943391127583,8.414495463388949,8.092162165097204,8.353946685791016,10822800,0.0,0.0
2013-07-31 00:00:00-04:00,8.394906093765458,8.81874753900477,8.394906093765458,8.736828804016113,18825200,0.0,0.0
2013-08-01 00:00:00-04:00,8.81874655733337,9.146422140151005,8.772444196214908,8.900665283203125,16776400,0.0,0.0
2013-08-02 00:00:00-04:00,8.720803538022265,9.021766283288148,8.54449947584121,8.97368335723877,15702000,0.0,0.0
2013-08-05 00:00:00-04:00,8.961215809271065,9.10724510723253,8.877515841169222,8.955873489379883,10920400,0.0,0.0
2013-08-06 00:00:00-04:00,8.939845492297424,9.019983684149098,8.681622731592569,8.724363327026367,14586400,0.0,0.0
2013-08-07 00:00:00-04:00,8.656691185943806,8.708335875057976,8.402030192685642,8.526689529418945,14761600,0.0,0.0
2013-08-08 00:00:00-04:00,8.526689914204326,8.674499762930443,8.482168769028943,8.635321617126465,11133200,0.0,0.0
2013-08-09 00:00:00-04:00,8.589016598100587,8.80449871128454,8.567646645218668,8.720799446105957,6906000,0.0,0.0
2013-08-12 00:00:00-04:00,8.64600582093474,8.832994485368593,8.617512316633759,8.811624526977539,5619600,0.0,0.0
2013-08-13 00:00:00-04:00,8.832994534342085,8.84367985326622,8.681622919279878,8.768884658813477,6287600,0.0,0.0
2013-08-14 00:00:00-04:00,8.74039109164746,8.838337470063754,8.642444033892438,8.670937538146973,5108000,0.0,0.0
2013-08-15 00:00:00-04:00,8.585456261420234,8.629977400314973,8.432303434928142,8.492852210998535,5038800,0.0,0.0
2013-08-16 00:00:00-04:00,8.455453925162063,8.644223783184023,8.377096971683937,8.473262786865234,6299200,0.0,0.0
2013-08-19 00:00:00-04:00,8.49819544735344,8.58723772763388,8.471482491533836,8.494633674621582,6885600,0.0,0.0
2013-08-20 00:00:00-04:00,8.576552241017376,8.612169288297864,8.499975827132863,8.590799331665039,7826000,0.0,0.0
2013-08-21 00:00:00-04:00,8.548056174582724,8.663811373682254,8.425178111634947,8.48038387298584,6636000,0.0,0.0
2013-08-22 00:00:00-04:00,9.607662173236486,9.986982477252901,9.183820729102512,9.244369506835938,40547600,0.0,0.0
2013-08-23 00:00:00-04:00,9.367246032601008,9.406424846699503,9.046694013567475,9.192723274230957,9461200,0.0,0.0
2013-08-26 00:00:00-04:00,9.183821883883207,9.47409994416429,9.183821883883207,9.328070640563965,9117600,0.0,0.0
2013-08-27 00:00:00-04:00,9.271082029215954,9.274643801779487,8.78669182999395,8.792034149169922,10185200,0.0,0.0
2013-08-28 00:00:00-04:00,8.788472250519362,8.95231038939804,8.779568158907603,8.886419296264648,8990400,0.0,0.0
2013-08-29 00:00:00-04:00,8.928501268351553,9.21680636894528,8.89984986796913,9.071758270263672,5702000,0.06875,0.0
2013-08-30 00:00:00-04:00,9.150550073393937,9.150550073393937,8.894477866188168,8.99117660522461,8118800,0.0,0.0
2013-09-03 00:00:00-04:00,9.091456274675595,9.168457041611868,8.941036251253951,8.948199272155762,5745200,0.0,0.0
2013-09-04 00:00:00-04:00,8.9267096759719,9.021617989490782,8.844336989833664,8.889104843139648,7009600,0.0,0.0
2013-09-05 00:00:00-04:00,8.89268687477144,9.218596811299458,8.89268687477144,9.16845703125,6313200,0.0,0.0
2013-09-06 00:00:00-04:00,9.17382828983241,9.227549576431391,8.85687181086423,8.883732795715332,7304800,0.0,0.0
2013-09-09 00:00:00-04:00,8.964317077016881,9.098620665177583,8.903432756393228,8.971479415893555,7003600,0.0,0.0
2013-09-10 00:00:00-04:00,9.000129753027487,9.075340108689051,8.97147835160958,9.014455795288086,4505600,0.0,0.0
2013-09-11 00:00:00-04:00,8.994758189689612,9.041317145801674,8.815686752865762,8.874780654907227,5350000,0.0,0.0
2013-09-12 00:00:00-04:00,8.890896935176839,8.926710675348515,8.763755698395482,8.855082511901855,4783200,0.0,0.0
2013-09-13 00:00:00-04:00,8.885525210359761,9.408414202670569,8.874781360482283,9.392297744750977,11580000,0.0,0.0
2013-09-16 00:00:00-04:00,9.469297993463117,9.540926160017108,9.329621804941663,9.333203315734863,7050000,0.0,0.0
2013-09-17 00:00:00-04:00,9.410204082715877,9.515856260171477,9.286645034411531,9.422739028930664,8488400,0.0,0.0
2013-09-18 00:00:00-04:00,9.394088032477796,9.426320947883902,9.012666338677828,9.200691223144531,8842400,0.0,0.0
2013-09-19 00:00:00-04:00,9.324246407981665,9.356479310013691,9.23650181708577,9.283060073852539,5529200,0.0,0.0
2013-09-20 00:00:00-04:00,9.286644124574451,9.286644124574451,8.803151144890736,8.851500511169434,14769200,0.0,0.0
2013-09-23 00:00:00-04:00,8.864036594058247,8.958944242027817,8.711826137906671,8.919548988342285,8452400,0.0,0.0
2013-09-24 00:00:00-04:00,8.948198128863716,9.195316170472962,8.933872088890505,9.141594886779785,7662000,0.0,0.0
2013-09-25 00:00:00-04:00,9.180992250954475,9.25799302010756,8.975059834270025,9.09682846069336,6532000,0.0,0.0
2013-09-26 00:00:00-04:00,9.084296106008116,9.157715385545243,8.880154727934325,9.030574798583984,5015200,0.0,0.0
2013-09-27 00:00:00-04:00,8.967896605006358,9.046687780054281,8.872988292515497,8.89089584350586,5275200,0.0,0.0
2013-09-30 00:00:00-04:00,8.819267005750858,8.94282603361985,8.783452586873356,8.89089584350586,7489200,0.0,0.0
2013-10-01 00:00:00-04:00,8.880151574388377,9.17203817464528,8.874779650484703,9.170247077941895,10804400,0.0,0.0
2013-10-02 00:00:00-04:00,9.111153071327442,9.129059938180623,8.921337140409074,9.010872840881348,5959600,0.0,0.0
2013-10-03 00:00:00-04:00,8.987593354671644,9.075338641574731,8.547077872921081,8.921337127685547,5899200,0.0,0.0
2013-10-04 00:00:00-04:00,8.908802393116812,9.114734781977877,8.847918088131182,9.078920364379883,5106800,0.0,0.0
2013-10-07 00:00:00-04:00,8.992967306251067,9.098619475783845,8.87657060515277,8.878361701965332,4756000,0.0,0.0
2013-10-08 00:00:00-04:00,8.899850659965887,9.08787553440181,8.751221037622033,8.831803321838379,7138400,0.0,0.0
2013-10-09 00:00:00-04:00,8.86403326023991,8.994755284933703,8.686752294469748,8.95715045928955,6132800,0.0,0.0
2013-10-10 00:00:00-04:00,9.071757329991195,9.460342633198822,9.053850462771923,9.292015075683594,12719200,0.0,0.0
2013-10-11 00:00:00-04:00,9.229341996989648,9.338575682501883,9.177411116483288,9.23292350769043,6244000,0.0,0.0
2013-10-14 00:00:00-04:00,9.148761675669746,9.28843720743306,9.098621881314397,9.272320747375488,4960000,0.0,0.0
2013-10-15 00:00:00-04:00,9.274108511907928,9.326039384887444,9.132641933696098,9.186363220214844,7324400,0.0,0.0
2013-10-16 00:00:00-04:00,9.218596785825898,9.306342083773256,9.138014508752462,9.250829696655273,7542800,0.0,0.0
2013-10-17 00:00:00-04:00,9.250831210593335,9.437065685173728,9.20606334745978,9.431693077087402,6847200,0.0,0.0
2013-10-18 00:00:00-04:00,9.496155832895207,9.66985530417431,9.31708443837346,9.648366928100586,6705600,0.0,0.0
2013-10-21 00:00:00-04:00,9.71999606094295,9.818485884392091,9.557041102740591,9.786252975463867,6783600,0.0,0.0
2013-10-22 00:00:00-04:00,9.802369337706123,9.899067380477817,9.705670611831207,9.805950164794922,7547600,0.0,0.0
2013-10-23 00:00:00-04:00,9.771926604664479,9.820275966424557,9.594646294647397,9.754019737243652,5396000,0.0,0.0
2013-10-24 00:00:00-04:00,9.777299743862171,9.863254630857712,9.761183287938419,9.813114166259766,4599200,0.0,0.0
2013-10-25 00:00:00-04:00,9.836392742169854,9.915183917743853,9.736112505263941,9.827439308166504,3676400,0.0,0.0
2013-10-28 00:00:00-04:00,9.82744038777386,9.854300692734688,9.703880662402828,9.743276596069336,4799600,0.0,0.0
2013-10-29 00:00:00-04:00,9.831020030552228,9.972485915916142,9.438853231462536,9.929509162902832,7617600,0.0,0.0
2013-10-30 00:00:00-04:00,9.997560349269087,10.02800217082659,9.831023829998156,9.888326644897461,5788000,0.0,0.0
2013-10-31 00:00:00-04:00,9.884744464920123,9.913395870431637,9.680603115262656,9.816697120666504,7030800,0.0,0.0
2013-11-01 00:00:00-04:00,9.865044566773747,9.915184345839915,9.800578746201099,9.857881546020508,9355600,0.0,0.0
2013-11-04 00:00:00-05:00,9.92950991076504,9.979649687424676,9.843555715161425,9.90264892578125,5709600,0.0,0.0
2013-11-05 00:00:00-05:00,9.913391980066214,10.162301095848651,9.768343912340502,10.128277778625488,10962800,0.0,0.0
2013-11-06 00:00:00-05:00,10.153348704128632,10.244674819249807,9.999347187988084,10.036952018737793,6945600,0.0,0.0
2013-11-07 00:00:00-05:00,10.019047094892185,10.085303335697615,9.605391827105334,9.637624740600586,9811600,0.0,0.0
2013-11-08 00:00:00-05:00,9.65195060599253,9.942046139010374,9.632252638874059,9.934883117675781,5989600,0.0,0.0
2013-11-11 00:00:00-05:00,9.88295196618356,9.988604137105073,9.677020231745557,9.916975975036621,6014000,0.0,0.0
2013-11-12 00:00:00-05:00,9.913394248298042,10.226769243660264,9.84892842566986,10.199908256530762,9398800,0.0,0.0
2013-11-13 00:00:00-05:00,10.124699240700625,10.316305624186933,10.124699240700625,10.312724113464355,7041600,0.0,0.0
2013-11-14 00:00:00-05:00,10.32884073607289,10.33958526841321,10.192746058842188,10.284072875976562,6816000,0.0,0.0
2013-11-15 00:00:00-05:00,10.296608112895607,10.30556154854702,9.959953604196341,10.122908592224121,11509600,0.0,0.0
2013-11-18 00:00:00-05:00,10.22318679861404,10.241093666327895,9.802369259409517,9.856090545654297,10570400,0.0,0.0
2013-11-19 00:00:00-05:00,9.899068190570572,9.908022308335,9.488995145022393,9.524808883666992,12419200,0.0,0.0
2013-11-20 00:00:00-05:00,9.537345281118029,9.549880911276443,9.277692220889486,9.390506744384766,16545600,0.0,0.0
2013-11-21 00:00:00-05:00,8.987595766027793,8.998340298869028,8.355473770590867,8.738686561584473,58424000,0.0,0.0
2013-11-22 00:00:00-05:00,8.942826487566627,8.955361432344555,8.699289929664554,8.92850112915039,20955200,0.0,0.0
2013-11-25 00:00:00-05:00,9.080709607070451,9.08250070342618,8.731520275942243,8.756590843200684,22014000,0.0,0.0
2013-11-26 00:00:00-05:00,8.769128080436191,8.838965828319955,8.595428576035749,8.641986846923828,18137200,0.0,0.0
2013-11-27 00:00:00-05:00,8.649150735892498,8.70108161936171,8.53812663024719,8.554243087768555,14298800,0.0,0.0
2013-11-29 00:00:00-05:00,8.63303282595248,8.7297315548121,8.58468346152267,8.640195846557617,9180800,0.0,0.0
2013-12-02 00:00:00-05:00,8.73474656141232,8.75095539694518,8.424978009903834,8.459197044372559,16794000,0.06875,0.0
2013-12-03 00:00:00-05:00,8.421376274574278,8.446590553996062,8.089996159381224,8.275497436523438,32862800,0.0,0.0
2013-12-04 00:00:00-05:00,8.291706649728136,8.4087698607824,8.221468585691799,8.243080139160156,18393600,0.0,0.0
2013-12-05 00:00:00-05:00,8.221469094455067,8.309716677339516,8.117011986692646,8.12781810760498,17945200,0.0,0.0
2013-12-06 00:00:00-05:00,8.228673621202505,8.381757263622942,8.080993383491801,8.118814468383789,15780800,0.0,0.0
2013-12-09 00:00:00-05:00,8.120614978122363,8.304314933034249,8.104406138364872,8.208863258361816,17645600,0.0,0.0
2013-12-10 00:00:00-05:00,8.192652952061021,8.27009440924088,8.136822361330623,8.243080139160156,13598000,0.0,0.0
2013-12-11 00:00:00-05:00,8.243080329043341,8.363745582958394,8.109807591044186,8.14222526550293,11872800,0.0,0.0
2013-12-12 00:00:00-05:00,8.127817021327335,8.369148193297544,8.120612941681932,8.214263916015625,11870000,0.0,0.0
2013-12-13 00:00:00-05:00,8.284503972399307,8.608680077393737,8.284503972399307,8.516830444335938,19215600,0.0,0.0
2013-12-16 00:00:00-05:00,8.53303651492737,8.734745919043103,8.53303651492737,8.664507865905762,14051600,0.0,0.0
2013-12-17 00:00:00-05:00,8.653704490148016,8.850011240709557,8.612282053041142,8.821195602416992,11594800,0.0,0.0
2013-12-18 00:00:00-05:00,8.826598157087371,9.03191034903108,8.74195260761253,8.992288589477539,14142000,0.0,0.0
2013-12-19 00:00:00-05:00,8.94726225042348,9.093141772676278,8.864417394979652,8.981480598449707,9278400,0.0,0.0
2013-12-20 00:00:00-05:00,8.988683235261966,9.031907019478849,8.855410530360423,8.869818687438965,11484000,0.0,0.0
2013-12-23 00:00:00-05:00,8.88602858749673,9.105748200192766,8.831999366002952,9.098544120788574,7376000,0.0,0.0
2013-12-24 00:00:00-05:00,9.069729453528673,9.22281237852383,9.069729453528673,9.17958927154541,4603200,0.0,0.0
2013-12-26 00:00:00-05:00,9.197599141369045,9.284046045694714,9.039112806595856,9.069729804992676,6075200,0.0,0.0
2013-12-27 00:00:00-05:00,9.064327176509583,9.114754366102972,8.808587814245403,8.832000732421875,8428800,0.0,0.0
2013-12-30 00:00:00-05:00,8.822996384423181,8.893234455190749,8.675315475016264,8.87342357635498,7888400,0.0,0.0
2013-12-31 00:00:00-05:00,8.904039761925715,8.967074437956635,8.846408489966503,8.871622085571289,6984400,0.0,0.0
2014-01-02 00:00:00-05:00,8.851812201210443,8.961671344869451,8.664510217333843,8.941861152648926,11337200,0.0,0.0
2014-01-03 00:00:00-05:00,8.952665595481674,9.00489414641542,8.837403060330582,8.868020057678223,5271200,0.0,0.0
2014-01-06 00:00:00-05:00,8.868020274767385,8.878825708315503,8.641096551992039,8.675314903259277,11595600,0.0,0.0
2014-01-07 00:00:00-05:00,8.725743248262663,8.839205115753689,7.852268035480278,7.949521064758301,60224000,0.0,0.0
2014-01-08 00:00:00-05:00,7.909900333323683,8.217868299308082,7.8558710946134696,8.167440414428711,29900800,0.0,0.0
2014-01-09 00:00:00-05:00,8.169239947746224,8.178244704343575,7.978335947595513,8.09900188446045,15887200,0.0,0.0
2014-01-10 00:00:00-05:00,8.014356286603432,8.210663018632454,8.014356286603432,8.1980562210083,8870000,0.0,0.0
2014-01-13 00:00:00-05:00,8.189050899134884,8.255686922985491,8.12061351173705,8.162035942077637,17146000,0.0,0.0
2014-01-14 00:00:00-05:00,6.915758924142129,7.041826891572174,6.48352373375116,6.53935432434082,94026800,0.0,0.0
2014-01-15 00:00:00-05:00,6.616796430561605,6.669024293762012,6.528548166845587,6.658218860626221,33702400,0.0,0.0
2014-01-16 00:00:00-05:00,6.6167965277792655,6.946375296622208,6.575373410087147,6.798695087432861,34463600,0.0,0.0
2014-01-17 00:00:00-05:00,6.8221078545669185,6.91575883416718,6.660019488524372,6.7806854248046875,25863200,0.0,0.0
2014-01-21 00:00:00-05:00,6.937370892390077,7.094055866293066,6.867132824330769,6.881540298461914,24843200,0.0,0.0
2014-01-22 00:00:00-05:00,6.865332522614483,7.094056963609349,6.8437209645653985,7.068843364715576,15303200,0.0,0.0
2014-01-23 00:00:00-05:00,7.095856713238641,7.115666902849055,6.802296977862117,6.888743877410889,19949200,0.0,0.0
2014-01-24 00:00:00-05:00,6.831113142245486,6.831113142245486,6.551961545262505,6.577175140380859,21522400,0.0,0.0
2014-01-27 00:00:00-05:00,6.5915812877546385,6.757271673352973,6.512338478045141,6.721251964569092,15472400,0.0,0.0
2014-01-28 00:00:00-05:00,6.7158501121242535,6.76807866222465,6.44750396855444,6.492528438568115,18165200,0.0,0.0
2014-01-29 00:00:00-05:00,6.42949523388072,6.5447577811494275,6.305227241903729,6.316033363342285,19112000,0.0,0.0
2014-01-30 00:00:00-05:00,6.393475096164182,6.44030024528438,6.249396921541733,6.359256744384766,16910800,0.0,0.0
2014-01-31 00:00:00-05:00,6.308829282383248,6.380868717935677,6.269208211146489,6.316033363342285,17035200,0.0,0.0
2014-02-03 00:00:00-05:00,6.298023409409776,6.325037680596607,5.961239861725433,6.092711925506592,26290000,0.0,0.0
2014-02-04 00:00:00-05:00,6.117925179218677,6.19176528224551,5.964841569613563,6.114323139190674,22790000,0.0,0.0
2014-02-05 00:00:00-05:00,6.063896140455999,6.3034266842256885,6.042284584189684,6.260202884674072,17794800,0.0,0.0
2014-02-06 00:00:00-05:00,6.22958669179494,6.415087317980765,6.224183974377955,6.366460800170898,10514400,0.0,0.0
2014-02-07 00:00:00-05:00,6.37726621821347,6.442101568137908,6.303426111248177,6.39347505569458,13534000,0.0,0.0
2014-02-10 00:00:00-05:00,6.3934743378326235,6.607790554224735,6.37366346235576,6.559164047241211,17729600,0.0,0.0
2014-02-11 00:00:00-05:00,6.562766259161715,6.591581891424049,6.431294894026135,6.4384989738464355,23831200,0.0,0.0
2014-02-12 00:00:00-05:00,6.458310433522422,6.624000162250589,6.424091394792833,6.575373649597168,13958800,0.0,0.0
2014-02-13 00:00:00-05:00,6.523144992764105,6.533950425142036,6.370061392894589,6.458309650421143,15523200,0.0,0.0
2014-02-14 00:00:00-05:00,6.429495047284382,6.434897764337376,6.307028422610855,6.413286209106445,13072400,0.0,0.0
2014-02-18 00:00:00-05:00,6.4511062948734645,6.566368833300364,6.362858714461147,6.508737564086914,10734000,0.0,0.0
2014-02-19 00:00:00-05:00,6.503335028516744,6.503335028516744,6.34845073055742,6.411484718322754,14306800,0.0,0.0
2014-02-20 00:00:00-05:00,6.413286533619672,6.445704211615884,6.3682620571826,6.418689250946045,8972800,0.0,0.0
2014-02-21 00:00:00-05:00,6.406080862021525,6.431294452643288,6.362857760103878,6.404280185699463,10791600,0.0,0.0
2014-02-24 00:00:00-05:00,6.411484255139722,6.550159705224107,6.375465228743895,6.492528438568115,11340800,0.0,0.0
2014-02-25 00:00:00-05:00,6.530348867938208,7.0238173645569315,6.5141400311546285,6.928365707397461,27935600,0.0,0.0
2014-02-26 00:00:00-05:00,6.903152415923526,6.949977564780521,6.7698796757600554,6.856326580047607,13794400,0.0,0.0
2014-02-27 00:00:00-05:00,6.780686209091976,6.823909320356793,6.647413460817695,6.708646774291992,11474800,0.0,0.0
2014-02-28 00:00:00-05:00,6.733861288358221,6.7968959741561354,6.647414367024766,6.719453811645508,8571200,0.0,0.0
2014-03-03 00:00:00-05:00,6.672625669270365,6.784286151672651,6.633004606686936,6.697839260101318,6933200,0.0,0.0
2014-03-04 00:00:00-05:00,6.753670918564841,6.813103552417299,6.7032437288856155,6.726655960083008,6133200,0.0,0.0
2014-03-05 00:00:00-05:00,6.79509414501015,7.022017899117688,6.753671707645539,6.978794097900391,15731200,0.0,0.0
2014-03-06 00:00:00-05:00,6.984194942104098,7.08504999321355,6.917558924827247,6.967986106872559,11832800,0.0,0.0
2014-03-07 00:00:00-05:00,7.022015556967335,7.056233901545908,6.919359149194047,6.937369346618652,8106400,0.0,0.0
2014-03-10 00:00:00-04:00,6.9373706499367085,7.020215512597534,6.856326463847243,6.9355692863464355,9502000,0.0,0.0
2014-03-11 00:00:00-04:00,6.926563378761956,6.987796677299385,6.892345033439404,6.931966781616211,8839200,0.0,0.0
2014-03-12 00:00:00-04:00,6.8401182346044465,6.944575347519607,6.8401182346044465,6.933769226074219,8959200,0.0,0.0
2014-03-13 00:00:00-04:00,6.9555671683556195,6.986448172647188,6.726681577306479,6.743030548095703,12641200,0.0825,0.0
2014-03-14 00:00:00-04:00,6.699432362926471,7.111789035653027,6.67763327776357,7.080907344818115,16728400,0.0,0.0
2014-03-17 00:00:00-04:00,7.088177562593114,7.238950839054492,7.062745975693034,7.220785617828369,11348800,0.0,0.0
2014-03-18 00:00:00-04:00,6.881089234966399,7.0245961091188445,6.7848116467614945,6.973732948303223,30610000,0.0,0.0
2014-03-19 00:00:00-04:00,6.980998234073441,7.008246747707409,6.772094810768988,6.832041263580322,11680800,0.0,0.0
2014-03-20 00:00:00-04:00,6.799343162484887,7.022778612903723,6.799343162484887,6.982814311981201,8980000,0.0,0.0
2014-03-21 00:00:00-04:00,7.024595598569497,7.060926722065212,6.859289644974611,6.870189189910889,11760000,0.0,0.0
2014-03-24 00:00:00-04:00,6.901070808809143,7.004614059169438,6.833857988572187,6.9228692054748535,12948000,0.0,0.0
2014-03-25 00:00:00-04:00,6.980997968078598,7.002796362380102,6.8611057599826335,6.864738941192627,12698400,0.0,0.0
2014-03-26 00:00:00-04:00,6.921054063422091,7.084543813218308,6.90833827098891,7.066378593444824,22553600,0.0,0.0
2014-03-27 00:00:00-04:00,6.743031363009737,6.8574741723650385,6.406969992011058,6.781179428100586,42473200,0.0,0.0
2014-03-28 00:00:00-04:00,6.788445617782275,7.384274353985855,6.788445617782275,7.378824234008789,29237200,0.0,0.0
2014-03-31 00:00:00-04:00,7.396988400268622,7.551394801664383,7.307977186538888,7.46601676940918,16544000,0.0,0.0
2014-04-01 00:00:00-04:00,7.4569345874435164,7.758481737440606,7.436952434673342,7.734867095947266,17088400,0.0,0.0
2014-04-02 00:00:00-04:00,7.738499720837541,7.891089889361931,7.70761871543738,7.878374099731445,18085600,0.0,0.0
2014-04-03 00:00:00-04:00,7.903805990672209,8.076378319123622,7.883824529721039,8.0636625289917,21476000,0.0,0.0
2014-04-04 00:00:00-04:00,8.254398875612223,8.261665238335182,7.696718356357282,7.7820963859558105,27134000,0.0,0.0
2014-04-07 00:00:00-04:00,7.75303091346218,7.941952169096161,7.645854498531214,7.90562105178833,16592400,0.0,0.0
2014-04-08 00:00:00-04:00,7.914704033977068,8.01098091040317,7.885639277341351,7.94558572769165,15609600,0.0,0.0
2014-04-09 00:00:00-04:00,7.954669287042655,7.954669287042655,7.774830607408646,7.843859672546387,13522800,0.0,0.0
2014-04-10 00:00:00-04:00,7.843858523222431,7.9019880349393326,7.473282366308354,7.485998153686523,23130400,0.0,0.0
2014-04-11 00:00:00-04:00,7.398805060143247,7.485999341554466,7.311610778732028,7.360657691955566,13264400,0.0,0.0
2014-04-14 00:00:00-04:00,7.4224204784853,7.56047791904083,7.395171962066884,7.478733062744141,13408800,0.0,0.0
2014-04-15 00:00:00-04:00,7.502348289545975,7.604075297358682,7.404254463400709,7.52959680557251,14148800,0.0,0.0
2014-04-16 00:00:00-04:00,7.600443009185978,7.6331409550783125,7.380640689655326,7.400622844696045,8252000,0.0,0.0
2014-04-17 00:00:00-04:00,7.3751904806709465,7.555029180899731,7.2898131278386815,7.533230781555176,9644000,0.0,0.0
2014-04-21 00:00:00-04:00,7.524147005285514,7.613158227511619,7.406071714405937,7.4424028396606445,7421200,0.0,0.0
2014-04-22 00:00:00-04:00,7.422419709834699,7.778463165990748,7.422419709834699,7.678553104400635,11579600,0.0,0.0
2014-04-23 00:00:00-04:00,7.698536273121768,7.753032614561388,7.2443989395273025,7.249848365783691,14692800,0.0,0.0
2014-04-24 00:00:00-04:00,7.307977358806268,7.373373240972351,7.169919924312281,7.304344177246094,8976800,0.0,0.0
2014-04-25 00:00:00-04:00,7.211699876950157,7.260746784522221,7.079091879273897,7.1517534255981445,6581200,0.0,0.0
2014-04-28 00:00:00-04:00,7.195350123767095,7.35338968008506,7.122687892401523,7.327958106994629,7139200,0.0,0.0
2014-04-29 00:00:00-04:00,7.322510616389819,7.355208559845519,7.198985206214635,7.329776287078857,7624000,0.0,0.0
2014-04-30 00:00:00-04:00,7.293447382844451,7.317062030208962,7.097259681005986,7.208069324493408,8044800,0.0,0.0
2014-05-01 00:00:00-04:00,7.24439665613453,7.298892980397217,7.126320709433407,7.131770133972168,8942000,0.0,0.0
2014-05-02 00:00:00-04:00,7.146305137052617,7.355208588504845,7.131772409700756,7.251664638519287,7522800,0.0,0.0
2014-05-05 00:00:00-04:00,7.151752789909722,7.171734938584265,6.924684178532464,6.930134296417236,11861600,0.0,0.0
2014-05-06 00:00:00-04:00,6.962832725599112,6.968282150911873,6.833857218543297,6.841123580932617,9692000,0.0,0.0
2014-05-07 00:00:00-04:00,6.882905807133406,6.902887962107625,6.4796316044424636,6.5105133056640625,22162400,0.0,0.0
2014-05-08 00:00:00-04:00,6.499613966692285,6.683085856435083,6.4832649932791515,6.543211460113525,11555200,0.0,0.0
2014-05-09 00:00:00-04:00,6.541394196706883,6.681268586061269,6.495980460927872,6.641304969787598,7016400,0.0,0.0
2014-05-12 00:00:00-04:00,6.646753710346509,6.775728540337798,6.639487347061736,6.688534259796143,7760800,0.0,0.0
2014-05-13 00:00:00-04:00,6.710331138389428,6.902885564116648,6.695799108066491,6.875637054443359,10346400,0.0,0.0
2014-05-14 00:00:00-04:00,6.839308725309937,6.846574396215853,6.608606869801104,6.623138904571533,8714400,0.0,0.0
2014-05-15 00:00:00-04:00,6.565009998819104,6.579542727918937,6.37608867827327,6.515963077545166,9629600,0.0,0.0
2014-05-16 00:00:00-04:00,6.437849902238135,6.581357450597993,6.434216720803373,6.579541206359863,7777600,0.0,0.0
2014-05-19 00:00:00-04:00,6.5958890457000425,6.752111662864851,6.497795242651751,6.717597484588623,14664400,0.0,0.0
2014-05-20 00:00:00-04:00,6.699433989502405,6.752113392373623,6.588624371708234,6.61768913269043,13653200,0.0,0.0
2014-05-21 00:00:00-04:00,6.621323283788059,6.777546656797765,6.621323283788059,6.710333824157715,10674800,0.0,0.0
2014-05-22 00:00:00-04:00,6.68490155279411,6.801160601770923,6.5486603498446705,6.699434280395508,16339200,0.0,0.0
2014-05-23 00:00:00-04:00,7.000980189625049,7.180818157123104,6.9065195560776145,6.9809980392456055,24071600,0.0,0.0
2014-05-27 00:00:00-04:00,7.030045355642753,7.093624298768597,6.750296619972024,6.773911952972412,12504400,0.0,0.0
2014-05-28 00:00:00-04:00,6.773911658118269,6.951933384080228,6.681267267357788,6.941033840179443,11018400,0.0,0.0
2014-05-29 00:00:00-04:00,6.957384564001784,7.0118809113311515,6.85384129618839,6.933769226074219,9859200,0.0,0.0
2014-05-30 00:00:00-04:00,6.933766561651882,6.959198827394198,6.857471843300091,6.875637054443359,9635600,0.0,0.0
2014-06-02 00:00:00-04:00,6.904959322868027,6.936111935182847,6.696051431417305,6.699716567993164,8949200,0.0825,0.0
2014-06-03 00:00:00-04:00,6.679558931916031,6.732702365798864,6.5769372008719404,6.701549053192139,11521600,0.0,0.0
2014-06-04 00:00:00-04:00,6.685056083591718,6.9379449172411185,6.650238334378635,6.827992916107178,7606400,0.0,0.0
2014-06-05 00:00:00-04:00,6.826159633831677,6.838987260440794,6.672227415469048,6.723537921905518,6580400,0.0,0.0
2014-06-06 00:00:00-04:00,6.72720347280741,6.864642936997962,6.723538336542604,6.831657409667969,7308000,0.0,0.0
2014-06-09 00:00:00-04:00,6.835323465487663,6.8939642555069724,6.685056353681513,6.692386627197266,7674000,0.0,0.0
2014-06-10 00:00:00-04:00,6.696051373867719,6.848150695665379,6.653903352187564,6.83349084854126,8293200,0.0,0.0
2014-06-11 00:00:00-04:00,6.842652786162997,7.159679731513014,6.833490295070862,6.915954113006592,13596800,0.0,0.0
2014-06-12 00:00:00-04:00,6.881136809715625,6.890299302327754,6.630080877065723,6.652070999145508,10489600,0.0,0.0
2014-06-13 00:00:00-04:00,6.657569563299976,6.798673498239504,6.611756397680967,6.7785162925720215,7460400,0.0,0.0
2014-06-16 00:00:00-04:00,6.752860255273603,6.915955710214069,6.7418655430451695,6.912290573120117,7273600,0.0,0.0
2014-06-17 00:00:00-04:00,7.139522927856319,7.392411775335826,7.029571619762639,7.383249282836914,20228400,0.0,0.0
2014-06-18 00:00:00-04:00,7.388745610579644,7.388745610579644,7.22748310863135,7.330104827880859,11353600,0.0,0.0
2014-06-19 00:00:00-04:00,7.350262103802137,7.407069963999845,7.273295646137885,7.3227739334106445,9364800,0.0,0.0
2014-06-20 00:00:00-04:00,7.330105693076558,7.407071467308252,7.3099477905720605,7.350263595581055,11714800,0.0,0.0
2014-06-23 00:00:00-04:00,7.346599471922821,7.432728449390479,7.297121167785237,7.403408050537109,6448000,0.0,0.0
2014-06-24 00:00:00-04:00,7.392410885960885,7.465712215240094,7.330104965789542,7.374085903167725,7699200,0.0,0.0
2014-06-25 00:00:00-04:00,7.357592784371884,7.418065783916938,7.297119085773579,7.368587493896484,8234800,0.0,0.0
2014-06-26 00:00:00-04:00,7.374086812167984,7.4418900957246965,7.276962434042562,7.4345598220825195,7635600,0.0,0.0
2014-06-27 00:00:00-04:00,7.4089028305375635,7.5115245403659845,7.375917305916042,7.394242286682129,11698400,0.0,0.0
2014-06-30 00:00:00-04:00,7.408904696319077,7.474875762175586,7.381416519194404,7.416234970092773,6017600,0.0,0.0
2014-07-01 00:00:00-04:00,7.423563213766438,7.491367185435794,7.3814151957049035,7.421730995178223,6431600,0.0,0.0
2014-07-02 00:00:00-04:00,7.440057034176484,7.551841258375186,7.42356426832662,7.489535331726074,6895200,0.0,0.0
2014-07-03 00:00:00-04:00,7.504195195379089,7.663624784707525,7.487702431031092,7.652629375457764,4632400,0.0,0.0
2014-07-07 00:00:00-04:00,7.614148283028916,7.6636265877135665,7.59582329568799,7.62147855758667,5614000,0.0,0.0
2014-07-08 00:00:00-04:00,7.597654023089958,7.639802044941582,7.51335797938671,7.630639553070068,10330000,0.0,0.0
2014-07-09 00:00:00-04:00,7.637970358611682,7.8542085373087716,7.59215719700727,7.658128261566162,10606400,0.0,0.0
2014-07-10 00:00:00-04:00,7.522520952302125,7.705773597664191,7.469377517374318,7.656295299530029,8253200,0.0,0.0
2014-07-11 00:00:00-04:00,7.62514295370909,7.656295568971352,7.484038327928123,7.557339668273926,7210400,0.0,0.0
2014-07-14 00:00:00-04:00,7.667290709910965,7.709438734457836,7.5976545089384375,7.656295299530029,5525600,0.0,0.0
2014-07-15 00:00:00-04:00,7.639802499688837,7.685615660826689,7.489535387080955,7.51702356338501,7142000,0.0,0.0
2014-07-16 00:00:00-04:00,7.562836878991618,7.645300710534722,7.522521072669795,7.6123151779174805,5677600,0.0,0.0
2014-07-17 00:00:00-04:00,7.630640578348098,7.700276784224137,7.535349112163363,7.5591721534729,9124000,0.0,0.0
2014-07-18 00:00:00-04:00,7.6452986108541285,7.947664978066734,7.604982815604507,7.8487091064453125,15965200,0.0,0.0
2014-07-21 00:00:00-04:00,7.801064043344224,7.923843663288617,7.769911433226755,7.85237455368042,10919200,0.0,0.0
2014-07-22 00:00:00-04:00,7.865202965149528,8.12358985837448,7.790069410789085,8.079608917236328,10909600,0.0,0.0
2014-07-23 00:00:00-04:00,8.158408152414474,8.372813419747953,8.07960945611583,8.195058822631836,16192400,0.0,0.0
2014-07-24 00:00:00-04:00,8.204219044868731,8.466270320676944,8.204219044868731,8.447944641113281,17061600,0.0,0.0
2014-07-25 00:00:00-04:00,8.403965792350267,8.444281594976902,8.352655279227864,8.370980262756348,5972800,0.0,0.0
2014-07-28 00:00:00-04:00,8.403967673760393,8.530411766142121,8.403967673760393,8.444283485412598,6551600,0.0,0.0
2014-07-29 00:00:00-04:00,8.440616661234186,8.537740334564361,7.6746205872460145,7.958662033081055,50204800,0.0,0.0
2014-07-30 00:00:00-04:00,8.041123848697525,8.154740258815806,7.896354134757027,7.905516624450684,21596000,0.0,0.0
2014-07-31 00:00:00-04:00,7.870700974072302,7.8871937395218294,7.685615417466128,7.691113471984863,9102800,0.0,0.0
2014-08-01 00:00:00-04:00,7.694778841023067,7.799232792340059,7.524353825915687,7.553674221038818,9872000,0.0,0.0
2014-08-04 00:00:00-04:00,7.577496056201245,7.718600666776479,7.571998700936403,7.639801979064941,10934000,0.0,0.0
2014-08-05 00:00:00-04:00,7.6049856062793255,7.700277076075745,7.540847453076659,7.573832988739014,6903200,0.0,0.0
2014-08-06 00:00:00-04:00,7.518854850645427,7.663624589676575,7.489534459112194,7.604983806610107,6443600,0.0,0.0
2014-08-07 00:00:00-04:00,7.648965634625873,7.687448521924436,7.485870194975732,7.489535331726074,4842000,0.0,0.0
2014-08-08 00:00:00-04:00,7.502362369097769,7.502362369097769,7.379583443385241,7.4583821296691895,7065200,0.0,0.0
2014-08-11 00:00:00-04:00,7.5115257606337344,7.643467181500853,7.4583823291043,7.630639553070068,5984000,0.0,0.0
2014-08-12 00:00:00-04:00,7.626973336902148,7.628806254448992,7.441888510704609,7.5005292892456055,6754400,0.0,0.0
2014-08-13 00:00:00-04:00,7.551840529537997,7.581160921657634,7.407070787611469,7.5756635665893555,5554000,0.0,0.0
2014-08-14 00:00:00-04:00,7.603152750284604,7.678286308765165,7.474875755571764,7.665458679199219,8917600,0.0,0.0
2014-08-15 00:00:00-04:00,7.672786192017156,7.67645132791584,7.22015274385416,7.264132976531982,17036400,0.0,0.0
2014-08-18 00:00:00-04:00,7.341101563633506,7.465713424154446,7.320943659864913,7.449220657348633,10640800,0.0,0.0
2014-08-19 00:00:00-04:00,7.476708222578457,7.566502331573002,7.465713510616182,7.491368770599365,8368000,0.0,0.0
2014-08-20 00:00:00-04:00,7.487704012392484,7.5829954821889025,7.341102020033932,7.573832988739014,9188000,0.0,0.0
2014-08-21 00:00:00-04:00,7.636135456601432,7.647130864188797,7.3869125094331824,7.41989803314209,19876000,0.0,0.0
2014-08-22 00:00:00-04:00,8.004475728915983,8.154742844508498,7.766247426078095,7.861538887023926,34313200,0.0,0.0
2014-08-25 00:00:00-04:00,7.986149708513144,7.986149708513144,7.674620107159466,7.7717437744140625,13844400,0.0,0.0
2014-08-26 00:00:00-04:00,7.777242391179425,7.870701636274392,7.67828648920994,7.837716102600098,9614800,0.0,0.0
2014-08-27 00:00:00-04:00,7.87436659376565,7.900021852915703,7.801065254148313,7.8780317306518555,4411200,0.0,0.0
2014-08-28 00:00:00-04:00,7.834050687758931,7.9165145190196995,7.742424363925493,7.911016464233398,7231600,0.0,0.0
2014-08-29 00:00:00-04:00,7.929482570185746,7.936869309184574,7.776211610370176,7.7928314208984375,7246400,0.0825,0.0
2014-09-02 00:00:00-04:00,7.809451853199529,8.11599450167518,7.798371743819111,8.079061508178711,12292800,0.0,0.0
2014-09-03 00:00:00-04:00,8.125227409595265,8.140000888470341,8.018121801065698,8.038434982299805,6695600,0.0,0.0
2014-09-04 00:00:00-04:00,8.05136107333158,8.215712848684568,8.040281669096203,8.2064790725708,9081200,0.0,0.0
2014-09-05 00:00:00-04:00,8.182473047319522,8.356057186095917,8.082754184762823,8.35421085357666,11084800,0.0,0.0
2014-09-08 00:00:00-04:00,8.32835792692276,8.385604101688966,8.160313476831659,8.176933288574219,7970000,0.0,0.0
2014-09-09 00:00:00-04:00,8.152925927438837,8.176931769822918,7.951641891248326,7.9701080322265625,10428400,0.0,0.0
2014-09-10 00:00:00-04:00,8.01996772526992,8.043974272891578,7.894395990009455,7.966414928436279,8990400,0.0,0.0
2014-09-11 00:00:00-04:00,7.951643354210847,8.123381173770046,7.936869875159699,8.117840766906738,7767600,0.0,0.0
2014-09-12 00:00:00-04:00,8.130767000854902,8.199093283061147,8.02735546789537,8.053208351135254,6821600,0.0,0.0
2014-09-15 00:00:00-04:00,8.047668547567845,8.084600834909589,7.975648896599702,8.034741401672363,4722400,0.0,0.0
2014-09-16 00:00:00-04:00,8.02366175090428,8.392990248488475,7.994115499275073,8.282191276550293,10979200,0.0,0.0
2014-09-17 00:00:00-04:00,8.282190548150167,8.302503726440913,8.115993161516892,8.12891960144043,8987600,0.0,0.0
2014-09-18 00:00:00-04:00,8.125226171531663,8.19724510897832,8.036587425102077,8.167698860168457,7438400,0.0,0.0
2014-09-19 00:00:00-04:00,8.186165718882899,8.204631860253938,7.990421379934443,8.010734558105469,9978400,0.0,0.0
2014-09-22 00:00:00-04:00,8.001501487419949,8.025507330314673,7.944255322068704,8.010734558105469,5281200,0.0,0.0
2014-09-23 00:00:00-04:00,8.00519657253068,8.00519657253068,7.826072692871094,7.826072692871094,5280000,0.0,0.0
2014-09-24 00:00:00-04:00,7.820530671397163,7.992268479498392,7.776211646077096,7.971955299377441,8474800,0.0,0.0
2014-09-25 00:00:00-04:00,8.001502426713309,8.066134633537237,7.766978740692139,7.766978740692139,8304000,0.0,0.0
2014-09-26 00:00:00-04:00,7.766979483687723,7.870391024498439,7.6949598263453165,7.763286113739014,6391200,0.0,0.0
2014-09-29 00:00:00-04:00,7.7078862360421985,7.824224208325268,7.648793026954037,7.766978740692139,5400000,0.0,0.0
2014-09-30 00:00:00-04:00,7.7558989153389994,7.781751799013343,7.606320611231121,7.60816764831543,8336000,0.0,0.0
2014-10-01 00:00:00-04:00,7.593394887957371,7.597088258037245,7.438276866794233,7.4567437171936035,9305600,0.0,0.0
2014-10-02 00:00:00-04:00,7.445662887715862,7.593394154448668,7.314551432517888,7.549075126647949,10038000,0.0,0.0
2014-10-03 00:00:00-04:00,7.595241073789634,7.6617203188984115,7.467822285851732,7.471515655517578,7416400,0.0,0.0
2014-10-06 00:00:00-04:00,7.478900553131084,7.495520360315565,7.303469411614471,7.30531644821167,9934400,0.0,0.0
2014-10-07 00:00:00-04:00,7.283157724258617,7.3921096593057,7.2019057083265325,7.203752040863037,10106400,0.0,0.0
2014-10-08 00:00:00-04:00,7.229606153483682,7.336711059349247,7.12804024563066,7.320091247558594,10581600,0.0,0.0
2014-10-09 00:00:00-04:00,7.3053172688908825,7.360716397583333,7.035706954894842,7.0726399421691895,9502400,0.0,0.0
2014-10-10 00:00:00-04:00,7.05602083845499,7.2886981884356885,7.052327468914544,7.074487686157227,12431200,0.0,0.0
2014-10-13 00:00:00-04:00,7.041247980975412,7.089260375553694,6.851043326315035,6.869510173797607,9831200,0.0,0.0
2014-10-14 00:00:00-04:00,6.886129984312821,6.934142378891103,6.808570633762423,6.869510173797607,12075200,0.0,0.0
2014-10-15 00:00:00-04:00,6.732858642598077,7.166820069304043,6.614673630802861,7.102187156677246,14822800,0.0,0.0
2014-10-16 00:00:00-04:00,6.976614799566878,7.416115890390014,6.932295776212211,7.244378089904785,15447600,0.0,0.0
2014-10-17 00:00:00-04:00,7.3219384465480255,7.453049906662882,7.2757723799353355,7.3607177734375,16314400,0.0,0.0
2014-10-20 00:00:00-04:00,7.331171084546744,7.573080808421476,7.297931462200284,7.508448600769043,12018000,0.0,0.0
2014-10-21 00:00:00-04:00,7.541686713806169,7.604472576291081,7.4825942202248505,7.5176801681518555,9868400,0.0,0.0
2014-10-22 00:00:00-04:00,7.53614980185683,7.602628353411468,7.489983730132626,7.497369766235352,6621200,0.0,0.0
2014-10-23 00:00:00-04:00,7.543533225940736,7.6912651678553035,7.523220753143684,7.619245529174805,5678800,0.0,0.0
2014-10-24 00:00:00-04:00,7.630327856047939,7.827918575740096,7.582315454064087,7.761439323425293,7592800,0.0,0.0
2014-10-27 00:00:00-04:00,7.755898752591298,7.83899780868528,7.676493066150186,7.720812797546387,8297200,0.0,0.0
2014-10-28 00:00:00-04:00,7.606319894112767,7.624786741023577,7.259151625447714,7.576773643493652,16464800,0.0,0.0
2014-10-29 00:00:00-04:00,7.5767752957594325,7.724507285509071,7.537995965447403,7.669107437133789,6072400,0.0,0.0
2014-10-30 00:00:00-04:00,7.6414062619130405,7.820530091322603,7.6414062619130405,7.770671367645264,5934800,0.0,0.0
2014-10-31 00:00:00-04:00,7.855616490260532,8.104912918255232,7.853769453480587,7.896242141723633,11985200,0.0,0.0
2014-11-03 00:00:00-05:00,7.896241259709026,7.966413856307889,7.8260693675482145,7.887008190155029,6033600,0.0,0.0
2014-11-04 00:00:00-05:00,7.853770210952401,7.905476679205842,7.778057897749426,7.890703201293945,5909600,0.0,0.0
2014-11-05 00:00:00-05:00,8.036588646219805,8.0975274854578,7.887010342645782,7.9479498863220215,5540000,0.0,0.0
2014-11-06 00:00:00-05:00,7.949794790349324,8.280343924035009,7.949794790349324,8.260030746459961,12739600,0.0,0.0
2014-11-07 00:00:00-05:00,8.248951645359504,8.269264825411993,8.058747694755676,8.067980766296387,9416400,0.0,0.0
2014-11-10 00:00:00-05:00,8.066133637694273,8.127072467399309,7.826070279137281,7.892549514770508,15391600,0.0,0.0
2014-11-11 00:00:00-05:00,7.9165564158940365,7.97934229078177,7.822377955781549,7.848230838775635,7190000,0.0,0.0
2014-11-12 00:00:00-05:00,7.8500772920270565,8.067981172666666,7.8500772920270565,8.016275405883789,9143200,0.0,0.0
2014-11-13 00:00:00-05:00,8.152925290625566,8.254490466948997,8.106759237347816,8.21017074584961,12180400,0.0,0.0
2014-11-14 00:00:00-05:00,8.042126896646074,8.215711719823592,7.922095572480084,8.199091911315918,11161200,0.0,0.0
2014-11-17 00:00:00-05:00,8.19170798733548,8.254493873884805,8.088295731713545,8.143694877624512,8082800,0.0,0.0
2014-11-18 00:00:00-05:00,8.143692373736698,8.199092207052601,8.040280854348387,8.12891960144043,8024400,0.0,0.0
2014-11-19 00:00:00-05:00,8.195399913392844,8.21017268762782,8.001502584655489,8.053208351135254,15128400,0.0,0.0
2014-11-20 00:00:00-05:00,8.156618302653131,8.2544908187916,7.990420926432018,8.101219177246094,23846000,0.0,0.0
2014-11-21 00:00:00-05:00,7.3327761464671335,7.433250793708456,6.904829442389243,7.044377326965332,75044400,0.0825,0.0
2014-11-24 00:00:00-05:00,7.020189452301731,7.11322138362263,6.862035452967127,7.025771141052246,31472800,0.0,0.0
2014-11-25 00:00:00-05:00,7.090892588600011,7.120662772646754,6.893664675679603,6.958787441253662,20687200,0.0,0.0
2014-11-26 00:00:00-05:00,6.97925536785387,7.016468283363886,6.897387521553697,6.921576023101807,10280000,0.0,0.0
2014-11-28 00:00:00-05:00,6.923434562617119,7.066703788999246,6.923434562617119,7.035073280334473,7681600,0.0,0.0
2014-12-01 00:00:00-05:00,6.999722684227906,7.009025735896793,6.629455975453844,6.666668891906738,27137200,0.0,0.0
2014-12-02 00:00:00-05:00,6.698299690509347,6.837847600728292,6.568054832349524,6.612710475921631,14692400,0.0,0.0
2014-12-03 00:00:00-05:00,6.59782390881202,6.830403719837069,6.540144569935252,6.811797618865967,18127200,0.0,0.0
2014-12-04 00:00:00-05:00,6.81365815128178,6.910411440769911,6.724347586318261,6.8973870277404785,12595600,0.0,0.0
2014-12-05 00:00:00-05:00,6.889943421216546,6.973672286956897,6.80621526525338,6.962508201599121,11269200,0.0,0.0
2014-12-08 00:00:00-05:00,6.9029698642660255,6.9029698642660255,6.469441380378509,6.547587871551514,18082800,0.0,0.0
2014-12-09 00:00:00-05:00,6.441531034914216,6.633177305276888,6.32617163328029,6.618291854858398,20448400,0.0,0.0
2014-12-10 00:00:00-05:00,6.463858524716415,6.497349365049902,6.199647486040168,6.201508522033691,21374000,0.0,0.0
2014-12-11 00:00:00-05:00,6.261048117188689,6.51037367593913,6.238719946713954,6.30942440032959,20112000,0.0,0.0
2014-12-12 00:00:00-05:00,6.27221193456213,6.326170619012003,6.002419222089996,6.009861946105957,23647600,0.0,0.0
2014-12-15 00:00:00-05:00,6.067543392074813,6.236861498717281,5.955904635417018,6.127083778381348,17962400,0.0,0.0
2014-12-16 00:00:00-05:00,6.0638202666387695,6.242441373638601,5.918690351034961,5.939157485961914,17685600,0.0,0.0
2014-12-17 00:00:00-05:00,5.974510828879069,6.089870226637686,5.9354372326204885,6.082427501678467,14442400,0.0,0.0
2014-12-18 00:00:00-05:00,6.186623682027796,6.261049513993201,6.028469676322983,6.1587138175964355,13588800,0.0,0.0
2014-12-19 00:00:00-05:00,6.227557266804228,6.41920280456543,6.127082617777531,6.41920280456543,18333200,0.0,0.0
2014-12-22 00:00:00-05:00,6.787610672139173,6.809938140366339,6.296402112477,6.348499774932861,20784800,0.0,0.0
2014-12-23 00:00:00-05:00,6.380131002176378,6.534563662850614,6.348499771575321,6.443392753601074,15212400,0.0,0.0
2014-12-24 00:00:00-05:00,6.486187333288668,6.486187333288668,6.181042666579163,6.212673187255859,10998400,0.0,0.0
2014-12-26 00:00:00-05:00,6.2480253328540165,6.335474872430414,6.175459824581987,6.261049747467041,15397600,0.0,0.0
2014-12-29 00:00:00-05:00,6.238721571178402,6.292680265876568,6.121501839661184,6.261049747467041,9599600,0.0,0.0
2014-12-30 00:00:00-05:00,6.2238373577645,6.391294435462414,6.177321384552176,6.294541835784912,8536400,0.0,0.0
2014-12-31 00:00:00-05:00,6.368965586021034,6.402457136253843,6.272212297545949,6.2889580726623535,6459200,0.0,0.0
2015-01-02 00:00:00-05:00,6.33733507178853,6.355941173127971,6.18662309574089,6.2889580726623535,6450800,0.0,0.0
2015-01-05 00:00:00-05:00,6.236860596026264,6.489907556093018,6.201508718578842,6.460137367248535,19739600,0.0,0.0
2015-01-06 00:00:00-05:00,6.543866197095866,6.703881244481641,6.2368612266770445,6.268491744995117,19540400,0.0,0.0
2015-01-07 00:00:00-05:00,6.380130699008638,6.452695499593519,6.136386757500232,6.195927143096924,10233200,0.0,0.0
2015-01-08 00:00:00-05:00,6.251745967715737,6.357802320559358,6.19964830941427,6.268491744995117,18189600,0.0,0.0
2015-01-09 00:00:00-05:00,6.249883801441072,6.27221126131514,5.970788068795196,6.004279613494873,16299600,0.0,0.0
2015-01-12 00:00:00-05:00,6.056377636139885,6.296400151609084,5.896362980715684,6.2833757400512695,14482000,0.0,0.0
2015-01-13 00:00:00-05:00,6.363383812723219,6.530840851877067,6.084288037689545,6.0973124504089355,11729200,0.0,0.0
2015-01-14 00:00:00-05:00,6.92157593749527,6.949485091449604,6.668528966889658,6.737372398376465,29746400,0.0,0.0
2015-01-15 00:00:00-05:00,6.703879531252401,6.837845715251328,6.367104455044356,6.411759376525879,20556800,0.0,0.0
2015-01-16 00:00:00-05:00,6.640618002514107,6.774584190578211,6.497348764673818,6.763420104980469,17027200,0.0,0.0
2015-01-20 00:00:00-05:00,6.759700261527818,6.837846740728763,6.551308230770723,6.711323261260986,18146400,0.0,0.0
2015-01-21 00:00:00-05:00,6.636898171171101,6.902969572835989,6.599685963484923,6.854593276977539,11862400,0.0,0.0
2015-01-22 00:00:00-05:00,6.929018294407251,6.929018294407251,6.726208663425001,6.9066901206970215,8621200,0.0,0.0
2015-01-23 00:00:00-05:00,6.87505857681683,6.977393540116435,6.7783053012206205,6.958787441253662,7202000,0.0,0.0
2015-01-26 00:00:00-05:00,6.956927114412287,7.156015373595205,6.934599651546353,7.100196361541748,9706000,0.0,0.0
2015-01-27 00:00:00-05:00,7.096476385089512,7.256491438057206,6.994141391380079,7.122525215148926,8028000,0.0,0.0
2015-01-28 00:00:00-05:00,7.163460047766378,7.312311023686555,6.966232061061244,6.997863292694092,11009200,0.0,0.0
2015-01-29 00:00:00-05:00,7.036934943385572,7.036934943385572,6.599685167793727,6.748536109924316,13562400,0.0,0.0
2015-01-30 00:00:00-05:00,6.668526873470871,6.716903151004907,6.523397331091667,6.558749198913574,12139200,0.0,0.0
2015-02-02 00:00:00-05:00,6.5327021209619565,6.871338283304343,6.422924417140373,6.852732181549072,9705200,0.0,0.0
2015-02-03 00:00:00-05:00,6.845288010363196,7.055539612920256,6.770862199515492,6.97739315032959,5846400,0.0,0.0
2015-02-04 00:00:00-05:00,6.915993277005096,6.96250924161162,6.63503716308369,6.815519332885742,8152400,0.0,0.0
2015-02-05 00:00:00-05:00,6.835986387617847,6.936460330513475,6.746675112057072,6.828543663024902,5452400,0.0,0.0
2015-02-06 00:00:00-05:00,6.876920769011261,6.9569282934320835,6.780167467158701,6.839707851409912,5929200,0.0,0.0
2015-02-09 00:00:00-05:00,6.798774021951351,6.992280618287759,6.795052659355188,6.9178547859191895,6226000,0.0,0.0
2015-02-10 00:00:00-05:00,6.919714708181384,7.094615191099225,6.886223156549342,7.077869415283203,9737600,0.0,0.0
2015-02-11 00:00:00-05:00,7.085311346796073,7.105777772922266,6.932738345455325,6.981115341186523,5919200,0.0,0.0
2015-02-12 00:00:00-05:00,6.9960002236230565,7.027631446065749,6.884362201562664,6.930878162384033,4923600,0.0,0.0
2015-02-13 00:00:00-05:00,6.89180548330596,7.051820515043791,6.860174258303759,6.949484825134277,6658800,0.0,0.0
2015-02-17 00:00:00-05:00,6.949485837907149,7.109500892964533,6.847150842861291,6.9513468742370605,5420400,0.0,0.0
2015-02-18 00:00:00-05:00,6.882500915787047,6.986696199241269,6.8099354308108255,6.97739315032959,4199600,0.0,0.0
2015-02-19 00:00:00-05:00,7.012746146945097,7.012746146945097,6.893665398276038,6.982975959777832,3096000,0.0,0.0
2015-02-20 00:00:00-05:00,7.0071649546635735,7.0778694203571595,6.96064898956098,6.975534439086914,5183600,0.0,0.0
2015-02-23 00:00:00-05:00,7.0592625299466985,7.0685662906855935,6.886223084907165,6.949484825134277,4601600,0.0,0.0
2015-02-24 00:00:00-05:00,7.007164646207215,7.031353145733426,6.867616757042352,6.910411357879639,3007200,0.0,0.0
2015-02-25 00:00:00-05:00,6.94948443072047,7.036934666306399,6.869476919392333,6.936460018157959,4074000,0.0,0.0
2015-02-26 00:00:00-05:00,6.930879309639699,6.9736739155058025,6.852732823217426,6.889945030212402,4559200,0.0,0.0
2015-02-27 00:00:00-05:00,6.904830624852457,7.018329703975599,6.826683427022848,6.878781795501709,5850800,0.0,0.0
2015-03-02 00:00:00-05:00,6.878781336593098,7.237884653891005,6.878781336593098,7.195089340209961,9590000,0.0,0.0
2015-03-03 00:00:00-05:00,7.249048571582457,7.303007266958785,7.170902082922151,7.196950912475586,4709600,0.0,0.0
2015-03-04 00:00:00-05:00,7.289980927308887,7.526282076942816,7.204391735724776,7.448134899139404,8379200,0.0,0.0
2015-03-05 00:00:00-05:00,7.43883215826927,7.546749525005271,7.355103289211548,7.442553520202637,4857200,0.0,0.0
2015-03-06 00:00:00-05:00,7.409064050791891,7.550473004815617,7.409064050791891,7.472325801849365,4742000,0.0,0.0
2015-03-09 00:00:00-04:00,7.464883250260483,7.716069933757737,7.407203897210226,7.596989154815674,6152400,0.0,0.0
2015-03-10 00:00:00-04:00,7.541167938820258,7.658388368116691,7.463021459140829,7.563496112823486,5972400,0.0,0.0
2015-03-11 00:00:00-04:00,7.684436535566875,7.939343800466189,7.2788173030704435,7.345800399780273,7636400,0.0,0.0
2015-03-12 00:00:00-04:00,7.433250570556099,7.481626856788193,7.267653866061517,7.3830132484436035,4531600,0.0,0.0
2015-03-13 00:00:00-04:00,7.555761347720245,7.677809741790789,7.503185982692503,7.642134189605713,7166400,0.09,0.0
2015-03-16 00:00:00-04:00,7.6477652244304215,7.751037139135284,7.63274420664506,7.715361595153809,4221200,0.0,0.0
2015-03-17 00:00:00-04:00,7.728506181211775,7.754793502695617,7.606457084293033,7.6815643310546875,3508000,0.0,0.0
2015-03-18 00:00:00-04:00,7.653398573696736,7.764181363496595,7.540738425140433,7.72099494934082,4463200,0.0,0.0
2015-03-19 00:00:00-04:00,7.713486022659244,7.7303844029773545,7.625235105304471,7.659033298492432,3588400,0.0,0.0
2015-03-20 00:00:00-04:00,7.670297978291774,7.73413892273308,7.610212467791226,7.683441638946533,9629200,0.0,0.0
2015-03-23 00:00:00-04:00,7.711605601160923,7.835532033054956,7.651520101835068,7.762302875518799,7013600,0.0,0.0
2015-03-24 00:00:00-04:00,7.751038068729955,7.797979918887043,7.679686972209752,7.6815643310546875,10312000,0.0,0.0
2015-03-25 00:00:00-04:00,7.681563280900098,7.737893350132502,7.473141380092083,7.475019454956055,8285200,0.0,0.0
2015-03-26 00:00:00-04:00,7.414934166207765,7.473141595707855,7.2440658787166745,7.283496856689453,19414000,0.0,0.0
2015-03-27 00:00:00-04:00,7.073198334612789,7.283498359751006,6.973681831685004,7.202758312225342,21983200,0.0,0.0
2015-03-30 00:00:00-04:00,7.210267844669751,7.229044296592167,7.043154270947048,7.0769524574279785,11960400,0.0,0.0
2015-03-31 00:00:00-04:00,7.018746012027573,7.238433538718661,6.988703254968727,7.127650737762451,8458800,0.0,0.0
2015-04-01 00:00:00-04:00,7.108874734447028,7.229045770310385,7.009358229674411,7.093852996826172,9859600,0.0,0.0
2015-04-02 00:00:00-04:00,7.146426914164333,7.287252452583376,7.112628727641703,7.1727142333984375,4690400,0.0,0.0
2015-04-06 00:00:00-04:00,7.135160459374268,7.208389623168996,7.075074954913174,7.204634189605713,5935600,0.0,0.0
2015-04-07 00:00:00-04:00,7.20463403897265,7.229043998485772,7.12013857625469,7.131404876708984,5328400,0.0,0.0
2015-04-08 00:00:00-04:00,7.097607235400322,7.281619192597559,7.086341650358621,7.268475532531738,6596800,0.0,0.0
2015-04-09 00:00:00-04:00,7.277865018876444,7.510696939151527,7.200880403901175,7.508819580078125,7646400,0.0,0.0
2015-04-10 00:00:00-04:00,7.544494450122201,7.587680867662101,7.428078858654827,7.585803508758545,5076000,0.0,0.0
2015-04-13 00:00:00-04:00,7.585801976981828,7.660908494646839,7.409300192103934,7.589556694030762,7375600,0.0,0.0
2015-04-14 00:00:00-04:00,7.557638111274526,7.608335396980273,7.450610746876555,7.585803508758545,5990400,0.0,0.0
2015-04-15 00:00:00-04:00,7.619600853623465,7.690951944453194,7.503184558799889,7.6778082847595215,9188400,0.0,0.0
2015-04-16 00:00:00-04:00,7.687197208404541,7.7547935879782575,7.638377998865633,7.687197208404541,5828800,0.0,0.0
2015-04-17 00:00:00-04:00,7.64401020583061,7.651521073268832,7.409300970454265,7.446854591369629,6248400,0.0,0.0
2015-04-20 00:00:00-04:00,7.4712633301046365,7.593311682767736,7.465629822309743,7.570779800415039,5238400,0.0,0.0
2015-04-21 00:00:00-04:00,7.593312435374003,7.602701377204195,7.459997770183344,7.525716781616211,5508000,0.0,0.0
2015-04-22 00:00:00-04:00,7.510696367079278,7.578292748987123,7.435589116898156,7.555760860443115,3904400,0.0,0.0
2015-04-23 00:00:00-04:00,7.55763614268633,7.612088848291338,7.5200825279147505,7.570779800415039,3466400,0.0,0.0
2015-04-24 00:00:00-04:00,7.567025467832008,7.655276367938777,7.5369827149005575,7.644010066986084,3487200,0.0,0.0
2015-04-27 00:00:00-04:00,7.647767005605315,7.700341654512341,7.55763872907504,7.563271522521973,4195200,0.0,0.0
2015-04-28 00:00:00-04:00,7.544493315988591,7.598946027591602,7.4280777420215065,7.583924293518066,3791200,0.0,0.0
2015-04-29 00:00:00-04:00,7.523838486371135,7.612089379805116,7.352970207691426,7.384891033172607,4985200,0.0,0.0
2015-04-30 00:00:00-04:00,7.366115306409391,7.384892476915034,7.2140234485548484,7.236556053161621,4542800,0.0,0.0
2015-05-01 00:00:00-04:00,7.253455008030409,7.358604295722748,7.221534176926805,7.354848861694336,3079200,0.0,0.0
2015-05-04 00:00:00-04:00,7.381136784280675,7.5407387884714066,7.341705085737874,7.533227920532227,3512000,0.0,0.0
2015-05-05 00:00:00-04:00,7.4975524089456576,7.565148788177676,7.461876860473557,7.514451503753662,4387600,0.0,0.0
2015-05-06 00:00:00-04:00,7.491917717765513,7.491917717765513,7.275984973963449,7.347336769104004,5807600,0.0,0.0
2015-05-07 00:00:00-04:00,7.349215044951328,7.439343300249818,7.223411245766676,7.418688774108887,6820400,0.0,0.0
2015-05-08 00:00:00-04:00,7.48065362992375,7.604580091655247,7.458121741320521,7.546371936798096,4222000,0.0,0.0
2015-05-11 00:00:00-04:00,7.527593628215252,7.602700860094074,7.461875337528019,7.465630054473877,4075600,0.0,0.0
2015-05-12 00:00:00-04:00,7.4168104199459135,7.476895915413047,7.326682176745213,7.332314968109131,5334400,0.0,0.0
2015-05-13 00:00:00-04:00,7.336070827581189,7.394278968069391,7.232798921010729,7.360480785369873,6279200,0.0,0.0
2015-05-14 00:00:00-04:00,7.3942805608547655,7.398035994883178,7.275986895925081,7.354848861694336,2988800,0.0,0.0
2015-05-15 00:00:00-04:00,7.354849047426316,7.52759543571664,7.3417053861328565,7.521962642669678,5546800,0.0,0.0
2015-05-18 00:00:00-04:00,7.529472821486648,7.5689045217834385,7.454366287581348,7.555760860443115,4638800,0.0,0.0
2015-05-19 00:00:00-04:00,7.582049493996052,7.5914377228228815,7.5163304596563485,7.568905830383301,4007600,0.0,0.0
2015-05-20 00:00:00-04:00,7.54825122475134,7.57266119248757,7.450612070082356,7.536984920501709,4026000,0.0,0.0
2015-05-21 00:00:00-04:00,7.591435359588041,7.683440976235697,7.557637173312164,7.655276298522949,5148000,0.0,0.0
2015-05-22 00:00:00-04:00,7.653400214034358,7.694709278287376,7.582049105584848,7.6609110832214355,4556400,0.0,0.0
2015-05-26 00:00:00-04:00,7.64025569332473,7.694708414403781,7.482531039483365,7.54449462890625,4948400,0.0,0.0
2015-05-27 00:00:00-04:00,7.613968452929517,7.627112114535783,7.398036357772395,7.411180019378662,7198800,0.0,0.0
2015-05-28 00:00:00-04:00,7.429955936289581,7.758548885210111,7.418689634467309,7.683441638946533,15432800,0.0,0.0
2015-05-29 00:00:00-04:00,8.258008285730078,8.353770039039935,8.096528243894339,8.150980949401855,34731200,0.0,0.0
2015-06-01 00:00:00-04:00,8.21294685192181,8.280542518042383,7.963215852099093,8.162249565124512,13171200,0.0,0.0
2015-06-02 00:00:00-04:00,8.147226699029751,8.340626875860764,8.0308111211944,8.256132125854492,9230000,0.0,0.0
2015-06-03 00:00:00-04:00,8.259888608534608,8.319974121904954,8.186658717605916,8.20919132232666,7961200,0.0,0.0
2015-06-04 00:00:00-04:00,8.289931968593377,8.348139411002318,8.23735660336082,8.265522003173828,7472000,0.0,0.0
2015-06-05 00:00:00-04:00,8.280542644131312,8.308708042650633,8.18478157846213,8.288053512573242,5970000,0.0,0.0
2015-06-08 00:00:00-04:00,8.333487902534321,8.382708548709804,8.144176502809778,8.149855613708496,5908000,0.09,0.0
2015-06-09 00:00:00-04:00,8.163107022438732,8.225580128450527,8.119565488930048,8.121459007263184,5136800,0.0,0.0
2015-06-10 00:00:00-04:00,8.168787791525897,8.231260182532225,8.08359751091206,8.111993789672852,7138800,0.0,0.0
2015-06-11 00:00:00-04:00,8.180144659424409,8.278586664923138,8.093061596848244,8.140389442443848,7231600,0.0,0.0
2015-06-12 00:00:00-04:00,8.125245592119635,8.191505020725828,8.081704053292231,8.132818222045898,5338800,0.0,0.0
2015-06-15 00:00:00-04:00,8.115780152560436,8.191505007368105,8.011659018824192,8.049521446228027,7436800,0.0,0.0
2015-06-16 00:00:00-04:00,8.030588442170298,8.074130695342847,7.945398898380756,8.047626495361328,5532000,0.0,0.0
2015-06-17 00:00:00-04:00,8.04952008549676,8.183930994001429,7.985154186440695,8.146068572998047,8661200,0.0,0.0
2015-06-18 00:00:00-04:00,8.178253648960048,8.214222559486393,8.113887736010012,8.176360130310059,8083200,0.0,0.0
2015-06-19 00:00:00-04:00,8.216115538935231,8.295625985038287,8.140390685552177,8.157428741455078,9357200,0.0,0.0
2015-06-22 00:00:00-04:00,8.1877178143062,8.352418525358692,8.142282761861207,8.308876991271973,10163600,0.0,0.0
2015-06-23 00:00:00-04:00,8.335381689022242,8.433823715233803,8.299412778781116,8.397854804992676,7034000,0.0,0.0
2015-06-24 00:00:00-04:00,8.365672304982539,8.613670552291964,8.359993192854315,8.43382453918457,9687600,0.0,0.0
2015-06-25 00:00:00-04:00,8.439502907405807,8.467899185279888,8.263443240356807,8.265336036682129,6468400,0.0,0.0
2015-06-26 00:00:00-04:00,8.2880512849893,8.356203491577123,8.210433654634404,8.337272644042969,7603600,0.0,0.0
2015-06-29 00:00:00-04:00,8.278586279485598,8.31644869863239,8.09495401603128,8.096847534179688,4458800,0.0,0.0
2015-06-30 00:00:00-04:00,8.155536111824686,8.178253279437737,8.096849313144757,8.132818222045898,4470800,0.0,0.0
2015-07-01 00:00:00-04:00,8.18771724623638,8.407318419792166,8.170679193022327,8.352417945861816,6925600,0.0,0.0
2015-07-02 00:00:00-04:00,8.293732496701388,8.424357099614651,8.235045704117692,8.246404647827148,4818400,0.0,0.0
2015-07-06 00:00:00-04:00,8.163107839626505,8.395960788482723,8.134711561277632,8.390281677246094,6026800,0.0,0.0
2015-07-07 00:00:00-04:00,8.384602129373588,8.71778987760973,8.33538076066697,8.714003562927246,9638800,0.0,0.0
2015-07-08 00:00:00-04:00,8.664782504225432,8.75186557128322,8.611775545523415,8.659103393554688,9792000,0.0,0.0
2015-07-09 00:00:00-04:00,8.78404932391057,8.914673931046885,8.685607308409676,8.878705024719238,10862400,0.0,0.0
2015-07-10 00:00:00-04:00,8.952536395276338,8.962001820965803,8.784049362640541,8.890063285827637,5966000,0.0,0.0
2015-07-13 00:00:00-04:00,8.937392313442366,9.022582600197975,8.86734728751699,8.963895797729492,6607200,0.0,0.0
2015-07-14 00:00:00-04:00,8.93928331493902,8.98282484431652,8.75565105099278,8.84652042388916,10610800,0.0,0.0
2015-07-15 00:00:00-04:00,8.869239083519846,8.897636083290246,8.77458338050612,8.787835121154785,5383200,0.0,0.0
2015-07-16 00:00:00-04:00,8.79919194058239,9.041510250687143,8.74239867692228,8.94117546081543,10452000,0.0,0.0
2015-07-17 00:00:00-04:00,8.941177765535507,9.001757358676976,8.780263356659551,8.835163116455078,5317200,0.0,0.0
2015-07-20 00:00:00-04:00,8.802980607849136,8.888170887196951,8.736721902892905,8.865453720092773,5273200,0.0,0.0
2015-07-21 00:00:00-04:00,8.844629180257673,8.890063513597434,8.751866272926621,8.886277198791504,5106000,0.0,0.0
2015-07-22 00:00:00-04:00,8.854095222702743,8.99607878806584,8.784050199330025,8.93549919128418,6506800,0.0,0.0
2015-07-23 00:00:00-04:00,8.941177680228948,9.015009013530342,8.820018495101973,8.886277198791504,3849200,0.0,0.0
2015-07-24 00:00:00-04:00,8.89763724838324,8.912782509488157,8.581487505558993,8.611777305603027,8122800,0.0,0.0
2015-07-27 00:00:00-04:00,8.59473796361468,8.674248406036698,8.500082262350931,8.57959270477295,6295200,0.0,0.0
2015-07-28 00:00:00-04:00,8.61366831425423,8.659103365972411,8.467898456122358,8.572019577026367,4929600,0.0,0.0
2015-07-29 00:00:00-04:00,8.602309951342274,8.68750022770972,8.55498210026766,8.683713912963867,4004800,0.0,0.0
2015-07-30 00:00:00-04:00,8.660996438224753,8.793514560947665,8.600416848779822,8.738614082336426,3734400,0.0,0.0
2015-07-31 00:00:00-04:00,8.757543550435175,8.79729948649067,8.638277908765355,8.679925918579102,4383200,0.0,0.0
2015-08-03 00:00:00-04:00,8.70453871220526,8.742401139365091,8.488723816209665,8.50954818725586,4821200,0.0,0.0
2015-08-04 00:00:00-04:00,8.464113711299388,8.64206691451752,8.426251281540269,8.626921653747559,7212400,0.0,0.0
2015-08-05 00:00:00-04:00,8.647745065938798,8.827591045699373,8.640172436394716,8.782155990600586,4967600,0.0,0.0
2015-08-06 00:00:00-04:00,8.749973275860828,8.768904127290458,8.503867874281497,8.585271835327148,4446800,0.0,0.0
2015-08-07 00:00:00-04:00,8.583379413761815,8.596631154774204,8.452754799997233,8.551196098327637,3788400,0.0,0.0
2015-08-10 00:00:00-04:00,8.685606437191883,8.715896229525784,8.583378117252865,8.672354698181152,4864800,0.0,0.0
2015-08-11 00:00:00-04:00,8.60041777566489,8.670462798103427,8.519013808169126,8.655318260192871,4988800,0.0,0.0
2015-08-12 00:00:00-04:00,8.581485212567763,8.68749912331184,8.44896710197206,8.636384963989258,5104400,0.0,0.0
2015-08-13 00:00:00-04:00,8.642065319030504,8.87302472580672,8.630706375550107,8.727254867553711,4406400,0.0,0.0
2015-08-14 00:00:00-04:00,8.812445211273328,9.054764285703744,8.812445211273328,8.980932235717773,9747600,0.0,0.0
2015-08-17 00:00:00-04:00,8.98093242251787,8.9866122555061,8.7954073399356,8.88817024230957,4342400,0.0,0.0
2015-08-18 00:00:00-04:00,8.905207841323714,9.032046124309266,8.878704362620203,8.895742416381836,6476000,0.0,0.0
2015-08-19 00:00:00-04:00,8.865451820980931,8.929816993627165,8.659102398393003,8.793513298034668,7016000,0.0,0.0
2015-08-20 00:00:00-04:00,8.643958317536976,8.708324221101307,8.554981730271841,8.562554359436035,6032000,0.0,0.0
2015-08-21 00:00:00-04:00,8.475471766979927,8.729149080915224,8.450861081895674,8.486830711364746,8100800,0.0,0.0
2015-08-24 00:00:00-04:00,7.924575954233836,8.358099268274922,7.31877928128183,8.132818222045898,9250800,0.0,0.0
2015-08-25 00:00:00-04:00,8.344846618422576,8.458433166286571,8.191504128857089,8.308876991271973,18920400,0.0,0.0
2015-08-26 00:00:00-04:00,8.458432134801873,8.61934651168037,8.335379454483794,8.587163925170898,15134400,0.0,0.0
2015-08-27 00:00:00-04:00,8.748078098652158,8.897634251951501,8.602308259353938,8.746185302734375,11679600,0.0,0.0
2015-08-28 00:00:00-04:00,8.454646735906369,8.507653694561279,7.863995395207374,8.043841361999512,33722000,0.0,0.0
2015-08-31 00:00:00-04:00,8.002192148183182,8.066558046502452,7.865887722997527,8.041947364807129,9861200,0.0,0.0
2015-09-01 00:00:00-04:00,7.862102784027729,7.979476380543158,7.708761001035667,7.795844078063965,9354400,0.0,0.0
2015-09-02 00:00:00-04:00,7.890499901709173,7.96622475721593,7.784485248432862,7.9151105880737305,10147600,0.0,0.0
2015-09-03 00:00:00-04:00,7.951079204494301,8.098741872913308,7.863996129383898,7.896178722381592,8372800,0.0,0.0
2015-09-04 00:00:00-04:00,7.867533562438621,7.93627911661315,7.773963062933762,7.877081394195557,6127600,0.09,0.0
2015-09-08 00:00:00-04:00,8.014574027983794,8.014574027983794,7.783512376151183,7.980201244354248,8708000,0.0,0.0
2015-09-09 00:00:00-04:00,8.026031136891637,8.06613320342811,7.953467018965271,7.980201244354248,5874800,0.0,0.0
2015-09-10 00:00:00-04:00,7.955377261999763,8.190257493070739,7.924823753773939,8.087139129638672,5733200,0.0,0.0
2015-09-11 00:00:00-04:00,8.064221924985649,8.186435923705172,7.959194315364363,8.169249534606934,6061600,0.0,0.0
2015-09-14 00:00:00-04:00,8.1807075932139,8.249453151481287,8.069950698571349,8.24372386932373,5638800,0.0,0.0
2015-09-15 00:00:00-04:00,8.260910918395005,8.272368755171936,8.165431130612824,8.211261749267578,4498400,0.0,0.0
2015-09-16 00:00:00-04:00,8.201712217706984,8.430863806620359,8.192164386596598,8.39840030670166,6159200,0.0,0.0
2015-09-17 00:00:00-04:00,8.400312188854963,8.48433414125312,8.186436936191141,8.327747344970703,6796400,0.0,0.0
2015-09-18 00:00:00-04:00,8.239905895899692,8.322018570860587,8.064222709313722,8.071861267089844,8250400,0.0,0.0
2015-09-21 00:00:00-04:00,8.157794140342366,8.17879981236761,7.913365363129505,7.966834545135498,6620000,0.0,0.0
2015-09-22 00:00:00-04:00,7.8789928060140255,7.974472606384038,7.83125290582902,7.89617919921875,4002800,0.0,0.0
2015-09-23 00:00:00-04:00,7.8713534966674485,7.9400990565698075,7.762506602973022,7.844619274139404,3140800,0.0,0.0
2015-09-24 00:00:00-04:00,7.779695293813264,7.922915009816465,7.754870339072495,7.867536544799805,5456800,0.0,0.0
2015-09-25 00:00:00-04:00,7.888540574614681,7.993568198757158,7.724315217959574,7.829342842102051,6662800,0.0,0.0
2015-09-28 00:00:00-04:00,7.798789914851493,7.842710534433065,7.626925987399217,7.695671558380127,6852800,0.0,0.0
2015-09-29 00:00:00-04:00,7.676575559981065,7.812156692220655,7.573457207945454,7.72049617767334,8432000,0.0,0.0
2015-09-30 00:00:00-04:00,7.83125373091877,7.8904514756282715,7.754870319646953,7.86944580078125,6866400,0.0,0.0
2015-10-01 00:00:00-04:00,7.886631069255624,7.94964808479522,7.602101682751798,7.737682819366455,7833600,0.0,0.0
2015-10-02 00:00:00-04:00,7.6918514168113665,7.934370163495676,7.640292244355368,7.9248223304748535,5966400,0.0,0.0
2015-10-05 00:00:00-04:00,7.943916761581998,8.14251486273476,7.930549651740259,8.111961364746094,7671600,0.0,0.0
2015-10-06 00:00:00-04:00,8.104323990192016,8.302922120311313,8.09859543612512,8.276187896728516,7518000,0.0,0.0
2015-10-07 00:00:00-04:00,8.293374042417668,8.365938881751143,8.138696531103585,8.295283317565918,4901600,0.0,0.0
2015-10-08 00:00:00-04:00,8.218898605086807,8.467145856220954,8.218898605086807,8.39840030670166,4536400,0.0,0.0
2015-10-09 00:00:00-04:00,8.348751745648281,8.490061404486907,8.2991018547947,8.480513572692871,3824800,0.0,0.0
2015-10-12 00:00:00-04:00,8.45569052707115,8.524436096958402,8.371668568571753,8.390764236450195,2991600,0.0,0.0
2015-10-13 00:00:00-04:00,8.346843238818655,8.432775197278447,8.287646234009802,8.310561180114746,3242000,0.0,0.0
2015-10-14 00:00:00-04:00,8.299102373982812,8.34875226794247,8.159701981401017,8.220808982849121,3027600,0.0,0.0
2015-10-15 00:00:00-04:00,8.260912613466479,8.396494493561724,8.182619200558044,8.388855934143066,3522000,0.0,0.0
2015-10-16 00:00:00-04:00,8.455690880915345,8.495792950663077,8.323929018752983,8.490063667297363,3594000,0.0,0.0
2015-10-19 00:00:00-04:00,8.490063005666507,8.581723519391096,8.40413104640814,8.539712905883789,3046400,0.0,0.0
2015-10-20 00:00:00-04:00,8.551170968653256,8.711577067676973,8.541623133993541,8.61227798461914,6144800,0.0,0.0
2015-10-21 00:00:00-04:00,8.646649824770059,8.824242298104243,8.618006323929292,8.791779518127441,4631600,0.0,0.0
2015-10-22 00:00:00-04:00,8.818512594688608,9.026658545539359,8.705846424439981,8.971280097961426,6262000,0.0,0.0
2015-10-23 00:00:00-04:00,9.093493362358887,9.093493362358887,8.610365944837929,8.660015106201172,9208400,0.0,0.0
2015-10-26 00:00:00-04:00,8.663834642948284,8.694388142033807,8.469055813108252,8.530162811279297,5856400,0.0,0.0
2015-10-27 00:00:00-04:00,8.539714828231583,8.575996895440007,8.31629168386576,8.449963569641113,4584000,0.0,0.0
2015-10-28 00:00:00-04:00,8.490061904659543,8.724942077204044,8.457599128956776,8.69820785522461,3632000,0.0,0.0
2015-10-29 00:00:00-04:00,8.715394561498258,8.818512902982253,8.66383539075626,8.728761672973633,2984400,0.0,0.0
2015-10-30 00:00:00-04:00,8.768864009908114,8.889168755393392,8.702028444890196,8.797508239746094,4879200,0.0,0.0
2015-11-02 00:00:00-05:00,8.78986868995762,8.87771064494203,8.702027463426154,8.818512916564941,3821200,0.0,0.0
2015-11-03 00:00:00-05:00,8.8414285763442,8.93690836815883,8.79750795952383,8.927360534667969,5713200,0.0,0.0
2015-11-04 00:00:00-05:00,8.92354101006716,8.996105853816639,8.90253533989339,8.946455955505371,5235600,0.0,0.0
2015-11-05 00:00:00-05:00,8.965553077908051,9.005654417792115,8.841429050511046,8.963643074035645,3947600,0.0,0.0
2015-11-06 00:00:00-05:00,8.927360121926915,9.06676052411698,8.850976000625499,8.940727233886719,7676800,0.0,0.0
2015-11-09 00:00:00-05:00,8.93117936816702,8.940727201181529,8.67529350973216,8.688660621643066,6093200,0.0,0.0
2015-11-10 00:00:00-05:00,8.677203350343424,8.824242319397126,8.640921291143036,8.772683143615723,6072800,0.0,0.0
2015-11-11 00:00:00-05:00,8.799417928069232,8.841428540951457,8.484334324961047,8.512978553771973,7525200,0.0,0.0
2015-11-12 00:00:00-05:00,8.490061349052533,8.554987624662074,8.377395186331649,8.50342845916748,7546000,0.0,0.0
2015-11-13 00:00:00-05:00,7.626925486286087,7.657478990442025,7.078871686790766,7.09987735748291,38060800,0.0,0.0
2015-11-16 00:00:00-05:00,7.0655037423391835,7.292745357214611,7.055955909999578,7.2736496925354,10280000,0.0,0.0
2015-11-17 00:00:00-05:00,7.313750711358775,7.313750711358775,7.046407775065776,7.096056938171387,10395200,0.0,0.0
2015-11-18 00:00:00-05:00,7.174351796331434,7.2679223167112355,7.109425506065642,7.220182418823242,9136800,0.0,0.0
2015-11-19 00:00:00-05:00,7.189628249780156,7.439784825416278,7.160984022309731,7.344305038452148,8218800,0.0,0.0
2015-11-20 00:00:00-05:00,7.466520143193067,7.594463455266536,7.3653117872871965,7.497073650360107,11176800,0.0,0.0
2015-11-23 00:00:00-05:00,6.328401404366568,7.1972674904255465,6.30166717532677,7.181991100311279,67735200,0.0,0.0
2015-11-24 00:00:00-05:00,6.872635786044713,7.300384848596632,6.861177948699337,7.2392778396606445,21452000,0.0,0.0
2015-11-25 00:00:00-05:00,7.216362747572414,7.26219263912163,6.989120379759826,6.996758937835693,8231600,0.0,0.0
2015-11-27 00:00:00-05:00,7.04258922884605,7.055956340627882,6.836352541149868,6.876453876495361,4770000,0.0,0.0
2015-11-30 00:00:00-05:00,6.79052296181611,6.8420821360944934,6.664489667508835,6.689313888549805,12892400,0.0,0.0
2015-12-01 00:00:00-05:00,6.762632731644119,6.78578561958108,6.608278918702647,6.695103168487549,8725200,0.09,0.0
2015-12-02 00:00:00-05:00,6.695103337752332,6.72211516369787,6.533031646062051,6.534960746765137,11470800,0.0,0.0
2015-12-03 00:00:00-05:00,6.531101014728006,6.531101014728006,6.21081660773844,6.324652671813965,14872000,0.0,0.0
2015-12-04 00:00:00-05:00,6.322722829703301,6.434629044167113,6.22046358848375,6.424982070922852,14113200,0.0,0.0
2015-12-07 00:00:00-05:00,6.40568841803005,6.442347212445198,6.270628578369478,6.380605697631836,11792400,0.0,0.0
2015-12-08 00:00:00-05:00,6.289923161785637,6.53881908255512,6.226252540203321,6.509878158569336,11211200,0.0,0.0
2015-12-09 00:00:00-05:00,6.388324089761143,6.565830775260025,6.251335138645661,6.259052276611328,10329200,0.0,0.0
2015-12-10 00:00:00-05:00,6.280276477055092,6.347806774840128,6.0718986498645515,6.176087379455566,16325600,0.0,0.0
2015-12-11 00:00:00-05:00,5.830720539806468,6.048745708157519,5.77669689087655,5.788273334503174,26372000,0.0,0.0
2015-12-14 00:00:00-05:00,5.788273719080253,5.915615711459337,5.734249698552433,5.840368270874023,11758000,0.0,0.0
2015-12-15 00:00:00-05:00,5.93105004053925,6.010156404550984,5.865449587259988,5.892461776733398,10153200,0.0,0.0
2015-12-16 00:00:00-05:00,5.94648589804564,5.981215595870765,5.811426411847204,5.896320819854736,8740400,0.0,0.0
2015-12-17 00:00:00-05:00,5.896319726437385,5.925261013255267,5.604976654052734,5.604976654052734,9117600,0.0,0.0
2015-12-18 00:00:00-05:00,5.579895342664595,5.583754279761147,5.383093966842448,5.54902458190918,22410000,0.0,0.0
2015-12-21 00:00:00-05:00,5.5046471469351035,5.614624262895592,5.412034509487136,5.547094345092773,13672800,0.0,0.0
2015-12-22 00:00:00-05:00,5.576036250251957,5.576036250251957,5.433258893732986,5.518153667449951,12263600,0.0,0.0
2015-12-23 00:00:00-05:00,5.556741318489556,5.581824038134705,5.452552607372206,5.547094345092773,11113200,0.0,0.0
2015-12-24 00:00:00-05:00,5.5220119430450785,5.5567412677615176,5.456411494122179,5.473776340484619,3476000,0.0,0.0
2015-12-28 00:00:00-05:00,5.473777605016661,5.5837547453796725,5.4294005607228,5.493071556091309,9301600,0.0,0.0
2015-12-29 00:00:00-05:00,5.522012635433527,5.556741964504572,5.4660591528035045,5.485353469848633,8161600,0.0,0.0
2015-12-30 00:00:00-05:00,5.473776945170836,5.5837540722764665,5.44869422298379,5.49500036239624,5753200,0.0,0.0
2015-12-31 00:00:00-05:00,5.485353615766738,5.568318923661841,5.4081767135417005,5.410106182098389,6784000,0.0,0.0
2016-01-04 00:00:00-05:00,5.217163555037592,5.491141456088159,5.2113751495755505,5.462200164794922,17321600,0.0,0.0
2016-01-05 00:00:00-05:00,5.516224168359301,5.597260004637731,5.413964546767227,5.5509538650512695,13666400,0.0,0.0
2016-01-06 00:00:00-05:00,5.446764152805022,5.545164826189371,5.294339840078361,5.473776340484619,15025600,0.0,0.0
2016-01-07 00:00:00-05:00,5.425541523096181,5.5509540343011,5.352223190509093,5.489212512969971,10651200,0.0,0.0
2016-01-08 00:00:00-05:00,5.5374473211440876,5.554812167506529,5.410105359825151,5.473776340484619,10796800,0.0,0.0
2016-01-11 00:00:00-05:00,5.466059305187154,5.701448949276179,5.400458846209992,5.668648719787598,13026800,0.0,0.0
2016-01-12 00:00:00-05:00,5.58568399533275,5.6377781764060355,5.076315684324907,5.37923526763916,32357600,0.0,0.0
2016-01-13 00:00:00-05:00,5.346434205608282,5.3676579892694996,5.1091151207014995,5.197868824005127,11686400,0.0,0.0
2016-01-14 00:00:00-05:00,5.290481847671943,5.290481847671943,4.858290815763978,4.935467720031738,18357600,0.0,0.0
2016-01-15 00:00:00-05:00,4.835137764642961,5.004927329209901,4.794620026194717,4.947044372558594,12750800,0.0,0.0
2016-01-19 00:00:00-05:00,5.008786148496257,5.01264508606726,4.833208537109601,4.921962261199951,11138000,0.0,0.0
2016-01-20 00:00:00-05:00,4.864078047174482,4.910384550066598,4.6942888859343626,4.860219478607178,8945200,0.0,0.0
2016-01-21 00:00:00-05:00,4.860219900830241,5.004926722916026,4.8525020270082635,4.879514217376709,8473200,0.0,0.0
2016-01-22 00:00:00-05:00,4.964408664810656,5.022291614956585,4.906526082673209,4.952832221984863,7054400,0.0,0.0
2016-01-25 00:00:00-05:00,4.939326459852592,5.010714955444118,4.806196075305795,4.835137367248535,5780800,0.0,0.0
2016-01-26 00:00:00-05:00,4.89109010031262,5.109114858711722,4.850572003401515,5.028079032897949,11076000,0.0,0.0
2016-01-27 00:00:00-05:00,5.062809336726736,5.166998425934808,4.981773501123285,5.045444488525391,8011600,0.0,0.0
2016-01-28 00:00:00-05:00,5.111044571996744,5.134197823914383,4.95283184925298,4.960549354553223,5595600,0.0,0.0
2016-01-29 00:00:00-05:00,4.970197733103524,5.064739492808255,4.941256438174897,5.057021617889404,9271200,0.0,0.0
2016-02-01 00:00:00-05:00,5.055092074508444,5.1824340554502575,4.987562146916028,5.172786712646484,11149200,0.0,0.0
2016-02-02 00:00:00-05:00,5.1380570725164105,5.1534924531680275,4.937397124045392,5.001068115234375,7362400,0.0,0.0
2016-02-03 00:00:00-05:00,5.037727088605209,5.070527317229923,4.775325259607494,5.0493035316467285,8893600,0.0,0.0
2016-02-04 00:00:00-05:00,5.028079775248867,5.246104933845867,4.896878859988458,5.2113752365112305,8000800,0.0,0.0
2016-02-05 00:00:00-05:00,5.211375934591772,5.244176167800571,5.099469321527966,5.1766462326049805,6183200,0.0,0.0
2016-02-08 00:00:00-05:00,5.122621650926482,5.394670462742417,5.112974676099506,5.38116455078125,11779200,0.0,0.0
2016-02-09 00:00:00-05:00,5.33485851851483,5.379235192441858,5.153492517584942,5.232599258422852,13147200,0.0,0.0
2016-02-10 00:00:00-05:00,5.248034844487853,5.265399694618078,5.1361282369866865,5.141916275024414,5480400,0.0,0.0
2016-02-11 00:00:00-05:00,5.103327164485594,5.199798374642158,5.043514749222432,5.1457743644714355,5918800,0.0,0.0
2016-02-12 00:00:00-05:00,5.165068701620168,5.282763328255693,5.074385528169831,5.2055864334106445,10327200,0.0,0.0
2016-02-16 00:00:00-05:00,5.273116651698826,5.412035070252062,5.188221878578719,5.402388095855713,5744000,0.0,0.0
2016-02-17 00:00:00-05:00,5.444835384246827,5.595330616058349,5.3946703069763196,5.545165538787842,6689600,0.0,0.0
2016-02-18 00:00:00-05:00,5.556741602942943,5.749684024823024,5.5316592500222574,5.641636371612549,11048000,0.0,0.0
2016-02-19 00:00:00-05:00,5.637778303029639,5.637778303029639,5.359941437703567,5.439047813415527,8530000,0.0,0.0
2016-02-22 00:00:00-05:00,5.504648902971246,5.7168853294735085,5.48535458201416,5.635849475860596,6722400,0.0,0.0
2016-02-23 00:00:00-05:00,5.711096132380687,5.76126120949044,5.591471661117662,5.680225372314453,5059600,0.0,0.0
2016-02-24 00:00:00-05:00,5.676366030527403,5.768978304122006,5.452552852002879,5.7670488357543945,6416800,0.0,0.0
2016-02-25 00:00:00-05:00,5.711095749929967,5.79984908717479,5.6551422710516075,5.78055477142334,6115600,0.0,0.0
2016-02-26 00:00:00-05:00,5.8094964759385395,5.9059676874658695,5.7747667809073455,5.892461776733398,6775600,0.0,0.0
2016-02-29 00:00:00-05:00,5.8731675593423045,5.9985800628298,5.792131725579719,5.94648551940918,9401600,0.0,0.0
2016-03-01 00:00:00-05:00,5.990862719826351,6.027521887111427,5.882815054574476,5.969639301300049,8520400,0.0,0.0
2016-03-02 00:00:00-05:00,5.958061771982656,6.112415928899297,5.626200941825839,6.037168502807617,16452400,0.0,0.0
2016-03-03 00:00:00-05:00,6.050674748917281,6.357453243394176,6.035239369170389,6.3111467361450195,14196000,0.0,0.0
2016-03-04 00:00:00-05:00,6.297486633607626,6.354080276723861,6.086724780885066,6.0945305824279785,10121600,0.0925,0.0
2016-03-07 00:00:00-05:00,6.0555007314258,6.1862511620501675,5.928653015399755,5.998907089233398,11321200,0.0,0.0
2016-03-08 00:00:00-05:00,6.028180528394264,6.04769559360368,5.817418643014174,5.877915382385254,9314000,0.0,0.0
2016-03-09 00:00:00-05:00,5.928652603201926,6.160881041613586,5.885719767854578,6.106239318847656,10378000,0.0,0.0
2016-03-10 00:00:00-05:00,6.114045236831448,6.114045236831448,5.842787044422447,5.940361976623535,8197200,0.0,0.0
2016-03-11 00:00:00-05:00,5.959877487766434,6.067209772408878,5.940362425408121,6.000858783721924,6477200,0.0,0.0
2016-03-14 00:00:00-04:00,6.002810053583688,6.2506501059160025,5.99500388010861,6.178444862365723,6921600,0.0,0.0
2016-03-15 00:00:00-04:00,6.149172712230833,6.192105551474324,5.848641720869831,6.006713390350342,8111600,0.0,0.0
2016-03-16 00:00:00-04:00,6.078918507142755,6.246747145853022,6.014519063542791,6.227232456207275,6249600,0.0,0.0
2016-03-17 00:00:00-04:00,6.279923065256626,6.287729238956728,6.051597695592518,6.119900226593018,12200800,0.0,0.0
2016-03-18 00:00:00-04:00,6.162833322125644,6.301389933326073,6.008665107312089,6.016470909118652,22170800,0.0,0.0
2016-03-21 00:00:00-04:00,6.034034253187387,6.178445118493343,5.864253695254565,6.020373821258545,13434800,0.0,0.0
2016-03-22 00:00:00-04:00,6.000859017865878,6.00866519200133,5.856448146329841,5.889623641967773,8700000,0.0,0.0
2016-03-23 00:00:00-04:00,5.88962344111134,6.01256770180093,5.864253748255184,5.92670202255249,7876800,0.0,0.0
2016-03-24 00:00:00-04:00,5.920846939185946,5.952070887836434,5.778387626940741,5.907186508178711,17952400,0.0,0.0
2016-03-28 00:00:00-04:00,5.649589540435101,6.039889325688818,5.5422568761590005,5.872060298919678,32988800,0.0,0.0
2016-03-29 00:00:00-04:00,5.889623456566515,6.23113574764571,5.854496418500494,6.149172782897949,15210000,0.0,0.0
2016-03-30 00:00:00-04:00,6.160881320476572,6.238941193831748,6.049645954418092,6.197959899902344,10088400,0.0,0.0
2016-03-31 00:00:00-04:00,6.2194270071569475,6.328710838683803,6.180396881216494,6.192105770111084,8376000,0.0,0.0
2016-04-01 00:00:00-04:00,6.192105649108996,6.1979602795513165,5.993052680696408,6.115997314453125,8540400,0.0,0.0
2016-04-04 00:00:00-04:00,6.125755198186924,6.131609829143957,5.993053207578638,6.035986423492432,5967200,0.0,0.0
2016-04-05 00:00:00-04:00,6.01061649079875,6.065258594249239,5.897429568966139,5.91109037399292,7004000,0.0,0.0
2016-04-06 00:00:00-04:00,5.903284251962464,6.069161735139071,5.813515480019173,5.872060298919678,9206000,0.0,0.0
2016-04-07 00:00:00-04:00,5.87596384808001,5.89547854110186,5.659347331123508,5.682765483856201,14695600,0.0,0.0
2016-04-08 00:00:00-04:00,5.712037706206148,5.829127721549284,5.682765295425089,5.754970550537109,8490400,0.0,0.0
2016-04-11 00:00:00-04:00,5.803756714755984,5.9754887977207645,5.799853628275236,5.831077575683594,8181200,0.0,0.0
2016-04-12 00:00:00-04:00,5.85449677880575,5.946217094341576,5.797903131278899,5.872060298919678,7840400,0.0,0.0
2016-04-13 00:00:00-04:00,5.9032837663596665,6.166736174178165,5.891574877986512,6.141366481781006,8691600,0.0,0.0
2016-04-14 00:00:00-04:00,6.119900845378996,6.192106098311403,5.973538423672946,6.176494121551514,10259600,0.0,0.0
2016-04-15 00:00:00-04:00,6.1960088093525005,6.272117144908526,6.149172881916572,6.20381498336792,10342000,0.0,0.0
2016-04-18 00:00:00-04:00,6.217474935712026,6.320904127899977,6.172590183026011,6.2857770919799805,7128800,0.0,0.0
2016-04-19 00:00:00-04:00,6.311147813673565,6.352129114124703,6.268214597331729,6.332614421844482,6650800,0.0,0.0
2016-04-20 00:00:00-04:00,6.340420408193627,6.49654017511133,6.3091964548100865,6.418479919433594,11016000,0.0,0.0
2016-04-21 00:00:00-04:00,6.418479629936967,6.457509756015436,6.285777647932816,6.305293083190918,10325600,0.0,0.0
2016-04-22 00:00:00-04:00,6.297486429256016,6.420431056482322,6.281874082239104,6.400915622711182,88882000,0.0,0.0
2016-04-25 00:00:00-04:00,6.377497846623492,6.439945745815782,6.328710378852161,6.400915622711182,8251200,0.0,0.0
2016-04-26 00:00:00-04:00,6.3911583542443315,6.506296809334943,6.36188557545745,6.50239372253418,7961200,0.0,0.0
2016-04-27 00:00:00-04:00,6.478976373541896,6.580454403742505,6.459460938250777,6.514103412628174,11343200,0.0,0.0
2016-04-28 00:00:00-04:00,6.473121428584676,6.502394209564092,6.3970130913634895,6.420431613922119,8579200,0.0,0.0
2016-04-29 00:00:00-04:00,6.420431056482322,6.443848832570011,6.317001118589476,6.400915622711182,8473600,0.0,0.0
2016-05-02 00:00:00-04:00,6.402867718468987,6.412625063410267,6.235038705503258,6.31505012512207,10590000,0.0,0.0
2016-05-03 00:00:00-04:00,6.285777371981153,6.317001322585619,6.108191013336182,6.108191013336182,10560800,0.0,0.0
2016-05-04 00:00:00-04:00,6.088676224934038,6.115997088216524,5.9188956705756794,5.998907089233398,11483200,0.0,0.0
2016-05-05 00:00:00-04:00,5.989149644500221,6.002810075913584,5.8486414991768445,5.875962734222412,8590800,0.0,0.0
2016-05-06 00:00:00-04:00,5.895478077592328,5.899381164777396,5.731552510227137,5.872060298919678,7822800,0.0,0.0
2016-05-09 00:00:00-04:00,5.874010390173445,5.950118710370229,5.862301503732121,5.891573905944824,7538400,0.0,0.0
2016-05-10 00:00:00-04:00,5.905236036871886,5.983295922668763,5.856448561721477,5.95597505569458,5274800,0.0,0.0
2016-05-11 00:00:00-04:00,5.883768818595125,5.883768818595125,5.643734555077307,5.698376655578613,11997200,0.0,0.0
2016-05-12 00:00:00-04:00,5.717891370955338,5.735454890042944,5.630074147736165,5.678861618041992,8598800,0.0,0.0
2016-05-13 00:00:00-04:00,5.678862178313752,5.721795022419808,5.544208642763586,5.606656551361084,11854400,0.0,0.0
2016-05-16 00:00:00-04:00,5.612510952767949,5.682765033175508,5.573480825381776,5.663249969482422,12104400,0.0,0.0
2016-05-17 00:00:00-04:00,5.676909717587551,5.737406072741359,5.544207747145263,5.553965091705322,12189200,0.0,0.0
2016-05-18 00:00:00-04:00,5.528595621971402,5.536401795181952,5.421263345858117,5.470050811767578,15548800,0.0,0.0
2016-05-19 00:00:00-04:00,5.47200326890397,5.57738401931338,5.37052523353277,5.571529388427734,12570000,0.0,0.0
2016-05-20 00:00:00-04:00,5.5968986054829415,5.608607494035569,5.5032267526242045,5.557868480682373,9317200,0.0,0.0
2016-05-23 00:00:00-04:00,5.58323850088112,5.633977517209758,5.524693310247057,5.555917263031006,8022800,0.0,0.0
2016-05-24 00:00:00-04:00,5.540305211344417,5.651540588152871,5.493469282805008,5.600801944732666,14090400,0.0,0.0
2016-05-25 00:00:00-04:00,5.614462262720722,5.823272579443958,5.594947199839729,5.8018059730529785,18447200,0.0,0.0
2016-05-26 00:00:00-04:00,5.8525441564530345,5.936458654370209,5.833029096343653,5.850592613220215,13702000,0.0,0.0
2016-05-27 00:00:00-04:00,5.472002457019532,5.645685719783097,5.395893755673985,5.620316028594971,30238400,0.0,0.0
2016-05-31 00:00:00-04:00,5.637879949431291,5.727649088347818,5.587140935646969,5.678861618041992,39743200,0.0,0.0
2016-06-01 00:00:00-04:00,5.663249015518323,5.6983760498050176,5.552013655089671,5.649588584899902,14889200,0.0,0.0
2016-06-02 00:00:00-04:00,5.655442888930707,5.721793871524275,5.61055851018177,5.637879371643066,7872400,0.0,0.0
2016-06-03 00:00:00-04:00,5.6515395194036095,5.669103035811852,5.524692190403149,5.587140083312988,8838800,0.0,0.0
2016-06-06 00:00:00-04:00,5.589118961905104,5.654361579561526,5.543646914436866,5.628659725189209,7820800,0.0925,0.0
2016-06-07 00:00:00-04:00,5.632612610630798,5.691924307464009,5.614819139290052,5.626681327819824,7284000,0.0,0.0
2016-06-08 00:00:00-04:00,5.6286587939221935,5.658314832843979,5.5713245646639535,5.581209659576416,7681600,0.0,0.0
2016-06-09 00:00:00-04:00,5.549576995604487,5.589118130096084,5.367688455709111,5.39141321182251,13588000,0.0,0.0
2016-06-10 00:00:00-04:00,5.328147543804822,5.328147543804822,5.171960481893531,5.245111465454102,18088400,0.0,0.0
2016-06-13 00:00:00-04:00,5.22929539103128,5.272790338561362,5.144282213370113,5.146259307861328,9326800,0.0,0.0
2016-06-14 00:00:00-04:00,5.134397057375297,5.148236719666818,5.0118202081026055,5.086947917938232,12596000,0.0,0.0
2016-06-15 00:00:00-04:00,5.081016653454289,5.223364061743292,5.063223180281637,5.166029453277588,14506400,0.0,0.0
2016-06-16 00:00:00-04:00,5.152190159536373,5.175914916086826,5.086947550387892,5.12648868560791,8923200,0.0,0.0
2016-06-17 00:00:00-04:00,5.13637401051849,5.258951233507307,5.096833250622783,5.169983863830566,10379200,0.0,0.0
2016-06-20 00:00:00-04:00,5.229294937388302,5.302445541756341,5.209524371283472,5.219409465789795,9122400,0.0,0.0
2016-06-21 00:00:00-04:00,5.213478770842678,5.229295148947984,5.082993180108655,5.108695030212402,6278400,0.0,0.0
2016-06-22 00:00:00-04:00,5.132419552630101,5.195685443916179,5.102763889988252,5.1403279304504395,7146800,0.0,0.0
2016-06-23 00:00:00-04:00,5.225340308549403,5.249064684202836,5.173936991844095,5.205569744110107,6074000,0.0,0.0
2016-06-24 00:00:00-04:00,4.997980206895635,5.086947189185185,4.994026018235961,5.009842395782471,7372000,0.0,0.0
2016-06-27 00:00:00-04:00,5.0039122034249885,5.134397440896767,4.978210725719691,5.041476249694824,12242800,0.0,0.0
2016-06-28 00:00:00-04:00,5.106718293018216,5.175915093478692,5.065200438997265,5.150213241577148,11523200,0.0,0.0
2016-06-29 00:00:00-04:00,5.233248621184157,5.332101072202996,5.213478432654129,5.221386432647705,9941200,0.0,0.0
2016-06-30 00:00:00-04:00,5.241157016886605,5.2767439597145405,5.144281659795101,5.254996299743652,7436800,0.0,0.0
2016-07-01 00:00:00-04:00,5.314308054716956,5.4131605141782195,5.284652392297018,5.349895000457764,10530400,0.0,0.0
2016-07-05 00:00:00-04:00,5.343963710578619,5.349894616381494,5.132419145761135,5.199638843536377,8564400,0.0,0.0
2016-07-06 00:00:00-04:00,5.185800051097071,5.23522628195486,5.086947589381494,5.233249187469482,9961200,0.0,0.0
2016-07-07 00:00:00-04:00,5.243133778835554,5.343963318093024,5.177891180150385,5.205569744110107,9082800,0.0,0.0
2016-07-08 00:00:00-04:00,5.272790703682519,5.415138123077087,5.2708136090543976,5.411184310913086,8416400,0.0,0.0
2016-07-11 00:00:00-04:00,5.557485138262026,5.691924537336118,5.545622572161001,5.624704837799072,14266800,0.0,0.0
2016-07-12 00:00:00-04:00,5.678084595522697,5.727510820551213,5.634589653250785,5.6820387840271,12093200,0.0,0.0
2016-07-13 00:00:00-04:00,5.701809755582562,5.772983645362657,5.670176999478563,5.703786849975586,11811200,0.0,0.0
2016-07-14 00:00:00-04:00,5.723557310281687,5.753212971440683,5.626681572287607,5.6583147048950195,7988400,0.0,0.0
2016-07-15 00:00:00-04:00,5.6939014238399075,5.6939014238399075,5.531783453229001,5.5337605476379395,9874000,0.0,0.0
2016-07-18 00:00:00-04:00,5.535737072722167,6.010228746394206,5.510035602233651,5.968710899353027,31168800,0.0,0.0
2016-07-19 00:00:00-04:00,6.10315028859674,6.1881630768847,5.933123957836496,5.968710899353027,17436800,0.0,0.0
2016-07-20 00:00:00-04:00,5.952894920374302,6.192117678846731,5.939055637102963,6.152576923370361,15084400,0.0,0.0
2016-07-21 00:00:00-04:00,6.1585079011245565,6.296901489636556,6.1189671451869785,6.130829334259033,17460400,0.0,0.0
2016-07-22 00:00:00-04:00,6.128852607511536,6.166416648433717,6.0596558091050605,6.0912885665893555,10361600,0.0,0.0
2016-07-25 00:00:00-04:00,6.033954296097889,6.120944190071907,5.941032741632071,6.105127811431885,9008800,0.0,0.0
2016-07-26 00:00:00-04:00,6.093265744718956,6.1881640184746365,6.018138038935431,6.178278923034668,10084400,0.0,0.0
2016-07-27 00:00:00-04:00,6.211887779003617,6.24352053184793,6.148622273314989,6.192117214202881,8732800,0.0,0.0
2016-07-28 00:00:00-04:00,6.168393995014525,6.194095470111351,6.087335003511621,6.1624627113342285,5687600,0.0,0.0
2016-07-29 00:00:00-04:00,6.178278377865044,6.178278377865044,6.041861885695972,6.118967056274414,6389200,0.0,0.0
2016-08-01 00:00:00-04:00,6.12292062660683,6.126874815114996,5.966733951455999,6.0003437995910645,11550400,0.0,0.0
2016-08-02 00:00:00-04:00,6.041862332959426,6.053724899829457,5.776937706337513,5.7808918952941895,13682800,0.0,0.0
2016-08-03 00:00:00-04:00,5.741351253109253,5.897537949134347,5.648429696209304,5.859973907470703,9440400,0.0,0.0
2016-08-04 00:00:00-04:00,5.840202987276141,5.931147061210458,5.818455327382207,5.863927364349365,4826400,0.0,0.0
2016-08-05 00:00:00-04:00,5.90939988026385,6.047793473745542,5.893583501902418,5.939055919647217,10449200,0.0,0.0
2016-08-08 00:00:00-04:00,5.958825297391353,6.008251520168899,5.859972851836263,5.889628887176514,8176400,0.0,0.0
2016-08-09 00:00:00-04:00,5.883698313889572,5.974642393758089,5.832294990753898,5.857996463775635,8990400,0.0,0.0
2016-08-10 00:00:00-04:00,5.8520654809659955,5.976619409825665,5.8520654809659955,5.960803031921387,7001200,0.0,0.0
2016-08-11 00:00:00-04:00,6.035931122197589,6.162462145692004,6.016160555503538,6.150599956512451,9911200,0.0,0.0
2016-08-12 00:00:00-04:00,6.12885227381203,6.273176769112574,6.093265329306758,6.198049068450928,8584000,0.0,0.0
2016-08-15 00:00:00-04:00,6.190141063762575,6.342374322810079,6.190141063762575,6.273177146911621,5720400,0.0,0.0
2016-08-16 00:00:00-04:00,6.259338082225694,6.3166726931918715,6.16048561677413,6.1624627113342285,6347600,0.0,0.0
2016-08-17 00:00:00-04:00,6.103151483247454,6.11699076830346,6.030000491689975,6.093266010284424,7049600,0.0,0.0
2016-08-18 00:00:00-04:00,6.115013573168545,6.1664169004544265,6.043839677373905,6.1624627113342285,6320400,0.0,0.0
2016-08-19 00:00:00-04:00,6.140714490832855,6.310740836644665,6.107104640546618,6.271199703216553,8659200,0.0,0.0
2016-08-22 00:00:00-04:00,6.326557011294948,6.3463272002814985,6.180255425659815,6.219796180725098,6687600,0.0,0.0
2016-08-23 00:00:00-04:00,6.332488248296461,6.459019274469501,6.292947491163488,6.344350814819336,11361200,0.0,0.0
2016-08-24 00:00:00-04:00,6.3522591936651684,6.407616329079914,6.251429640755476,6.269222736358643,10861600,0.0,0.0
2016-08-25 00:00:00-04:00,6.261314226634036,6.375983054073216,6.1842094359519475,6.358189582824707,24669200,0.0,0.0
2016-08-26 00:00:00-04:00,5.974641945693791,6.031976547731111,5.6721536898582645,5.6820387840271,57973600,0.0,0.0
2016-08-29 00:00:00-04:00,5.68401645922741,5.727511405944824,5.602957472063196,5.727511405944824,17622400,0.0,0.0
2016-08-30 00:00:00-04:00,5.71169410837905,5.725533390239994,5.5891172886745695,5.632612228393555,11436400,0.0,0.0
2016-08-31 00:00:00-04:00,5.6306360327871685,5.72355758655406,5.597026181293396,5.612842559814453,11312000,0.0,0.0
2016-09-01 00:00:00-04:00,5.628658298500759,5.650405957904637,5.529805849708101,5.54166841506958,8379200,0.0,0.0
2016-09-02 00:00:00-04:00,5.577255613869023,5.6306360327871685,5.54364613946746,5.612842559814453,6760400,0.0,0.0
2016-09-06 00:00:00-04:00,5.61086534341512,5.66819994999046,5.585163870286582,5.608888626098633,7776400,0.0,0.0
2016-09-07 00:00:00-04:00,5.61489821779689,5.654961478243164,5.586853515201766,5.634929656982422,6064400,0.0925,0.0
2016-09-08 00:00:00-04:00,5.602878419137955,5.630923119347214,5.558808721773661,5.564818382263184,6915200,0.0,0.0
2016-09-09 00:00:00-04:00,5.5968695433546305,5.614898144044972,5.442625018370696,5.4446282386779785,9941600,0.0,0.0
2016-09-12 00:00:00-04:00,5.484691596175867,5.484691596175867,5.378523592527483,5.416584014892578,14428000,0.0,0.0
2016-09-13 00:00:00-04:00,5.398555074754218,5.4866944718547614,5.370510373790236,5.406567573547363,11301600,0.0,0.0
2016-09-14 00:00:00-04:00,5.534770986573722,5.534770986573722,5.39655222088851,5.414580821990967,7417200,0.0,0.0
2016-09-15 00:00:00-04:00,5.384532492974934,5.462656552556311,5.346472455360485,5.4586501121521,8842000,0.0,0.0
2016-09-16 00:00:00-04:00,5.450637860449954,5.460653962616529,5.388539555318109,5.426599979400635,7688000,0.0,0.0
2016-09-19 00:00:00-04:00,5.486694753223325,5.644945719811649,5.486694753223325,5.5888566970825195,13399200,0.0,0.0
2016-09-20 00:00:00-04:00,5.624914107581209,5.64494592944805,5.534771100218039,5.552799701690674,7460400,0.0,0.0
2016-09-21 00:00:00-04:00,5.566822076016235,5.640939317983208,5.550796313347472,5.634929656982422,6654800,0.0,0.0
2016-09-22 00:00:00-04:00,5.666981275445287,5.699032039319984,5.586853983683301,5.662974834442139,7161200,0.0,0.0
2016-09-23 00:00:00-04:00,5.656964056010025,5.725072011315135,5.646948337554932,5.646948337554932,5480800,0.0,0.0
2016-09-26 00:00:00-04:00,5.630923118926887,5.648951718318929,5.536773681640625,5.536773681640625,4299600,0.0,0.0
2016-09-27 00:00:00-04:00,5.538777765450941,5.560812808604901,5.462657297762633,5.494708061218262,5772000,0.0,0.0
2016-09-28 00:00:00-04:00,5.498714242343091,5.580844367576721,5.448634879050623,5.5067267417907715,4665600,0.0,0.0
2016-09-29 00:00:00-04:00,5.508730354449196,5.540781118672699,5.4346127233853165,5.436615943908691,7032400,0.0,0.0
2016-09-30 00:00:00-04:00,5.484692279353222,5.548794192085675,5.45865117580196,5.526759147644043,7155200,0.0,0.0
2016-10-03 00:00:00-04:00,5.526757963313233,5.580843761493398,5.498713645179152,5.564818382263184,6501600,0.0,0.0
2016-10-04 00:00:00-04:00,5.564818922899906,5.576837862971443,5.414580834742432,5.434612274169922,9382800,0.0,0.0
2016-10-05 00:00:00-04:00,5.462656306351611,5.504722782474314,5.398554791074062,5.448634147644043,7764400,0.0,0.0
2016-10-06 00:00:00-04:00,5.424596449659381,5.428602890297566,5.268348703447052,5.3444695472717285,14990000,0.0,0.0
2016-10-07 00:00:00-04:00,5.36850742695042,5.394548909023412,5.302402684721206,5.3444695472717285,8581600,0.0,0.0
2016-10-10 00:00:00-04:00,5.376521138261409,5.436616228810907,5.33846071047325,5.374517917633057,6398400,0.0,0.0
2016-10-11 00:00:00-04:00,5.372513874228395,5.380526755514668,5.210256848933468,5.218269348144531,8568800,0.0,0.0
2016-10-12 00:00:00-04:00,5.236298234079025,5.300399759558686,5.2082539122004805,5.232292175292969,9787200,0.0,0.0
2016-10-13 00:00:00-04:00,5.208253495401808,5.236297815036061,5.078047234431802,5.102085113525391,10721200,0.0,0.0
2016-10-14 00:00:00-04:00,5.124119537002584,5.146154575245969,5.029970488092476,5.0840559005737305,12544400,0.0,0.0
2016-10-17 00:00:00-04:00,5.072037772478289,5.122117134974442,4.937825065705592,4.947841167449951,21926000,0.0,0.0
2016-10-18 00:00:00-04:00,5.001926546260625,5.029971248832405,4.963866506179628,4.971879005432129,8277600,0.0,0.0
2016-10-19 00:00:00-04:00,4.983897739906934,5.009939221073328,4.897761561635925,5.007936000823975,9329600,0.0,0.0
2016-10-20 00:00:00-04:00,4.997920362384719,5.0479997232019,4.989907481257874,5.029971122741699,9061600,0.0,0.0
2016-10-21 00:00:00-04:00,5.025965051920163,5.025965051920163,4.951847424345083,5.009939670562744,7012800,0.0,0.0
2016-10-24 00:00:00-04:00,5.082053525319886,5.082053525319886,4.9778883667811815,5.035980224609375,7494000,0.0,0.0
2016-10-25 00:00:00-04:00,5.011942455783852,5.037983554950188,4.937824834644716,4.95785665512085,7639600,0.0,0.0
2016-10-26 00:00:00-04:00,4.953850636059003,5.045996865258472,4.877730170263989,4.9618635177612305,13295600,0.0,0.0
2016-10-27 00:00:00-04:00,4.975885822281479,4.989907983589863,4.785584079188514,4.8056159019470215,10813600,0.0,0.0
2016-10-28 00:00:00-04:00,4.805615767603655,4.851688691207563,4.745520683083359,4.7875871658325195,7484400,0.0,0.0
2016-10-31 00:00:00-04:00,4.797603617772875,4.843676544736059,4.759543191028166,4.8176350593566895,8604800,0.0,0.0
2016-11-01 00:00:00-04:00,4.809622090662815,4.809622090662815,4.671402941161074,4.719479084014893,9996800,0.0,0.0
2016-11-02 00:00:00-04:00,4.124536158464265,4.314837881061384,4.026380657801869,4.192644119262695,54613200,0.0,0.0
2016-11-03 00:00:00-04:00,4.160593726491977,4.190641269009,4.110514361605194,4.17261266708374,22239600,0.0,0.0
2016-11-04 00:00:00-04:00,4.1646000604259426,4.250736244875869,4.128542857501441,4.152580738067627,12305600,0.0,0.0
2016-11-07 00:00:00-05:00,4.206666951332167,4.312835350031929,4.156587582863927,4.2547430992126465,11527200,0.0,0.0
2016-11-08 00:00:00-05:00,4.234711136073388,4.256746179738466,4.178622489762639,4.188638210296631,7536000,0.0,0.0
2016-11-09 00:00:00-05:00,4.1245366899296,4.328860598652955,4.106508087273113,4.312835216522217,6962000,0.0,0.0
2016-11-10 00:00:00-05:00,4.358907305189731,4.511148597228961,4.348891204484744,4.380942344665527,10095200,0.0,0.0
2016-11-11 00:00:00-05:00,4.368924066125173,4.4811021283325925,4.306825755239997,4.471086025238037,8789600,0.0,0.0
2016-11-14 00:00:00-05:00,4.495123599717246,4.665393505402597,4.487110718473132,4.605298042297363,8301600,0.0,0.0
2016-11-15 00:00:00-05:00,4.593279464216957,4.605298404954386,4.445044588204545,4.5371904373168945,8867200,0.0,0.0
2016-11-16 00:00:00-05:00,4.51315145452334,4.6433576966185015,4.495122856778995,4.619319438934326,6833200,0.0,0.0
2016-11-17 00:00:00-05:00,4.669399614160658,4.707460036329058,4.609304532484414,4.699447154998779,4574000,0.0,0.0
2016-11-18 00:00:00-05:00,4.681418936156075,4.715472917659336,4.613310973149553,4.699447154998779,6716000,0.0,0.0
2016-11-21 00:00:00-05:00,4.713469697326767,4.721482196581834,4.639352073322535,4.699447154998779,8942000,0.0,0.0
2016-11-22 00:00:00-05:00,4.745519928889592,4.849684700031774,4.727491329983698,4.829653263092041,14966800,0.0,0.0
2016-11-23 00:00:00-05:00,4.963866907851733,5.290384206873274,4.9358222030105985,5.220273017883301,37507200,0.0,0.0
2016-11-25 00:00:00-05:00,5.236298392500811,5.306409581393583,5.16418436519203,5.172196865081787,9253200,0.0,0.0
2016-11-28 00:00:00-05:00,5.208253806753198,5.208253806753198,4.959860209510918,5.0379838943481445,11262800,0.0,0.0
2016-11-29 00:00:00-05:00,5.052215100080102,5.08881068341483,4.950560874274788,4.9790239334106445,9284400,0.0925,0.0
2016-11-30 00:00:00-05:00,4.972924979364143,5.050182414954764,4.930230386890482,5.019686222076416,12769200,0.0,0.0
2016-12-01 00:00:00-05:00,5.013587270354779,5.08677844993899,4.970892674117433,5.009521007537842,5762800,0.0,0.0
2016-12-02 00:00:00-05:00,5.003421518065186,5.048149241393012,4.90583315878064,4.934296607971191,6291200,0.0,0.0
2016-12-05 00:00:00-05:00,4.968858972716562,5.0583144177464945,4.934296518297686,4.985123634338379,9341200,0.0,0.0
2016-12-06 00:00:00-05:00,5.011554044363168,5.068480559385419,4.999355643922741,5.060348033905029,6032000,0.0,0.0
2016-12-07 00:00:00-05:00,5.117274215474426,5.3083842862286845,5.115241084236812,5.273821830749512,11197200,0.0,0.0
2016-12-08 00:00:00-05:00,5.286020448804948,5.322616037033805,5.192498734691331,5.279921054840088,12400800,0.0,0.0
2016-12-09 00:00:00-05:00,5.265689083338141,5.353111783961511,5.239259153926016,5.290086269378662,9806800,0.0,0.0
2016-12-12 00:00:00-05:00,5.298218718381941,5.38157516161332,5.239259462628592,5.371409893035889,8584800,0.0,0.0
2016-12-13 00:00:00-05:00,5.389707857195112,5.4588327714927,5.353112268710489,5.3653106689453125,9597200,0.0,0.0
2016-12-14 00:00:00-05:00,5.355144306701878,5.371408966287651,5.121339679738857,5.139637470245361,9493200,0.0,0.0
2016-12-15 00:00:00-05:00,5.137604865142078,5.227060308129274,5.103042411512443,5.151836395263672,7859200,0.0,0.0
2016-12-16 00:00:00-05:00,5.153869779908345,5.220961559339004,5.141671380315533,5.1681013107299805,13533200,0.0,0.0
2016-12-19 00:00:00-05:00,5.166067799966469,5.267722027258655,5.166067799966469,5.265688896179199,5266800,0.0,0.0
2016-12-20 00:00:00-05:00,5.257556928866012,5.318549312092438,5.253490666576219,5.310417175292969,4126800,0.0,0.0
2016-12-21 00:00:00-05:00,5.300252017319384,5.3958072512026,5.255524291271595,5.3653106689453125,7517600,0.0,0.0
2016-12-22 00:00:00-05:00,5.361244519455868,5.361244519455868,5.090844270122652,5.094910144805908,9186000,0.0,0.0
2016-12-23 00:00:00-05:00,5.19656426935493,5.288053233937637,5.147770284170861,5.166068077087402,7910400,0.0,0.0
2016-12-27 00:00:00-05:00,5.166067835196236,5.286019855241431,5.164034704102915,5.275854587554932,6384400,0.0,0.0
2016-12-28 00:00:00-05:00,5.243325688985374,5.275855013544822,5.098976471945203,5.1376051902771,6864400,0.0,0.0
2016-12-29 00:00:00-05:00,5.131505471755632,5.2372259637733505,5.131505471755632,5.151836395263672,6859200,0.0,0.0
2016-12-30 00:00:00-05:00,5.168101280545451,5.235193059584257,5.127439431766725,5.1355719566345215,6991200,0.0,0.0
2017-01-03 00:00:00-05:00,5.172167627161554,5.17826663313154,5.086778053560533,5.157936096191406,7765600,0.0,0.0
2017-01-04 00:00:00-05:00,5.20063045519256,5.296185292965869,5.20063045519256,5.2697553634643555,8977200,0.0,0.0
2017-01-05 00:00:00-05:00,5.196564330050714,5.196564330050714,5.062380772282231,5.082711696624756,12150800,0.0,0.0
2017-01-06 00:00:00-05:00,5.113207796137671,5.117274058488156,4.9810573719878946,4.985123634338379,9334400,0.0,0.0
2017-01-09 00:00:00-05:00,5.001387987177445,5.013586385695655,4.946494612175353,4.9790239334106445,6586800,0.0,0.0
2017-01-10 00:00:00-05:00,4.985124206196549,5.1030431134265735,4.968859542708965,5.009521007537842,8972400,0.0,0.0
2017-01-11 00:00:00-05:00,5.029851235691355,5.109141410715209,4.981057252001282,5.003421306610107,10173600,0.0,0.0
2017-01-12 00:00:00-05:00,5.00342177723474,5.070513559591793,4.997322383282226,5.025785446166992,10572800,0.0,0.0
2017-01-13 00:00:00-05:00,4.5317455983441315,4.714723128279754,4.527679336221538,4.621201038360596,59295600,0.0,0.0
2017-01-17 00:00:00-05:00,4.623234548275748,4.828576148932384,4.611036148688461,4.745219707489014,19933600,0.0,0.0
2017-01-18 00:00:00-05:00,4.737087583737882,4.8021466251999145,4.655764266635546,4.775716304779053,8723600,0.0,0.0
2017-01-19 00:00:00-05:00,4.783848596452673,4.816377921702947,4.7126905520501445,4.7391204833984375,8009600,0.0,0.0
2017-01-20 00:00:00-05:00,4.769616314243172,4.8041787681629105,4.743186384906957,4.794013500213623,10264400,0.0,0.0
2017-01-23 00:00:00-05:00,4.812310715545604,4.879402484192042,4.767582999041335,4.865170955657959,8745200,0.0,0.0
2017-01-24 00:00:00-05:00,4.867204992333655,4.90989958588125,4.822476879725537,4.852973461151123,11402400,0.0,0.0
2017-01-25 00:00:00-05:00,4.879403246880278,4.924130970375833,4.865171716121697,4.913965702056885,7550800,0.0,0.0
2017-01-26 00:00:00-05:00,4.930229832760485,5.01968565789209,4.903799905311193,4.924130439758301,12641200,0.0,0.0
2017-01-27 00:00:00-05:00,4.936330059452197,4.981057785681955,4.87127101978143,4.942429065704346,10677600,0.0,0.0
2017-01-30 00:00:00-05:00,4.9038010115605,4.9261646820533596,4.8489076254976915,4.915999412536621,6925200,0.0,0.0
2017-01-31 00:00:00-05:00,4.875336576555613,4.989189588659235,4.850939779519193,4.9790239334106445,6387600,0.0,0.0
2017-02-01 00:00:00-05:00,4.97902455123951,5.009520745209245,4.8956681067581655,4.940395832061768,7011600,0.0,0.0
2017-02-02 00:00:00-05:00,4.958693878933785,4.997322600081909,4.934297077625617,4.956660747528076,6607200,0.0,0.0
2017-02-03 00:00:00-05:00,4.950561258423792,5.062380760374462,4.936329727751539,5.02985143661499,8970800,0.0,0.0
2017-02-06 00:00:00-05:00,5.029851865776569,5.072546849216317,4.985124138736027,5.017653465270996,6818400,0.0,0.0
2017-02-07 00:00:00-05:00,5.021718737079202,5.082711115351385,4.983090024024108,5.007486820220947,8718400,0.0,0.0
2017-02-08 00:00:00-05:00,4.999355279116216,5.054248658762761,4.989190010787654,5.040017127990723,5553600,0.0,0.0
2017-02-09 00:00:00-05:00,5.040016380005498,5.164034263885091,5.031883856325487,5.162001132965088,5953200,0.0,0.0
2017-02-10 00:00:00-05:00,5.188432517102209,5.235193374565068,5.141671659639349,5.216895580291748,6084000,0.0,0.0
2017-02-13 00:00:00-05:00,5.235193144792266,5.255524069512535,5.143704177441124,5.157936096191406,5883200,0.0,0.0
2017-02-14 00:00:00-05:00,5.137605176751599,5.259590337418453,5.133538914247338,5.233160018920898,6170800,0.0,0.0
2017-02-15 00:00:00-05:00,5.235193082975952,5.3022848623145356,5.1924984905696405,5.241292476654053,8586800,0.0,0.0
2017-02-16 00:00:00-05:00,5.225027821796652,5.261623020575086,5.143704123764226,5.1681013107299805,7183200,0.0,0.0
2017-02-17 00:00:00-05:00,5.157936443620733,5.206730433567973,5.141671780304987,5.1985979080200195,4966800,0.0,0.0
2017-02-21 00:00:00-05:00,5.253491031239116,5.336847475065344,5.235193237445052,5.330748081207275,10881200,0.0,0.0
2017-02-22 00:00:00-05:00,5.326682139158456,5.347012676201699,5.2900865520324,5.33888053894043,5510800,0.0,0.0
2017-02-23 00:00:00-05:00,5.35107867571123,5.355144938032073,5.188432060678717,5.196564197540283,9848800,0.0,0.0
2017-02-24 00:00:00-05:00,5.194530593589783,5.387673770669203,5.17420005939623,5.3429460525512695,7966800,0.0,0.0
2017-02-27 00:00:00-05:00,5.328714893096017,5.424270123619386,5.220961650546876,5.391740798950195,9205200,0.0,0.0
2017-02-28 00:00:00-05:00,5.353112086131745,5.353112086131745,4.7919806533264016,4.9688591957092285,31031600,0.0,0.0
2017-03-01 00:00:00-05:00,4.99528896964849,5.068480141821548,4.936329715893624,4.976991176605225,13366000,0.0,0.0
2017-03-02 00:00:00-05:00,4.974958335479231,5.103042894250355,4.9708924606170894,5.078645706176758,9901600,0.0,0.0
2017-03-03 00:00:00-05:00,5.09490936554943,5.147769606148212,5.0847440987258485,5.139637470245361,7311600,0.0,0.0
2017-03-06 00:00:00-05:00,5.139637845961641,5.143703720320252,5.023751701688949,5.064413547515869,9102400,0.0,0.0
2017-03-07 00:00:00-05:00,5.040016940765691,5.056281602155273,4.964792639476301,5.01561975479126,9258400,0.0,0.0
2017-03-08 00:00:00-05:00,5.0318845796585085,5.117274151673009,5.003421518247051,5.082711696624756,9521600,0.0,0.0
2017-03-09 00:00:00-05:00,5.082711696624756,5.131505682378738,5.046116110364237,5.082711696624756,9594800,0.0,0.0
2017-03-10 00:00:00-05:00,5.099227615039234,5.223095173489284,5.084776032372387,5.19832181930542,12197600,0.095,0.0
2017-03-13 00:00:00-04:00,5.113678316911563,5.119871457985009,4.977423700581171,4.993939399719238,15760400,0.0,0.0
2017-03-14 00:00:00-04:00,4.991875886449387,5.086841077044373,4.954715457515555,5.0703253746032715,7399200,0.0,0.0
2017-03-15 00:00:00-04:00,5.0909692788959875,5.115743025439342,5.016648433031264,5.093033790588379,11586000,0.0,0.0
2017-03-16 00:00:00-04:00,5.076518699263038,5.078583211202872,4.962973298929869,5.008391380310059,12534000,0.0,0.0
2017-03-17 00:00:00-04:00,5.0145851539211606,5.093034642527996,4.996004939346966,5.086841106414795,21716400,0.0,0.0
2017-03-20 00:00:00-04:00,5.090969554194358,5.128129979136201,4.905167823250512,4.929941177368164,16464800,0.0,0.0
2017-03-21 00:00:00-04:00,4.960908026389923,4.983616866715632,4.832911062102244,4.9567790031433105,11402000,0.0,0.0
2017-03-22 00:00:00-04:00,4.9588440227139055,4.977424235461552,4.9051678963057475,4.973295211791992,8168000,0.0,0.0
2017-03-23 00:00:00-04:00,4.985681365554103,5.04555102118047,4.913425033984992,4.946456432342529,18648800,0.0,0.0
2017-03-24 00:00:00-04:00,4.411761424908663,4.4509859723668646,4.265184220212754,4.273442268371582,63778400,0.0,0.0
2017-03-27 00:00:00-04:00,4.197056302032873,4.353955650884098,4.178476090079086,4.304408550262451,27849200,0.0,0.0
2017-03-28 00:00:00-04:00,4.3106018402606505,4.496403966200418,4.2796349505258116,4.4840168952941895,17114400,0.0,0.0
2017-03-29 00:00:00-04:00,4.496403949431536,4.570724405764906,4.453049988952152,4.531499862670898,13033200,0.0,0.0
2017-03-30 00:00:00-04:00,4.521177504413612,4.642980950255863,4.512919850572219,4.636787414550781,8888000,0.0,0.0
2017-03-31 00:00:00-04:00,4.636787162081981,4.694592310885819,4.618207343509157,4.655367374420166,11736800,0.0,0.0
2017-04-03 00:00:00-04:00,4.649174694584707,4.669819420762658,4.525306731282399,4.54182243347168,10836400,0.0,0.0
2017-04-04 00:00:00-04:00,4.529435370171778,4.585175614218108,4.488145921326365,4.537693023681641,8948000,0.0,0.0
2017-04-05 00:00:00-04:00,4.58104728321042,4.601692008979976,4.48814621413012,4.492275238037109,8675600,0.0,0.0
2017-04-06 00:00:00-04:00,4.5335643259243374,4.576918289704914,4.488146243941949,4.508790969848633,13184800,0.0,0.0
2017-04-07 00:00:00-04:00,4.504661977448474,4.545951429550883,4.45511487118482,4.471630573272705,15018000,0.0,0.0
2017-04-10 00:00:00-04:00,4.45924360228865,4.56659585569227,4.450985554904354,4.517048358917236,9381200,0.0,0.0
2017-04-11 00:00:00-04:00,4.5005326406078625,4.572788979881116,4.47575928608098,4.564531326293945,10873600,0.0,0.0
2017-04-12 00:00:00-04:00,4.578982218532867,4.578982218532867,4.514983930761265,4.556272983551025,7532400,0.0,0.0
2017-04-13 00:00:00-04:00,4.554208407361622,4.632658275952444,4.537692707726502,4.6202712059021,14654400,0.0,0.0
2017-04-17 00:00:00-04:00,4.634723077821134,4.7379463054450754,4.624400518799521,4.725559234619141,14218000,0.0,0.0
2017-04-18 00:00:00-04:00,4.715237140655518,4.744139518822298,4.667754549734273,4.715237140655518,7945200,0.0,0.0
2017-04-19 00:00:00-04:00,4.73175271921627,4.7751062853453625,4.698721318232573,4.702850341796875,6722000,0.0,0.0
2017-04-20 00:00:00-04:00,4.737946600654707,4.837040810844317,4.737946600654707,4.787493705749512,7626400,0.0,0.0
2017-04-21 00:00:00-04:00,4.7978158716489085,4.80400940744778,4.73588208872175,4.787493705749512,7064800,0.0,0.0
2017-04-24 00:00:00-04:00,4.830846813636239,4.84942702549281,4.74001026608915,4.793686389923096,10865600,0.0,0.0
2017-04-25 00:00:00-04:00,4.814331561677945,4.849427476922371,4.768913480559141,4.830847263336182,5766800,0.0,0.0
2017-04-26 00:00:00-04:00,4.834975623462948,4.950585519200068,4.812266389138299,4.882458209991455,8846400,0.0,0.0
2017-04-27 00:00:00-04:00,4.886588175962614,4.894845830368458,4.756527067388657,4.768913745880127,11881200,0.0,0.0
2017-04-28 00:00:00-04:00,4.766848403593078,4.766848403593078,4.6388514355898165,4.684269905090332,12417200,0.0,0.0
2017-05-01 00:00:00-04:00,4.700785830014723,4.797815521183664,4.657431870120271,4.702850341796875,10979200,0.0,0.0
2017-05-02 00:00:00-04:00,4.713172198297839,4.861813492990627,4.694591987240574,4.839104652404785,7152800,0.0,0.0
2017-05-03 00:00:00-04:00,4.843233869890303,4.954715149767454,4.826718168475026,4.948521614074707,12509200,0.0,0.0
2017-05-04 00:00:00-04:00,4.9505859713473415,4.983617373146202,4.85768530145006,4.86594295501709,5856000,0.0,0.0
2017-05-05 00:00:00-04:00,4.892781468779731,4.956779763862755,4.868007719263346,4.954715251922607,4682400,0.0,0.0
2017-05-08 00:00:00-04:00,4.9547154893691125,5.05174519261371,4.921684084274551,5.033164978027344,8862800,0.0,0.0
2017-05-09 00:00:00-04:00,5.022841994292679,5.107485005295263,4.97329489471302,5.055873394012451,7800000,0.0,0.0
2017-05-10 00:00:00-04:00,5.066196311761428,5.187999360761543,5.04555158703136,5.150839328765869,9637200,0.0,0.0
2017-05-11 00:00:00-04:00,5.183870204076171,5.225159255575404,5.004261629070241,5.026970863342285,12190800,0.0,0.0
2017-05-12 00:00:00-04:00,5.012520026241483,5.026971214965303,4.909296799625216,4.96090841293335,7281200,0.0,0.0
2017-05-15 00:00:00-04:00,4.983618043009326,5.095099334389044,4.975360388332359,5.029036521911621,8557600,0.0,0.0
2017-05-16 00:00:00-04:00,5.0228425583376435,5.0600029856366895,4.934070513960008,5.0517449378967285,8138800,0.0,0.0
2017-05-17 00:00:00-04:00,5.051744888817243,5.051744888817243,4.903103574830551,4.9216837882995605,8830800,0.0,0.0
2017-05-18 00:00:00-04:00,4.942328391734039,4.965037234707199,4.855620862273253,4.909296989440918,6992800,0.0,0.0
2017-05-19 00:00:00-04:00,4.9134250414680585,5.018712771555059,4.868006967098605,5.0001325607299805,10678400,0.0,0.0
2017-05-22 00:00:00-04:00,5.026972004681971,5.078583626098078,4.962973704380316,4.965037822723389,9823600,0.0,0.0
2017-05-23 00:00:00-04:00,5.03109988201151,5.03109988201151,4.671882732328823,4.678076267242432,22539200,0.0,0.0
2017-05-24 00:00:00-04:00,4.6677549821433,4.721431113543578,4.630594553191923,4.688399314880371,9792400,0.0,0.0
2017-05-25 00:00:00-04:00,4.872136025708427,4.886587213396095,4.692527451017309,4.876265048980713,30954000,0.0,0.0
2017-05-26 00:00:00-04:00,4.566596362731188,4.626465637853261,4.3869877498341365,4.587240695953369,56848000,0.0,0.0
2017-05-30 00:00:00-04:00,4.5789823179837885,4.733817155280272,4.57691780623466,4.659496307373047,22719600,0.0,0.0
2017-05-31 00:00:00-04:00,4.673948204660066,4.68633527703335,4.519113343882736,4.570724964141846,21626000,0.0,0.0
2017-06-01 00:00:00-04:00,4.572788855878877,4.740010372579515,4.564531202515632,4.702850341796875,14764000,0.0,0.0
2017-06-02 00:00:00-04:00,4.6925286049091754,4.702851165628206,4.614079112271688,4.680141925811768,9402000,0.0,0.0
2017-06-05 00:00:00-04:00,4.671742525492546,4.738931567400633,4.6108522059644175,4.720034599304199,7822800,0.095,0.0
2017-06-06 00:00:00-04:00,4.67174285051255,4.694839235454659,4.596154972868053,4.598254680633545,12421600,0.0,0.0
2017-06-07 00:00:00-04:00,4.610852123433499,4.663343611544418,4.583556725826262,4.627649784088135,8619200,0.0,0.0
2017-06-08 00:00:00-04:00,4.650746498034444,4.7095371181378605,4.4785744540267025,4.486973285675049,14475200,0.0,0.0
2017-06-09 00:00:00-04:00,4.4785738502804975,4.638148025782228,4.472274727393407,4.6213507652282715,11822800,0.0,0.0
2017-06-12 00:00:00-04:00,4.606653049433362,4.65074570664923,4.533164886928647,4.558360576629639,13127600,0.0,0.0
2017-06-13 00:00:00-04:00,4.5730587942761,4.654945391262649,4.528965734029142,4.615051746368408,7673600,0.0,0.0
2017-06-14 00:00:00-04:00,4.610852261253116,4.610852261253116,4.461776622791768,4.541563510894775,9924400,0.0,0.0
2017-06-15 00:00:00-04:00,4.5184682290550295,4.545763631714549,4.438680928090256,4.455478191375732,9284400,0.0,0.0
2017-06-16 00:00:00-04:00,4.434481378312518,4.44497951642163,4.304302303176722,4.323199272155762,14732000,0.0,0.0
2017-06-19 00:00:00-04:00,4.335796639172881,4.402985676799311,4.272807016517667,4.367291450500488,8533600,0.0,0.0
2017-06-20 00:00:00-04:00,4.350494101253337,4.3630923459068205,4.29800261663189,4.3336968421936035,7184800,0.0,0.0
2017-06-21 00:00:00-04:00,4.3378970381585065,4.398787363512836,4.260209851198252,4.29590368270874,8776800,0.0,0.0
2017-06-22 00:00:00-04:00,4.3022017351185,4.365191752611519,4.291703599108772,4.312700271606445,16845600,0.0,0.0
2017-06-23 00:00:00-04:00,4.2980033702447304,4.337897017685899,4.253910707661055,4.335797309875488,6991200,0.0,0.0
2017-06-26 00:00:00-04:00,4.33999697288173,4.444979966516529,4.337897264951633,4.436581134796143,9228800,0.0,0.0
2017-06-27 00:00:00-04:00,4.42398251347955,4.514267936281707,4.4176837912699,4.489071846008301,6988800,0.0,0.0
2017-06-28 00:00:00-04:00,4.514267727989565,4.568858920664503,4.499570176207515,4.516367435455322,12645600,0.0,0.0
2017-06-29 00:00:00-04:00,4.5268664204210936,4.573059192365538,4.468076202278455,4.537364959716797,6932800,0.0,0.0
2017-06-30 00:00:00-04:00,4.566760068788116,4.577258207605494,4.491172187772352,4.537364959716797,4604400,0.0,0.0
2017-07-03 00:00:00-04:00,4.570958718703564,4.619250789938135,4.526865662005461,4.535264492034912,5637600,0.0,0.0
2017-07-05 00:00:00-04:00,4.526865572305859,4.558360383335717,4.489071638878728,4.516367435455322,10736800,0.0,0.0
2017-07-06 00:00:00-04:00,4.486972632679411,4.522666861033578,4.423982605918851,4.434481143951416,6033200,0.0,0.0
2017-07-07 00:00:00-04:00,4.440780274523414,4.468076075439046,4.379890350250173,4.390388488769531,7423600,0.0,0.0
2017-07-10 00:00:00-04:00,4.3861894607543945,4.41348526408201,4.365193181860351,4.3861894607543945,6586000,0.0,0.0
2017-07-11 00:00:00-04:00,4.400885581970215,4.42398196180082,4.36939077341462,4.400885581970215,4670800,0.0,0.0
2017-07-12 00:00:00-04:00,4.440780076844877,4.46387646113332,4.405085846798327,4.4071855545043945,4348000,0.0,0.0
2017-07-13 00:00:00-04:00,4.459676458941842,4.499570099151543,4.4176835117805835,4.4428791999816895,6997600,0.0,0.0
2017-07-14 00:00:00-04:00,4.461777130082807,4.476474684787724,4.402986510784812,4.413485050201416,4919600,0.0,0.0
2017-07-17 00:00:00-04:00,4.415584262501651,4.531065379774968,4.405085724263349,4.468075752258301,6917200,0.0,0.0
2017-07-18 00:00:00-04:00,4.489072045196825,4.491171752852632,4.405085741355957,4.428182125091553,4412800,0.0,0.0
2017-07-19 00:00:00-04:00,4.440779952001401,4.507968994793484,4.421882983656343,4.482773303985596,3891600,0.0,0.0
2017-07-20 00:00:00-04:00,4.472274588944894,4.48067341920101,4.430281639099121,4.430281639099121,7422800,0.0,0.0
2017-07-21 00:00:00-04:00,4.438680374439718,4.447079205274018,4.3504946530710615,4.36309289932251,14301600,0.0,0.0
2017-07-24 00:00:00-04:00,4.346295176600919,4.409284799256135,4.335796639172881,4.367291450500488,6337200,0.0,0.0
2017-07-25 00:00:00-04:00,4.407185814272763,4.486973109892954,4.3966876756019415,4.463876724243164,8422000,0.0,0.0
2017-07-26 00:00:00-04:00,4.468076343834608,4.478574482984585,4.398787584201082,4.417684555053711,7079600,0.0,0.0
2017-07-27 00:00:00-04:00,4.428182637810413,4.568859863211592,4.415584790895208,4.556262016296387,15353600,0.0,0.0
2017-07-28 00:00:00-04:00,4.543663506213709,4.562560475733166,4.493271720987925,4.514268398284912,4938800,0.0,0.0
2017-07-31 00:00:00-04:00,4.524766043412044,4.568859100976598,4.495370938687851,4.554161548614502,5477600,0.0,0.0
2017-08-01 00:00:00-04:00,4.554161081236642,4.554161081236642,4.438679580783432,4.484872341156006,12236400,0.0,0.0
2017-08-02 00:00:00-04:00,4.4764740011107325,4.5394640265551125,4.465975863775803,4.489071846008301,4464400,0.0,0.0
2017-08-03 00:00:00-04:00,4.476474542737547,4.58145753070223,4.476474542737547,4.547863006591797,4191600,0.0,0.0
2017-08-04 00:00:00-04:00,4.573058884681976,4.642347637458447,4.554161915699456,4.604553699493408,4544400,0.0,0.0
2017-08-07 00:00:00-04:00,4.606653298597681,4.673842342072131,4.583556914723982,4.654945373535156,5110400,0.0,0.0
2017-08-08 00:00:00-04:00,4.661244892923022,4.696939125363974,4.598254858950464,4.606653690338135,5690000,0.0,0.0
2017-08-09 00:00:00-04:00,4.566760036839126,4.644447625170529,4.539464635817906,4.636048793792725,6014000,0.0,0.0
2017-08-10 00:00:00-04:00,4.600353548167176,4.600353548167176,4.505868718368742,4.507968425750732,6085200,0.0,0.0
2017-08-11 00:00:00-04:00,4.4596771761403,4.583557131072945,4.4239829450499055,4.568859577178955,6477200,0.0,0.0
2017-08-14 00:00:00-04:00,4.6087533113538095,4.617151742104926,4.560460832741207,4.587756633758545,6135600,0.0,0.0
2017-08-15 00:00:00-04:00,4.556261398785039,4.570958951607204,4.363092703525989,4.394587516784668,15553600,0.0,0.0
2017-08-16 00:00:00-04:00,4.434481330999063,4.512168513325526,4.426082500218746,4.491171836853027,9757600,0.0,0.0
2017-08-17 00:00:00-04:00,4.486972541893097,4.547862459336862,4.4092849639371,4.430281639099121,7758400,0.0,0.0
2017-08-18 00:00:00-04:00,4.419783956834301,4.478574578572643,4.402986693548825,4.455478191375732,8494000,0.0,0.0
2017-08-21 00:00:00-04:00,4.442879979911302,4.4848733349225665,4.402986332698432,4.405086040496826,6532400,0.0,0.0
2017-08-22 00:00:00-04:00,4.4344810353846436,4.55416156267788,4.428181912719323,4.543663024902344,9895200,0.0,0.0
2017-08-23 00:00:00-04:00,4.533165278049836,4.5814573545419295,4.453377985996698,4.510068893432617,9731600,0.0,0.0
2017-08-24 00:00:00-04:00,4.566759958605807,4.644447545606342,4.545763280999313,4.57305908203125,16938400,0.0,0.0
2017-08-25 00:00:00-04:00,4.178323418430113,4.186722250857772,3.93056346851134,4.07334041595459,82002800,0.0,0.0
2017-08-28 00:00:00-04:00,4.075439474879734,4.1363297988458605,3.9809546275110224,4.020848274230957,20913600,0.0,0.0
2017-08-29 00:00:00-04:00,3.974655931080924,4.00405103913392,3.913765606710222,3.936861991882324,18670800,0.0,0.0
2017-08-30 00:00:00-04:00,3.9368621700611857,3.9830545420177046,3.9221646153694896,3.945261001586914,8840400,0.0,0.0
2017-08-31 00:00:00-04:00,3.953658836300329,3.962057666559254,3.8780709658830763,3.8843700885772705,10518400,0.0,0.0
2017-09-01 00:00:00-04:00,3.9053671338611324,3.9641573493321305,3.9053671338611324,3.920064687728882,9377200,0.0,0.0
2017-09-05 00:00:00-04:00,3.924264126085567,3.9809546341226376,3.896968325476691,3.9767556190490723,10584000,0.0,0.0
2017-09-06 00:00:00-04:00,3.989353439391384,4.062841609160045,3.9872537316290444,4.060741901397705,11683200,0.0,0.0
2017-09-07 00:00:00-04:00,4.073591948613475,4.142127603136165,4.028615170017507,4.037182331085205,11212000,0.095,0.0
2017-09-08 00:00:00-04:00,4.03718262891281,4.11000186934131,4.013623342743369,4.101434707641602,8876800,0.0,0.0
2017-09-11 00:00:00-04:00,4.114285375471585,4.1656875328304945,4.097151459186878,4.1121439933776855,8818400,0.0,0.0
2017-09-12 00:00:00-04:00,4.124993685332265,4.270632155298002,4.114284734008476,4.182820796966553,13388000,0.0,0.0
2017-09-13 00:00:00-04:00,4.197813299874382,4.292050037520833,4.187104347582308,4.287766456604004,7023600,0.0,0.0
2017-09-14 00:00:00-04:00,4.296333160313063,4.347734905207081,4.259923539950039,4.30061674118042,7686800,0.0,0.0
2017-09-15 00:00:00-04:00,4.298475352357025,4.377719971788003,4.283483226425304,4.3455939292907715,10021600,0.0,0.0
2017-09-18 00:00:00-04:00,4.367010570052738,4.418412314469432,4.304900282071848,4.319892406463623,8383600,0.0,0.0
2017-09-19 00:00:00-04:00,4.319891777614587,4.339167480027967,4.2663482505784645,4.3241753578186035,5441200,0.0,0.0
2017-09-20 00:00:00-04:00,4.311325131940975,4.322034083729569,4.285624464657829,4.304900169372559,4860000,0.0,0.0
2017-09-21 00:00:00-04:00,4.283482743912403,4.3241759443609,4.255640285819061,4.259923458099365,5662000,0.0,0.0
2017-09-22 00:00:00-04:00,4.255640255814891,4.292049875221632,4.253498465437465,4.2856245040893555,4003600,0.0,0.0
2017-09-25 00:00:00-04:00,4.289908507547246,4.384144842411001,4.285624926370316,4.377719879150391,4635200,0.0,0.0
2017-09-26 00:00:00-04:00,4.401278616896186,4.448397191315667,4.356302241500978,4.422696113586426,8520400,0.0,0.0
2017-09-27 00:00:00-04:00,4.45053874800093,4.49123154021911,4.39056984212002,4.465530872344971,8193600,0.0,0.0
2017-09-28 00:00:00-04:00,4.456963760125226,4.482664836789028,4.414129177025229,4.452680587768555,6883600,0.0,0.0
2017-09-29 00:00:00-04:00,4.454821837393909,4.465530789229437,4.394853341133924,4.424837589263916,6262800,0.0,0.0
2017-10-02 00:00:00-04:00,4.42269571505041,4.429121086029913,4.358443639274319,4.384144306182861,6238800,0.0,0.0
2017-10-03 00:00:00-04:00,4.390568993455934,4.392710783448913,4.30275764626719,4.328458309173584,5561200,0.0,0.0
2017-10-04 00:00:00-04:00,4.302758291217389,4.345593280488242,4.289907957838026,4.337026119232178,4735200,0.0,0.0
2017-10-05 00:00:00-04:00,4.347735018163365,4.396995382408269,4.330601102753545,4.394853591918945,4584000,0.0,0.0
2017-10-06 00:00:00-04:00,4.37129424195838,4.388428157120939,4.287766456604004,4.287766456604004,6607200,0.0,0.0
2017-10-09 00:00:00-04:00,4.298474587915914,4.337025995458522,4.281340674397501,4.315608501434326,7199600,0.0,0.0
2017-10-10 00:00:00-04:00,4.3241759379873095,4.345593433376253,4.272774194156694,4.332742691040039,7053200,0.0,0.0
2017-10-11 00:00:00-04:00,4.330600598624958,4.330600598624958,4.167828216927742,4.195671081542969,9236000,0.0,0.0
2017-10-12 00:00:00-04:00,4.195670641054162,4.217088132700854,4.1378435361594965,4.176394939422607,7103200,0.0,0.0
2017-10-13 00:00:00-04:00,4.20637952786404,4.234222391841347,4.178537072391442,4.221371650695801,4371600,0.0,0.0
2017-10-16 00:00:00-04:00,4.217088653289369,4.219230443568904,4.112143380620503,4.1571197509765625,6058800,0.0,0.0
2017-10-17 00:00:00-04:00,4.16782832968469,4.219230479825794,4.1442694534168085,4.210663318634033,5004400,0.0,0.0
2017-10-18 00:00:00-04:00,4.223513910336071,4.302758522189582,4.202096823055707,4.294191360473633,7648800,0.0,0.0
2017-10-19 00:00:00-04:00,4.285624607262438,4.315608856258751,4.268490692335295,4.294191360473633,5086400,0.0,0.0
2017-10-20 00:00:00-04:00,4.3113250732421875,4.352018272475327,4.292049777294633,4.3113250732421875,6760800,0.0,0.0
2017-10-23 00:00:00-04:00,4.3134668439800645,4.401278204528467,4.3134668439800645,4.343451499938965,6814400,0.0,0.0
2017-10-24 00:00:00-04:00,4.373436501150013,4.386286836773007,4.27063299915646,4.274916172027588,6804800,0.0,0.0
2017-10-25 00:00:00-04:00,4.274916093588797,4.283483256183466,4.142128341409796,4.199955463409424,10313600,0.0,0.0
2017-10-26 00:00:00-04:00,4.18710412164104,4.227797321145546,4.12713562606044,4.178537368774414,8568400,0.0,0.0
2017-10-27 00:00:00-04:00,4.15497832502191,4.165687277358589,4.052174833618363,4.142127990722656,8920800,0.0,0.0
2017-10-30 00:00:00-04:00,4.161403514958692,4.169970267949704,3.9836389989691705,4.02004861831665,9008000,0.0,0.0
2017-10-31 00:00:00-04:00,4.0457490077314855,4.077875452627791,3.981496934948306,4.0029144287109375,8775600,0.0,0.0
2017-11-01 00:00:00-04:00,3.9986311259699723,4.058600030969353,3.9686468777226547,3.9836390018463135,9954800,0.0,0.0
2017-11-02 00:00:00-04:00,3.983638802052416,3.983638802052416,3.9022524058847408,3.9643630981445312,11618400,0.0,0.0
2017-11-03 00:00:00-04:00,3.962221681221352,3.9729302250659915,3.876552104949951,3.876552104949951,8081600,0.0,0.0
2017-11-06 00:00:00-05:00,3.8701268564962428,3.9001111070176577,3.793024031150004,3.818725109100342,12196000,0.0,0.0
2017-11-07 00:00:00-05:00,3.829433320455449,3.8529926058202393,3.6559523870090356,3.6645195484161377,11377600,0.0,0.0
2017-11-08 00:00:00-05:00,3.677369604709975,3.7030706784884115,3.6366764081044134,3.6837949752807617,8921600,0.0,0.0
2017-11-09 00:00:00-05:00,3.670944717519886,3.852992822616708,3.6645197546077863,3.7608978748321533,11451600,0.0,0.0
2017-11-10 00:00:00-05:00,3.730913173121689,3.730913173121689,3.473904066657932,3.518880844116211,23149600,0.0,0.0
2017-11-13 00:00:00-05:00,3.5188808931347166,3.606692250557037,3.4075102515486995,3.469620943069458,17498800,0.0,0.0
2017-11-14 00:00:00-05:00,3.44820352487156,3.5081720189619356,3.394659993145308,3.4674792289733887,14071200,0.0,0.0
2017-11-15 00:00:00-05:00,3.443920098892278,3.533873252570629,3.3946601455339476,3.426786184310913,15286000,0.0,0.0
2017-11-16 00:00:00-05:00,3.4289281320762903,3.5959841132906267,3.4289281320762903,3.4653377532958984,19420400,0.0,0.0
2017-11-17 00:00:00-05:00,3.4931797981262207,3.551006908820758,3.4589119714564323,3.4931797981262207,12778000,0.0,0.0
2017-11-20 00:00:00-05:00,3.51245515970802,3.525305491331865,3.4332109714388515,3.521022319793701,15186800,0.0,0.0
2017-11-21 00:00:00-05:00,3.53387350225245,3.595984202313725,3.4824717548766237,3.5831334590911865,37409600,0.0,0.0
2017-11-22 00:00:00-05:00,3.8230083148692002,4.005056407673398,3.7052122978760207,3.7202048301696777,80569600,0.0,0.0
2017-11-24 00:00:00-05:00,3.733055429548836,3.8936860390233656,3.715921514211743,3.7309136390686035,25896800,0.0,0.0
2017-11-27 00:00:00-05:00,3.7673231199283004,3.895827684423381,3.7673231199283004,3.8915441036224365,23387200,0.0,0.0
2017-11-28 00:00:00-05:00,3.891543632197776,4.082158461196319,3.891543632197776,4.073591709136963,23533600,0.0,0.0
2017-11-29 00:00:00-05:00,4.088583909165094,4.217088460530301,4.082158538620186,4.180678844451904,25909200,0.0,0.0
2017-11-30 00:00:00-05:00,4.198153532472983,4.2243648730102,4.084572167785373,4.095493316650391,20098800,0.095,0.0
2017-12-01 00:00:00-05:00,4.091123894335665,4.185047256112012,4.036517327406631,4.099861145019531,15327600,0.0,0.0
2017-12-04 00:00:00-05:00,4.158837433033716,4.3379469530931445,4.14791586680134,4.237470626831055,17445200,0.0,0.0
2017-12-05 00:00:00-05:00,4.265866346310677,4.292077272430638,4.139179092423776,4.209075450897217,12323600,0.0,0.0
2017-12-06 00:00:00-05:00,4.209074551800476,4.2265486376862125,4.134809582632331,4.152283668518066,9721200,0.0,0.0
2017-12-07 00:00:00-05:00,4.147915661420125,4.1828638384029855,4.064913845239614,4.069282054901123,13109200,0.0,0.0
2017-12-08 00:00:00-05:00,4.123888423559978,4.2331015752249845,4.078019099835929,4.193785190582275,12568400,0.0,0.0
2017-12-11 00:00:00-05:00,4.211259278150069,4.228733365751725,4.078019099803003,4.165389537811279,14610000,0.0,0.0
2017-12-12 00:00:00-05:00,4.182863460209243,4.2156273210914375,4.141362347563746,4.174126625061035,10131600,0.0,0.0
2017-12-13 00:00:00-05:00,4.171942520215784,4.18504798189934,4.064913680467322,4.078019142150879,12346400,0.0,0.0
2017-12-14 00:00:00-05:00,4.108598514394408,4.1348098532460185,4.0059383051737205,4.014675140380859,11272400,0.0,0.0
2017-12-15 00:00:00-05:00,4.0277807646973125,4.058360310920962,3.9688055684530696,4.0059380531311035,15500800,0.0,0.0
2017-12-18 00:00:00-05:00,4.0299649563357915,4.095492672448952,4.019043392573559,4.075834274291992,12825600,0.0,0.0
2017-12-19 00:00:00-05:00,4.084572469370822,4.10641476871359,4.012491798340285,4.016860008239746,9014800,0.0,0.0
2017-12-20 00:00:00-05:00,4.0474392361900335,4.0692815315337425,3.977542474598896,3.9862797260284424,9218000,0.0,0.0
2017-12-21 00:00:00-05:00,3.9950172260332497,4.034333610067291,3.933857712066233,4.029965400695801,11448400,0.0,0.0
2017-12-22 00:00:00-05:00,4.0299652248342435,4.047439311402976,3.986279800104868,3.9950170516967773,8341600,0.0,0.0
2017-12-26 00:00:00-05:00,3.9950171579633946,4.189416428288414,3.9906485320512353,4.0430707931518555,12936800,0.0,0.0
2017-12-27 00:00:00-05:00,4.04307061047526,4.056176071004502,3.975358578356588,3.9862797260284424,7350400,0.0,0.0
2017-12-28 00:00:00-05:00,3.990648502732735,3.992832815672767,3.936041929077219,3.9688057899475098,7757600,0.0,0.0
2017-12-29 00:00:00-05:00,3.9819106584145545,4.003753367949312,3.9185672590402945,3.9207515716552734,8255600,0.0,0.0
2018-01-02 00:00:00-05:00,3.9229362143911137,3.9950172945610474,3.8836198296826656,3.98846435546875,11330800,0.0,0.0
2018-01-03 00:00:00-05:00,3.995017124418671,4.012491211305488,3.914199212182712,3.975358724594116,15156800,0.0,0.0
2018-01-04 00:00:00-05:00,3.9753592989523416,4.014675687666773,3.9229366141027913,4.001570224761963,11125200,0.0,0.0
2018-01-05 00:00:00-05:00,4.014674921093219,4.091124203901617,3.979726748943392,4.080203056335449,12076000,0.0,0.0
2018-01-08 00:00:00-05:00,4.106414505834508,4.237470376577125,4.106414505834508,4.200337886810303,14673600,0.0,0.0
2018-01-09 00:00:00-05:00,4.217811373635913,4.313919054023335,4.217811373635913,4.270233631134033,14650400,0.0,0.0
2018-01-10 00:00:00-05:00,4.2352859321447625,4.351052024090858,4.222180470461374,4.2986297607421875,16051200,0.0,0.0
2018-01-11 00:00:00-05:00,4.351052058999337,4.436238185547487,4.318288196220443,4.35978889465332,16852400,0.0,0.0
2018-01-12 00:00:00-05:00,4.040886409657886,4.0496236613296865,3.8508553519471183,3.879251003265381,61783200,0.0,0.0
2018-01-16 00:00:00-05:00,3.9316730415386303,3.9928325499439885,3.721984012631802,3.748194932937622,31410000,0.0,0.0
2018-01-17 00:00:00-05:00,3.765669757440264,3.8683299792392063,3.750379981493097,3.822460651397705,17038800,0.0,0.0
2018-01-18 00:00:00-05:00,3.815907417140995,3.9163837345751498,3.759116527567797,3.9010939598083496,17062800,0.0,0.0
2018-01-19 00:00:00-05:00,3.907645734017143,3.9709895506232633,3.877066190339726,3.9600679874420166,12776000,0.0,0.0
2018-01-22 00:00:00-05:00,3.979727052691154,3.9906486177059715,3.815907327004851,3.833381414413452,20939200,0.0,0.0
2018-01-23 00:00:00-05:00,3.8268283150677007,3.8377494618208847,3.750379037950284,3.800616979598999,14514000,0.0,0.0
2018-01-24 00:00:00-05:00,3.8006175808825136,3.8115391459786068,3.654271941515742,3.708878517150879,16295600,0.0,0.0
2018-01-25 00:00:00-05:00,3.7088780182838583,3.7219838946363484,3.6280605305187685,3.6782984733581543,10807200,0.0,0.0
2018-01-26 00:00:00-05:00,3.682667444468346,3.732905392023123,3.628060871052695,3.7263524532318115,13395200,0.0,0.0
2018-01-29 00:00:00-05:00,3.7241683050972245,3.756932583888521,3.6695617292652116,3.7460110187530518,12618800,0.0,0.0
2018-01-30 00:00:00-05:00,3.7307209186714725,3.7613004651524853,3.6826672861134417,3.728536605834961,7544000,0.0,0.0
2018-01-31 00:00:00-05:00,3.743826435358336,3.7722220860447986,3.6477191687974444,3.671745777130127,10996800,0.0,0.0
2018-02-01 00:00:00-05:00,3.647719309385555,3.7154313444847795,3.619323657604685,3.638982057571411,11748400,0.0,0.0
2018-02-02 00:00:00-05:00,3.6171391458913296,3.638981857611346,3.542874176012316,3.545058488845825,13014000,0.0,0.0
2018-02-05 00:00:00-05:00,3.5254002737101584,3.5428743606739412,3.4161873343402904,3.4183714389801025,16524400,0.0,0.0
2018-02-06 00:00:00-05:00,3.3550277151035512,3.5778224209695773,3.298237038428708,3.525400161743164,19848800,0.0,0.0
2018-02-07 00:00:00-05:00,3.529768742040587,3.6411661976927254,3.5275844291907323,3.5974807739257812,17654000,0.0,0.0
2018-02-08 00:00:00-05:00,3.593112573912801,3.6149548692363416,3.442398319812915,3.457688093185425,17146800,0.0,0.0
2018-02-09 00:00:00-05:00,3.4904519849850564,3.566901269167925,3.4227399523042674,3.5319530963897705,22563600,0.0,0.0
2018-02-12 00:00:00-05:00,3.558164436542963,3.566901271435515,3.411818598403208,3.4511353969573975,9727200,0.0,0.0
2018-02-13 00:00:00-05:00,3.442398214042196,3.464240717002146,3.3834230186045127,3.4030814170837402,9855600,0.0,0.0
2018-02-14 00:00:00-05:00,3.4030816414964087,3.5821911357938365,3.3921602851424697,3.542874336242676,12863600,0.0,0.0
2018-02-15 00:00:00-05:00,3.56034835628039,3.604033780876441,3.5472428955476083,3.5843753814697266,9052400,0.0,0.0
2018-02-16 00:00:00-05:00,3.6084023279569557,3.706693906231627,3.5494271310231076,3.582190990447998,10824400,0.0,0.0
2018-02-20 00:00:00-05:00,3.56034826272269,3.564716888390515,3.446766703357227,3.464240789413452,9959200,0.0,0.0
2018-02-21 00:00:00-05:00,3.4729778155628277,3.540689846624734,3.4205555576489255,3.4271082878112793,12124800,0.0,0.0
2018-02-22 00:00:00-05:00,3.453319855939022,3.479530986648254,3.400897386213008,3.411818742752075,9808800,0.0,0.0
2018-02-23 00:00:00-05:00,3.4489513355572163,3.492636554742944,3.4227402040457795,3.4882681369781494,10321200,0.0,0.0
2018-02-26 00:00:00-05:00,3.494820682539018,3.516663395127905,3.4598725090428353,3.5122947692871094,11084800,0.0,0.0
2018-02-27 00:00:00-05:00,3.5166633480203817,3.6236921799956217,3.400897264480591,3.400897264480591,17896000,0.0,0.0
2018-02-28 00:00:00-05:00,3.4183712448256287,3.4838991713717746,3.4030814716776248,3.4271082878112793,18948000,0.0,0.0
2018-03-01 00:00:00-05:00,3.4489513355572163,3.5450588177658173,3.4423986047562463,3.4882681369781494,12530000,0.0,0.0
2018-03-02 00:00:00-05:00,3.4815556085095176,3.577768115804055,3.441280476432522,3.564343214035034,14215600,0.095,0.0
2018-03-05 00:00:00-05:00,3.5509180426844944,3.604618289065621,3.508405569908772,3.5911929607391357,16944400,0.0,0.0
2018-03-06 00:00:00-05:00,3.591192726110533,3.618042954239333,3.5352553554328887,3.593430280685425,10670400,0.0,0.0
2018-03-07 00:00:00-05:00,3.5464427073038847,3.6180427424291572,3.544205152859986,3.566580057144165,11957600,0.0,0.0
2018-03-08 00:00:00-05:00,3.568817939010389,3.5911928453473614,3.4636552177332556,3.499455451965332,11897600,0.0,0.0
2018-03-09 00:00:00-05:00,3.510642751778442,3.5553929906274857,3.4703678355532372,3.546442985534668,15879600,0.0,0.0
2018-03-12 00:00:00-04:00,3.5464428066019695,3.582242825166983,3.4681301059522953,3.4793176651000977,15514400,0.0,0.0
2018-03-13 00:00:00-04:00,3.497217886154813,3.5822430420878457,3.486030326329554,3.4927427768707275,11566000,0.0,0.0
2018-03-14 00:00:00-04:00,3.5173554962002926,3.539730402752349,3.4524679044449003,3.4591803550720215,10072400,0.0,0.0
2018-03-15 00:00:00-04:00,3.4681301642693065,3.494980178644553,3.4144301355188142,3.4256176948547363,7468000,0.0,0.0
2018-03-16 00:00:00-04:00,3.4323301122006376,3.503930149848283,3.4278550031551878,3.450230121612549,20336000,0.0,0.0
2018-03-19 00:00:00-04:00,3.4099553843157158,3.4479929620190446,3.302555315542765,3.3137428760528564,15904400,0.0,0.0
2018-03-20 00:00:00-04:00,3.3159798093209276,3.345067377713122,3.2108173082702365,3.2376673221588135,17136000,0.0,0.0
2018-03-21 00:00:00-04:00,3.201867407356265,3.2331923178818167,3.1347422637680196,3.136979818344116,17644800,0.0,0.0
2018-03-22 00:00:00-04:00,3.119079623492029,3.1526423022839185,3.0407671330808554,3.0944671630859375,17769200,0.0,0.0
2018-03-23 00:00:00-04:00,3.1146048059569726,3.119079701877379,3.0183920897412393,3.020629644393921,15245600,0.0,0.0
2018-03-26 00:00:00-04:00,3.065379548570318,3.1526422560886402,3.04076708852487,3.1414546966552734,20062800,0.0,0.0
2018-03-27 00:00:00-04:00,3.1481671868147307,3.1794923109477202,3.0810422561346757,3.105654716491699,17923600,0.0,0.0
2018-03-28 00:00:00-04:00,3.1325046588508054,3.2018673559004496,3.0899921895129205,3.166067123413086,30536000,0.0,0.0
2018-03-29 00:00:00-04:00,2.83044148815123,2.908754186210882,2.7297538859209176,2.8237290382385254,101847200,0.0,0.0
2018-04-02 00:00:00-04:00,2.7991169995452623,2.9714046623833457,2.7968794447770486,2.8684794902801514,44520000,0.0,0.0
2018-04-03 00:00:00-04:00,2.8282043088454127,2.937841921691027,2.8192543039883207,2.910991907119751,22988800,0.0,0.0
2018-04-04 00:00:00-04:00,2.8684793813223464,3.016154576255609,2.843866919961789,2.9848296642303467,25535200,0.0,0.0
2018-04-05 00:00:00-04:00,2.9870671754257763,3.049717211949157,2.9691671649905245,3.034054756164551,20562400,0.0,0.0
2018-04-06 00:00:00-04:00,3.002729658006389,3.056429689791357,2.962454527475184,3.004967212677002,16953200,0.0,0.0
2018-04-09 00:00:00-04:00,3.0228671916057053,3.0788047774753076,3.0049671811982286,3.0161545276641846,22814400,0.0,0.0
2018-04-10 00:00:00-04:00,3.0609047412872314,3.101179657672358,3.0228671661454785,3.0609047412872314,23154400,0.0,0.0
2018-04-11 00:00:00-04:00,3.0474795871937688,3.1280296322994143,3.0430046913803754,3.0967047214508057,17136000,0.0,0.0
2018-04-12 00:00:00-04:00,3.101179421688674,3.103416976146735,3.013916931673661,3.0497169494628906,12457600,0.0,0.0
2018-04-13 00:00:00-04:00,3.0720918460061837,3.1190794225802194,3.0318169327891087,3.0452418327331543,12754800,0.0,0.0
2018-04-16 00:00:00-04:00,3.0720920612867766,3.1101296361019988,3.0430047049080327,3.0899922847747803,12910800,0.0,0.0
2018-04-17 00:00:00-04:00,3.1078924813155244,3.17278007517783,3.096704920983755,3.119079828262329,17155600,0.0,0.0
2018-04-18 00:00:00-04:00,3.1302669758538144,3.139216980262137,3.0430044862189,3.056429386138916,14293200,0.0,0.0
2018-04-19 00:00:00-04:00,3.05642943191085,3.083279445537914,3.009441854717252,3.025104522705078,10029600,0.0,0.0
2018-04-20 00:00:00-04:00,3.0139168471477884,3.0295793011450853,2.866241671216326,2.881904125213623,24803200,0.0,0.0
2018-04-23 00:00:00-04:00,2.886379182040627,2.987067001611184,2.886379182040627,2.9535043239593506,14771600,0.0,0.0
2018-04-24 00:00:00-04:00,2.9736418438358165,3.0519545438120597,2.9356042710913486,3.0004918575286865,14454400,0.0,0.0
2018-04-25 00:00:00-04:00,2.9870669517750255,3.049716983607609,2.9736418382612877,3.0116794109344482,14588400,0.0,0.0
2018-04-26 00:00:00-04:00,3.043004727313112,3.1056547631350715,3.009442048084061,3.0586671829223633,12848000,0.0,0.0
2018-04-27 00:00:00-04:00,3.0609046841289165,3.112367159309734,3.0430046742064625,3.101179599761963,10002400,0.0,0.0
2018-04-30 00:00:00-04:00,3.125792564349532,3.132505015348917,3.034054951613052,3.054192304611206,12607600,0.0,0.0
2018-05-01 00:00:00-04:00,3.0385295858743153,3.1078922848382877,3.0139171254083643,3.098942279815674,9638800,0.0,0.0
2018-05-02 00:00:00-04:00,3.101179698095838,3.1034172527533324,2.987067184568091,3.009442090988159,12727200,0.0,0.0
2018-05-03 00:00:00-04:00,3.002729543362995,3.0183919986893826,2.8640043598558385,2.8707168102264404,20365600,0.0,0.0
2018-05-04 00:00:00-04:00,2.870716774815754,2.9266543584456555,2.850579210567398,2.908754348754883,19612400,0.0,0.0
2018-05-07 00:00:00-04:00,2.913229491425856,2.9154668326242623,2.8595292483500483,2.8841419219970703,12474000,0.0,0.0
2018-05-08 00:00:00-04:00,2.872954374765277,2.895329280539787,2.808066785264782,2.861766815185547,15356000,0.0,0.0
2018-05-09 00:00:00-04:00,2.8684792434752295,2.8998043673800966,2.8214916643104035,2.893091917037964,15011600,0.0,0.0
2018-05-10 00:00:00-04:00,2.899804330370844,2.9535043591924466,2.8819043207636432,2.915466785430908,12474000,0.0,0.0
2018-05-11 00:00:00-04:00,2.819254128208991,2.872954154003369,2.790166560890803,2.8438665866851807,22029600,0.0,0.0
2018-05-14 00:00:00-04:00,2.8393918303232857,3.0161545972116865,2.821491819503065,2.9669296741485596,23629600,0.0,0.0
2018-05-15 00:00:00-04:00,2.9646920620273716,3.04524210915821,2.960216952716513,3.022867202758789,15160800,0.0,0.0
2018-05-16 00:00:00-04:00,3.0765672238329898,3.105654794100878,2.9825920624705673,3.0318171977996826,26954000,0.0,0.0
2018-05-17 00:00:00-04:00,3.0206296141084983,3.081042308815446,3.016154504848004,3.0474796295166016,11648000,0.0,0.0
2018-05-18 00:00:00-04:00,3.0273420964378888,3.0273420964378888,2.743179270342943,2.7879292964935303,40947600,0.0,0.0
2018-05-21 00:00:00-04:00,2.801354331175729,2.8841419305406095,2.794641667405775,2.8595292568206787,20262800,0.0,0.0
2018-05-22 00:00:00-04:00,2.8595292906893603,2.8886168605488276,2.805829260203399,2.834916830062866,18169600,0.0,0.0
2018-05-23 00:00:00-04:00,2.8058292540007144,2.852816833918296,2.783454134655217,2.846104383468628,12640400,0.0,0.0
2018-05-24 00:00:00-04:00,2.8147792417550703,2.8595292667859638,2.785691672138752,2.850579261779785,12308000,0.0,0.0
2018-05-25 00:00:00-04:00,2.85505439484134,2.8640043999223335,2.8147792652843924,2.834916830062866,9776000,0.0,0.0
2018-05-29 00:00:00-04:00,2.814779185404636,2.9333668027086772,2.8080667351306197,2.9199419021606445,16962800,0.0,0.0
2018-05-30 00:00:00-04:00,2.9311296120202663,3.0430047847937884,2.8841420309199886,3.002729654312134,19965200,0.0,0.0
2018-05-31 00:00:00-04:00,3.0161543568371854,3.040767029792186,2.9020418502987932,2.9535043239593506,25956800,0.0,0.0
2018-06-01 00:00:00-04:00,2.8640044056673934,3.069854736328125,2.8617668510464185,3.069854736328125,103296000,0.0,0.0
2018-06-04 00:00:00-04:00,3.0855170652823443,3.188442226388892,3.0072043638416215,3.186204671859741,29186400,0.0,0.0
2018-06-05 00:00:00-04:00,3.1862046112097775,3.2779422113092744,3.1325045838420142,3.2667548656463623,22786000,0.0,0.0
2018-06-06 00:00:00-04:00,3.2846551483581,3.286892489646073,3.188442431271629,3.226480007171631,20594400,0.0,0.0
2018-06-07 00:00:00-04:00,3.2443799935447633,3.2779424598481404,3.2152924231688567,3.24214243888855,12854000,0.0,0.0
2018-06-08 00:00:00-04:00,3.2510921955108643,3.271229759106913,3.224242181844446,3.2510921955108643,20124000,0.0,0.0
2018-06-11 00:00:00-04:00,3.2510923124170685,3.292449034972973,3.2304141702545452,3.2832586765289307,18871200,0.095,0.0
2018-06-12 00:00:00-04:00,3.2901513767563113,3.301639379541943,3.228116512298584,3.228116512298584,13536400,0.0,0.0
2018-06-13 00:00:00-04:00,3.2097357318769424,3.2097357318769424,2.9983572736259725,3.062689781188965,35296400,0.0,0.0
2018-06-14 00:00:00-04:00,3.05579728324402,3.0603923531226696,2.9179416810375014,2.9524056911468506,30128800,0.0,0.0
2018-06-15 00:00:00-04:00,2.931727252410687,3.299341816843995,2.931727252410687,3.2074382305145264,52570800,0.0,0.0
2018-06-18 00:00:00-04:00,3.2051406262774345,3.625599922460311,3.07188031487059,3.492339611053467,95155600,0.0,0.0
2018-06-19 00:00:00-04:00,3.52680359325608,3.62100482447123,3.4693637967477753,3.6187071800231934,40562400,0.0,0.0
2018-06-20 00:00:00-04:00,3.625599932127969,3.632492865544088,3.5199106966839513,3.6095168590545654,20656800,0.0,0.0
2018-06-21 00:00:00-04:00,3.632492786186916,3.671551645781107,3.5589696984959263,3.568160057067871,14252400,0.0,0.0
2018-06-22 00:00:00-04:00,3.572755130956469,3.604921274465281,3.471660973631983,3.5658624172210693,38308800,0.0,0.0
2018-06-25 00:00:00-04:00,3.540588887878397,3.611814329267149,3.43260201317239,3.47166109085083,10738800,0.0,0.0
2018-06-26 00:00:00-04:00,3.4900417080645787,3.492339352360295,3.3751621226638098,3.4394948482513428,10790000,0.0,0.0
2018-06-27 00:00:00-04:00,3.4463876646802807,3.485446742409225,3.349888792539999,3.3544840812683105,9022800,0.0,0.0
2018-06-28 00:00:00-04:00,3.352186414166694,3.4211142108158565,3.3292104089118317,3.418816566467285,7620800,0.0,0.0
2018-06-29 00:00:00-04:00,3.444090279550163,3.4624709976160597,3.3338059711547836,3.3475914001464844,13604400,0.0,0.0
2018-07-02 00:00:00-04:00,3.3521863492796107,3.3774597792784102,3.223521116750673,3.253389835357666,14893200,0.0,0.0
2018-07-03 00:00:00-04:00,3.2556875875148434,3.2878539514915275,3.216628509512952,3.228116512298584,5157200,0.0,0.0
2018-07-05 00:00:00-04:00,3.2350091720972665,3.3774598345511735,3.225818813845899,3.3613767623901367,18887200,0.0,0.0
2018-07-06 00:00:00-04:00,3.370567113051396,3.4992321282808017,3.363674399157248,3.480851411819458,16204400,0.0,0.0
2018-07-09 00:00:00-04:00,3.577350242163622,3.591135888910749,3.485446660900849,3.5543744564056396,15678000,0.0,0.0
2018-07-10 00:00:00-04:00,3.5681599526871017,3.5704575970417323,3.4027335032313815,3.4142212867736816,11666800,0.0,0.0
2018-07-11 00:00:00-04:00,3.3935430554233794,3.4073284829567188,3.3223176161163948,3.377459764480591,9150800,0.0,0.0
2018-07-12 00:00:00-04:00,3.3889481266272186,3.473959002492828,3.3866504820892565,3.4670662879943848,7703600,0.0,0.0
2018-07-13 00:00:00-04:00,3.4440903326149623,3.5520772172524944,3.4440903326149623,3.5107204914093018,9328800,0.0,0.0
2018-07-16 00:00:00-04:00,3.5084226547290265,3.533696084717868,3.460173219939114,3.496934652328491,7226000,0.0,0.0
2018-07-17 00:00:00-04:00,3.4854469998760567,3.5428867985304207,3.3406986809732055,3.349889039993286,12180400,0.0,0.0
2018-07-18 00:00:00-04:00,3.3544843290610475,3.3659721134995664,3.2901515968050408,3.349889039993286,8198800,0.0,0.0
2018-07-19 00:00:00-04:00,3.3498887333581244,3.453280317648847,3.331508017000459,3.428006887435913,6913600,0.0,0.0
2018-07-20 00:00:00-04:00,3.42570933168028,3.4946371293612883,3.418816617646808,3.464768409729004,8591600,0.0,0.0
2018-07-23 00:00:00-04:00,3.4578756393811534,3.46706599764792,3.3958405567439103,3.421114206314087,7335200,0.0,0.0
2018-07-24 00:00:00-04:00,3.4417924373623077,3.4417924373623077,3.3682695693208964,3.395840644836426,6170400,0.0,0.0
2018-07-25 00:00:00-04:00,3.3751623034451925,3.3774599478639757,3.2740683592884787,3.333805799484253,13380000,0.0,0.0
2018-07-26 00:00:00-04:00,3.333805766307303,3.455578070790364,3.331508121911385,3.402733564376831,6756800,0.0,0.0
2018-07-27 00:00:00-04:00,3.425709562139849,3.439495210249631,3.3429963308274853,3.4073288440704346,5658000,0.0,0.0
2018-07-30 00:00:00-04:00,3.4188164853114476,3.441792270905486,3.3521863345925227,3.377459764480591,6311200,0.0,0.0
2018-07-31 00:00:00-04:00,3.382055079294102,3.384352504490527,3.3108296394348145,3.3108296394348145,11030000,0.0,0.0
2018-08-01 00:00:00-04:00,3.3131274594988303,3.418816693180647,3.3085321706313704,3.384352684020996,8318800,0.0,0.0
2018-08-02 00:00:00-04:00,3.3567814781985623,3.3958405555979962,3.310829686880236,3.359079122543335,10116400,0.0,0.0
2018-08-03 00:00:00-04:00,3.3751622327611006,3.4234116689679297,3.354484090771397,3.411923885345459,10228800,0.0,0.0
2018-08-06 00:00:00-04:00,3.4188165754829423,3.4417923616829684,3.386650211864395,3.4142212867736816,8300000,0.0,0.0
2018-08-07 00:00:00-04:00,3.4280071743756744,3.4969349760442,3.405031167447685,3.473958969116211,7813600,0.0,0.0
2018-08-08 00:00:00-04:00,3.473958615133612,3.519910405191844,3.4486851853804392,3.5038273334503174,8715600,0.0,0.0
2018-08-09 00:00:00-04:00,3.5038273705907534,3.5520768054421934,3.441792289018007,3.4946370124816895,9370800,0.0,0.0
2018-08-10 00:00:00-04:00,3.4877444289340422,3.584243302240825,3.469363712029458,3.5199105739593506,9665600,0.0,0.0
2018-08-13 00:00:00-04:00,3.526803375421123,3.533696089224066,3.4716610076513192,3.4946370124816895,8403600,0.0,0.0
2018-08-14 00:00:00-04:00,3.508422868446125,3.5773504488172496,3.4923395764594862,3.561267375946045,7813600,0.0,0.0
2018-08-15 00:00:00-04:00,3.552077092861498,3.5612674517142078,3.4900420062691304,3.542886734008789,8390400,0.0,0.0
2018-08-16 00:00:00-04:00,3.570457517107245,3.5750528057136273,3.496934652328491,3.496934652328491,6878800,0.0,0.0
2018-08-17 00:00:00-04:00,3.4854467800444215,3.5268035025840834,3.4440900575047593,3.5222082138061523,6533200,0.0,0.0
2018-08-20 00:00:00-04:00,3.5382912950491825,3.67155160232276,3.526803511306801,3.6416831016540527,14427600,0.0,0.0
2018-08-21 00:00:00-04:00,3.6761470030278147,3.807109669893741,3.6370879235914093,3.788728952407837,20772800,0.0,0.0
2018-08-22 00:00:00-04:00,3.800217425408328,3.9679415383098147,3.7933244915598516,3.901311159133911,26422400,0.0,0.0
2018-08-23 00:00:00-04:00,3.9013108996797943,3.9541554076443557,3.818597890153356,3.850764036178589,14334000,0.0,0.0
2018-08-24 00:00:00-04:00,3.8507639711048447,3.8691446882702025,3.722098950947339,3.8025143146514893,18102400,0.0,0.0
2018-08-27 00:00:00-04:00,3.7841333775814876,3.791026310454507,3.3429959721329676,3.3797574043273926,58779600,0.0,0.0
2018-08-28 00:00:00-04:00,3.379757545051994,3.3889479034832632,3.216628518560386,3.2235212326049805,27288000,0.0,0.0
2018-08-29 00:00:00-04:00,3.2487948030498277,3.285556235874452,3.159188646203238,3.244199514389038,16398400,0.0,0.0
2018-08-30 00:00:00-04:00,3.214331057764492,3.214331057764492,3.1063443948081293,3.1201298236846924,15733600,0.0,0.0
2018-08-31 00:00:00-04:00,3.1270223559645975,3.1316176447327235,3.028226057719603,3.0489044189453125,14896000,0.0,0.0
2018-09-04 00:00:00-04:00,3.0259284082639186,3.239604515084216,3.0052500470728667,3.228116512298584,23744000,0.0,0.0
2018-09-05 00:00:00-04:00,3.2097358992889227,3.7979195136036297,3.207438254834406,3.735884428024292,69886400,0.0,0.0
2018-09-06 00:00:00-04:00,3.710610632646223,3.733586638065102,3.4647683825951807,3.70831298828125,27108800,0.0,0.0
2018-09-07 00:00:00-04:00,3.503827464609694,3.7634551429362464,3.391245519973872,3.7060153484344482,27182400,0.0,0.0
2018-09-10 00:00:00-04:00,3.7129084188828756,3.756562787023711,3.6462782635606743,3.676146984100342,10910800,0.0,0.0
2018-09-11 00:00:00-04:00,3.6761470707444586,3.814002673543552,3.6761470707444586,3.7129085063934326,11164000,0.0,0.0
2018-09-12 00:00:00-04:00,3.7152061627352526,3.850764121459249,3.7152061627352526,3.8277881145477295,13583200,0.0,0.0
2018-09-13 00:00:00-04:00,3.839275573525786,3.9150965213775635,3.81630000679223,3.9150965213775635,14758000,0.0,0.0
2018-09-14 00:00:00-04:00,3.8990132412183014,3.905906174583621,3.784133647848195,3.857656955718994,12021600,0.0,0.0
2018-09-17 00:00:00-04:00,3.928180225923444,3.963442527545195,3.8788137210590574,3.904672622680664,8928000,0.095,0.0
2018-09-18 00:00:00-04:00,3.860007391860563,3.9211281470801844,3.8435518901435097,3.8788137435913086,7147200,0.0,0.0
2018-09-19 00:00:00-04:00,3.878814000593576,3.9493377121619297,3.8670601981251247,3.9023220539093018,7192800,0.0,0.0
2018-09-20 00:00:00-04:00,3.9023220784678654,3.951688587200628,3.8670602224617743,3.8764631748199463,6416400,0.0,0.0
2018-09-21 00:00:00-04:00,3.867060094025385,3.9375838036952686,3.8623583938130435,3.8835155963897705,12163600,0.0,0.0
2018-09-24 00:00:00-04:00,3.8600076528597866,3.8600076528597866,3.6413835189705814,3.6484360694885254,14310800,0.0,0.0
2018-09-25 00:00:00-04:00,3.676645429004084,3.7824312157987587,3.596718320344739,3.7659757137298584,8250000,0.0,0.0
2018-09-26 00:00:00-04:00,3.794185099035893,3.794185099035893,3.653137455017302,3.664891481399536,7605200,0.0,0.0
2018-09-27 00:00:00-04:00,3.686048631118978,3.7025041333041653,3.627278724241134,3.6554882526397705,8096800,0.0,0.0
2018-09-28 00:00:00-04:00,3.6531375129257126,3.726012298299228,3.570859551135235,3.5896661281585693,10103200,0.0,0.0
2018-10-01 00:00:00-04:00,3.5920166969299316,3.653137454761749,3.5214927628308668,3.5920166969299316,16239200,0.0,0.0
2018-10-02 00:00:00-04:00,3.5661580129743786,3.5990692419558337,3.4885817528368253,3.495634078979492,11512800,0.0,0.0
2018-10-03 00:00:00-04:00,3.5261944674873122,3.5661580227206544,3.467424559695857,3.507388114929199,8054400,0.0,0.0
2018-10-04 00:00:00-04:00,3.5191421220249097,3.5544039768306295,3.4603722145557736,3.483880043029785,6086400,0.0,0.0
2018-10-05 00:00:00-04:00,3.4862310758617023,3.5097391297572726,3.4274611653121934,3.4509692192077637,9294800,0.0,0.0
2018-10-08 00:00:00-04:00,3.458021570793304,3.570859692256234,3.4462675437602277,3.5214929580688477,9040400,0.0,0.0
2018-10-09 00:00:00-04:00,3.5097389938702612,3.6319802865019106,3.4556705616795904,3.469775438308716,9622800,0.0,0.0
2018-10-10 00:00:00-04:00,3.4815296123556116,3.5661582031488672,3.4815296123556116,3.4862310886383057,7850400,0.0,0.0
2018-10-11 00:00:00-04:00,3.476827745446843,3.5497025299501193,3.443916516285782,3.4462673664093018,8384000,0.0,0.0
2018-10-12 00:00:00-04:00,3.5026864962185544,3.561456405377855,3.4556706137289965,3.4791786670684814,7710400,0.0,0.0
2018-10-15 00:00:00-04:00,3.48152938397532,3.5426499167774854,3.474476833729783,3.4979848861694336,6000400,0.0,0.0
2018-10-16 00:00:00-04:00,3.5191420948802343,3.5967183542059624,3.4744768400021466,3.594367504119873,8160800,0.0,0.0
2018-10-17 00:00:00-04:00,3.5943673614821154,3.6390323903983264,3.4744767021220926,3.601419687271118,7991600,0.0,0.0
2018-10-18 00:00:00-04:00,3.596718232185484,3.6249277596933256,3.5026862496366147,3.5402991771698,5914400,0.0,0.0
2018-10-19 00:00:00-04:00,3.4956340066205116,3.5261943848586816,3.4016022460333737,3.4627227783203125,12424000,0.0,0.0
2018-10-22 00:00:00-04:00,3.483880085645928,3.5779120732604244,3.4533197064854226,3.5544040203094482,9222000,0.0,0.0
2018-10-23 00:00:00-04:00,3.5238436690504233,3.5990693045755315,3.476827786965612,3.5896661281585693,9580400,0.0,0.0
2018-10-24 00:00:00-04:00,3.5967184163266257,3.6672423508015415,3.542649984359741,3.542649984359741,8965200,0.0,0.0
2018-10-25 00:00:00-04:00,3.55440382129213,3.573210172924147,3.356936904966557,3.394549608230591,9096400,0.0,0.0
2018-10-26 00:00:00-04:00,3.392199028201097,3.392199028201097,3.2064861351864287,3.2229416370391846,10044400,0.0,0.0
2018-10-29 00:00:00-04:00,3.25350225816779,3.5167914284452033,3.237046755084644,3.4157071113586426,12675600,0.0,0.0
2018-10-30 00:00:00-04:00,3.425110121035519,3.55205311166294,3.3851465661908304,3.448618173599243,8376400,0.0,0.0
2018-10-31 00:00:00-04:00,3.481529494020372,3.4838801199871137,3.352235649894349,3.4321627616882324,6955600,0.0,0.0
2018-11-01 00:00:00-04:00,3.4345134806334454,3.6084725856781006,3.432162854603068,3.6084725856781006,11017200,0.0,0.0
2018-11-02 00:00:00-04:00,3.624928062870382,3.7048551762554727,3.570859629149532,3.669593095779419,6662400,0.0,0.0
2018-11-05 00:00:00-05:00,3.655488215554365,3.657839065611086,3.500335698841204,3.52384352684021,7214400,0.0,0.0
2018-11-06 00:00:00-05:00,3.5144402980804443,3.537948349916192,3.4862307703911855,3.5144402980804443,7584000,0.0,0.0
2018-11-07 00:00:00-05:00,3.526194553917867,3.5379485806021425,3.4439165913173517,3.5026865005493164,8177200,0.0,0.0
2018-11-08 00:00:00-05:00,3.502686448158442,3.530896201454525,3.474476919051768,3.493283271789551,8557200,0.0,0.0
2018-11-09 00:00:00-05:00,3.4603723436043197,3.479178696760641,3.366340353633299,3.441565990447998,6686000,0.0,0.0
2018-11-12 00:00:00-05:00,3.446267411714538,3.474476940999407,3.258203658959339,3.2629053592681885,9600800,0.0,0.0
2018-11-13 00:00:00-05:00,3.267606835387628,3.3334292945750645,3.23939730610276,3.2629053592681885,9232800,0.0,0.0
2018-11-14 00:00:00-05:00,3.3122718043511457,3.316973280062912,3.0278254618234692,3.0466318130493164,13744400,0.0,0.0
2018-11-15 00:00:00-05:00,3.0466319806772235,3.1148050636691997,3.0019669501056816,3.0865955352783203,12119600,0.0,0.0
2018-11-16 00:00:00-05:00,3.0536844505228724,3.0536844505228724,2.9267414546915806,3.0066685676574707,22866800,0.0,0.0
2018-11-19 00:00:00-05:00,3.0184226680334314,3.093648082452646,3.001967164676583,3.0630877017974854,13803600,0.0,0.0
2018-11-20 00:00:00-05:00,2.96200351405005,3.034878075929061,2.8538668721291267,2.886777877807617,24139600,0.0,0.0
2018-11-21 00:00:00-05:00,2.931442958619345,3.408654530053853,2.8938302548476753,3.2229416370391846,49923200,0.0,0.0
2018-11-23 00:00:00-05:00,3.220591046388765,3.234695923533831,3.093648048840839,3.1735751628875732,10767200,0.0,0.0
2018-11-26 00:00:00-05:00,3.288764123269753,3.474477030663107,3.288764123269753,3.4274611473083496,23613600,0.0,0.0
2018-11-27 00:00:00-05:00,3.3827959497370883,3.519142116933052,3.338130694579104,3.46037220954895,17538800,0.0,0.0
2018-11-28 00:00:00-05:00,3.460372294369631,3.542650032210523,3.460372294369631,3.528545379638672,10574800,0.0,0.0
2018-11-29 00:00:00-05:00,3.537948405394823,3.5779119596286253,3.4180577426934176,3.4392149448394775,16838400,0.0,0.0
2018-11-30 00:00:00-05:00,3.053684236392755,3.2817115325370154,3.009019206849973,3.2111876010894775,47627200,0.0,0.0
2018-12-03 00:00:00-05:00,3.2488005253406493,3.2864132315494317,3.180627439289878,3.260554552078247,16084800,0.0,0.0
2018-12-04 00:00:00-05:00,3.2887641335128475,3.3169736636135623,3.159470285742507,3.1735751628875732,14935600,0.0,0.0
2018-12-06 00:00:00-05:00,3.173574891669001,3.237046497113292,3.112454136246217,3.1876797676086426,12788800,0.0,0.0
2018-12-07 00:00:00-05:00,3.185329074669483,3.300518041130998,3.173575048171706,3.2158894538879395,13610400,0.0,0.0
2018-12-10 00:00:00-05:00,3.2352332107811796,3.249740853769645,3.102245253547835,3.1989636421203613,11174800,0.095,0.0
2018-12-11 00:00:00-05:00,3.227979248415097,3.2400688735129397,3.107081152678124,3.131260633468628,9352800,0.0,0.0
2018-12-12 00:00:00-05:00,3.1578584999231585,3.2715025488471703,3.1385145916138257,3.1989636421203613,7271200,0.0,0.0
2018-12-13 00:00:00-05:00,3.2013816487397806,3.2303971652141645,3.06355788783775,3.092573404312134,9746400,0.0,0.0
2018-12-14 00:00:00-05:00,3.068393628503457,3.1433505507917516,3.068393628503457,3.0853195190429688,6654800,0.0,0.0
2018-12-17 00:00:00-05:00,3.061139798074687,3.167530253225697,3.0345422995843454,3.0587217807769775,9022800,0.0,0.0
2018-12-18 00:00:00-05:00,3.058721718556678,3.1506042986471825,3.0490498801574044,3.0780653953552246,10379600,0.0,0.0
2018-12-19 00:00:00-05:00,3.0853195976457957,3.1385145961399856,3.0272885644185914,3.0417962074279785,9703600,0.0,0.0
2018-12-20 00:00:00-05:00,3.046632152726811,3.1288426654213057,2.952331553554686,3.0055267810821533,10684800,0.0,0.0
2018-12-21 00:00:00-05:00,2.9958548542842003,3.065975739626051,2.845941245297996,2.8918824195861816,17692000,0.0,0.0
2018-12-24 00:00:00-05:00,2.894300512589175,2.9063903684325445,2.814507786855686,2.8217616081237793,5314000,0.0,0.0
2018-12-26 00:00:00-05:00,2.8338514053480783,2.998272657394409,2.795164051925412,2.998272657394409,9616800,0.0,0.0
2018-12-27 00:00:00-05:00,2.959585299915795,2.9620033171501015,2.812089707545311,2.945077657699585,7338400,0.0,0.0
2018-12-28 00:00:00-05:00,2.9523314569922996,3.0200343248889117,2.903972265637577,2.969257116317749,8105200,0.0,0.0
2018-12-31 00:00:00-05:00,2.981347009507995,3.063557751148088,2.9765112056087744,3.0514678955078125,11161200,0.0,0.0
2019-01-02 00:00:00-05:00,3.0103625622803167,3.186873903405002,3.0031087410434942,3.160276174545288,8496800,0.0,0.0
2019-01-03 00:00:00-05:00,3.1385145026267645,3.206217603302758,3.0683936152511304,3.136096715927124,7001600,0.0,0.0
2019-01-04 00:00:00-05:00,3.3924005500840653,3.6970638110191087,3.312607824209862,3.684973955154419,47662800,0.0,0.0
2019-01-07 00:00:00-05:00,3.65354047164853,3.8227979948579347,3.6124350995085117,3.7430050373077393,18872000,0.0,0.0
2019-01-08 00:00:00-05:00,3.747841090417069,3.842141691190087,3.663212328395528,3.822798013687134,13775200,0.0,0.0
2019-01-09 00:00:00-05:00,3.8300517262833176,3.963039447688996,3.8010362108532707,3.863903045654297,14218000,0.0,0.0
2019-01-10 00:00:00-05:00,3.805871975247961,3.8687390399905635,3.7526769794763584,3.85906720161438,11619200,0.0,0.0
2019-01-11 00:00:00-05:00,3.834887488413664,3.880828663028318,3.813126025024501,3.8324697017669678,9679200,0.0,0.0
2019-01-14 00:00:00-05:00,3.8300516968951626,3.9025903696162785,3.7647666147323777,3.7816925048828125,14443600,0.0,0.0
2019-01-15 00:00:00-05:00,3.772020656723475,3.7816924951009274,3.672884025111068,3.7550947666168213,8912800,0.0,0.0
2019-01-16 00:00:00-05:00,3.7647667022102973,3.8421416418227534,3.7188255263797827,3.7913644313812256,7970400,0.0,0.0
2019-01-17 00:00:00-05:00,3.7454229868915285,3.8276337296846763,3.6994818115279093,3.8131260871887207,6972000,0.0,0.0
2019-01-18 00:00:00-05:00,3.873575249743562,4.086355703647273,3.839723698597831,3.851813554763794,34188800,0.0,0.0
2019-01-22 00:00:00-05:00,3.822798017411729,3.8445594816776354,3.6656303493035685,3.692228078842163,12754800,0.0,0.0
2019-01-23 00:00:00-05:00,3.701899895762545,3.7647667320400813,3.6583765062978615,3.7430050373077393,7348000,0.0,0.0
2019-01-24 00:00:00-05:00,3.743005032335149,3.8203799724578857,3.73333319364416,3.8203799724578857,5128000,0.0,0.0
2019-01-25 00:00:00-05:00,3.859067304323862,3.883246785610453,3.803454059234541,3.84455943107605,7660400,0.0,0.0
2019-01-28 00:00:00-05:00,3.8058721527295347,3.817962008912262,3.624525001773104,3.7478411197662354,11939600,0.0,0.0
2019-01-29 00:00:00-05:00,2.9958550319794566,3.0224525312402326,2.6863557267521805,2.727461099624634,131481200,0.0,0.0
2019-01-30 00:00:00-05:00,2.7202071020893897,2.749222616840299,2.6863555529159227,2.7081172466278076,24604000,0.0,0.0
2019-01-31 00:00:00-05:00,2.7008634988357025,2.7879100454491166,2.6839378390873545,2.741968870162964,24198400,0.0,0.0
2019-02-01 00:00:00-05:00,2.7347150635599538,2.763730579253013,2.7032815305771014,2.7177891731262207,13909600,0.0,0.0
2019-02-04 00:00:00-05:00,2.717789221885336,2.7758202543125727,2.659758189458099,2.749222755432129,17086000,0.0,0.0
2019-02-05 00:00:00-05:00,2.746804710853487,2.8556131838188197,2.7443869241391194,2.8507771492004395,17084400,0.0,0.0
2019-02-06 00:00:00-05:00,2.809671878542086,2.8290155565228194,2.7564766487976535,2.783074378967285,13918400,0.0,0.0
2019-02-07 00:00:00-05:00,2.756476561823663,2.8024179685244577,2.715371189762878,2.773402452468872,8084400,0.0,0.0
2019-02-08 00:00:00-05:00,2.7540587499892273,2.7782382311843543,2.734715072795197,2.744386911392212,7204800,0.0,0.0
2019-02-11 00:00:00-05:00,2.751640620066846,2.7540586372658358,2.698445394663128,2.732296943664551,7674400,0.0,0.0
2019-02-12 00:00:00-05:00,2.732297018975081,2.8024179055148526,2.732297018975081,2.792746067047119,10712000,0.0,0.0
2019-02-13 00:00:00-05:00,2.795164147159267,2.841105323265238,2.7516407577784774,2.773402452468872,8531200,0.0,0.0
2019-02-14 00:00:00-05:00,2.749222667361755,2.761312523045508,2.717789134821924,2.739550828933716,9874000,0.0,0.0
2019-02-15 00:00:00-05:00,2.739550814728332,2.7661483126188187,2.7274609591072685,2.763730525970459,8847200,0.0,0.0
2019-02-19 00:00:00-05:00,2.7709843105521843,2.7734023277634634,2.6911915873384804,2.7081172466278076,13222400,0.0,0.0
2019-02-20 00:00:00-05:00,2.715371067666832,2.732296957550972,2.6960273911662256,2.7081172466278076,11842000,0.0,0.0
2019-02-21 00:00:00-05:00,2.7153711693036744,2.729879042519568,2.6621761722333157,2.6670119762420654,9956800,0.0,0.0
2019-02-22 00:00:00-05:00,2.664594224124448,2.7516407727653034,2.664594224124448,2.749222755432129,12998000,0.0,0.0
2019-02-25 00:00:00-05:00,2.751640695910548,2.8531951151191572,2.751640695910548,2.792746067047119,14378000,0.0,0.0
2019-02-26 00:00:00-05:00,2.790328011717715,2.8314333822935547,2.780656173381918,2.8145077228546143,8632000,0.0,0.0
2019-02-27 00:00:00-05:00,2.8193435908361413,2.884628674033444,2.8096717522804098,2.8217616081237793,13589200,0.0,0.0
2019-02-28 00:00:00-05:00,2.8265974760506034,2.8677028484910974,2.8024179944116705,2.8290154933929443,11280800,0.0,0.0
2019-03-01 00:00:00-05:00,2.872538754965001,2.903972287227976,2.8411052227020264,2.8411052227020264,7604800,0.0,0.0
2019-03-04 00:00:00-05:00,2.850777138719535,2.865285011926515,2.773402429868498,2.797581911087036,8914400,0.0,0.0
2019-03-05 00:00:00-05:00,2.9208981010218222,2.9257341357461963,2.7468047710564316,2.8048360347747803,22151600,0.0,0.0
2019-03-06 00:00:00-05:00,2.819343589355588,2.8701207993952176,2.795164108276367,2.795164108276367,13251600,0.0,0.0
2019-03-07 00:00:00-05:00,2.795164172115577,2.819343653747037,2.7661484252061044,2.8024179935455322,7245600,0.0,0.0
2019-03-08 00:00:00-05:00,2.676683926363007,2.7129534956162926,2.5993092142410608,2.6525044441223145,24686400,0.0,0.0
2019-03-11 00:00:00-04:00,2.6549221538488275,2.727461059654523,2.633160689642461,2.722625255584717,10814400,0.0,0.0
2019-03-12 00:00:00-04:00,2.7274610457680777,2.792746129839262,2.715371189762878,2.773402452468872,8659600,0.0,0.0
2019-03-13 00:00:00-04:00,2.7903281136272486,2.8145078256472496,2.7734024535701423,2.799999952316284,8766400,0.0,0.0
2019-03-14 00:00:00-04:00,2.827500104904175,2.8350000381469727,2.7249999046325684,2.737499952316284,11358400,0.095,0.0
2019-03-15 00:00:00-04:00,2.747499942779541,2.7799999713897705,2.7249999046325684,2.765000104904175,14149600,0.0,0.0
2019-03-18 00:00:00-04:00,2.7725000381469727,2.7925000190734863,2.744999885559082,2.7674999237060547,9804800,0.0,0.0
2019-03-19 00:00:00-04:00,2.7674999237060547,2.809999942779541,2.7249999046325684,2.740000009536743,12359600,0.0,0.0
2019-03-20 00:00:00-04:00,2.740000009536743,2.740000009536743,2.5999999046325684,2.625,16415600,0.0,0.0
2019-03-21 00:00:00-04:00,2.617500066757202,2.682499885559082,2.5875000953674316,2.637500047683716,12821200,0.0,0.0
2019-03-22 00:00:00-04:00,2.6624999046325684,2.6649999618530273,2.609999895095825,2.612499952316284,13156000,0.0,0.0
2019-03-25 00:00:00-04:00,2.615000009536743,2.622499942779541,2.5174999237060547,2.5350000858306885,17944800,0.0,0.0
2019-03-26 00:00:00-04:00,2.5274999141693115,2.609999895095825,2.5225000381469727,2.5875000953674316,14140400,0.0,0.0
2019-03-27 00:00:00-04:00,2.5924999713897705,2.634999990463257,2.5625,2.572499990463257,10424800,0.0,0.0
2019-03-28 00:00:00-04:00,2.5899999141693115,2.622499942779541,2.5174999237060547,2.547499895095825,12489200,0.0,0.0
2019-03-29 00:00:00-04:00,2.552500009536743,2.5899999141693115,2.5374999046325684,2.5399999618530273,11676000,0.0,0.0
2019-04-01 00:00:00-04:00,2.572499990463257,2.6050000190734863,2.509999990463257,2.5924999713897705,17662800,0.0,0.0
2019-04-02 00:00:00-04:00,2.5924999713897705,2.6024999618530273,2.5225000381469727,2.5250000953674316,34680800,0.0,0.0
2019-04-03 00:00:00-04:00,2.2149999141693115,2.507499933242798,2.2049999237060547,2.4075000286102295,106391600,0.0,0.0
2019-04-04 00:00:00-04:00,2.434999942779541,2.515000104904175,2.4124999046325684,2.507499933242798,31671200,0.0,0.0
2019-04-05 00:00:00-04:00,2.490000009536743,2.502500057220459,2.447499990463257,2.4649999141693115,22974400,0.0,0.0
2019-04-08 00:00:00-04:00,2.447499990463257,2.5199999809265137,2.432499885559082,2.484999895095825,18204000,0.0,0.0
2019-04-09 00:00:00-04:00,2.4625000953674316,2.5,2.452500104904175,2.4549999237060547,11914000,0.0,0.0
2019-04-10 00:00:00-04:00,2.4700000286102295,2.502500057220459,2.4700000286102295,2.492500066757202,11228800,0.0,0.0
2019-04-11 00:00:00-04:00,2.494999885559082,2.494999885559082,2.434999942779541,2.440000057220459,10180800,0.0,0.0
2019-04-12 00:00:00-04:00,2.447499990463257,2.4574999809265137,2.322499990463257,2.3299999237060547,19114000,0.0,0.0
2019-04-15 00:00:00-04:00,2.317500114440918,2.3375000953674316,2.202500104904175,2.234999895095825,22109600,0.0,0.0
2019-04-16 00:00:00-04:00,2.25,2.2874999046325684,2.237499952316284,2.2699999809265137,18880000,0.0,0.0
2019-04-17 00:00:00-04:00,2.2774999141693115,2.2799999713897705,2.1875,2.234999895095825,15684400,0.0,0.0
2019-04-18 00:00:00-04:00,2.2149999141693115,2.257499933242798,2.184999942779541,2.192500114440918,15256800,0.0,0.0
2019-04-22 00:00:00-04:00,2.1875,2.2049999237060547,2.132499933242798,2.1624999046325684,25114800,0.0,0.0
2019-04-23 00:00:00-04:00,2.1600000858306885,2.242500066757202,2.1600000858306885,2.2225000858306885,17809200,0.0,0.0
2019-04-24 00:00:00-04:00,2.2249999046325684,2.265000104904175,2.2225000858306885,2.252500057220459,16424400,0.0,0.0
2019-04-25 00:00:00-04:00,2.247499942779541,2.25,2.180000066757202,2.237499952316284,10508000,0.0,0.0
2019-04-26 00:00:00-04:00,2.2325000762939453,2.257499933242798,2.2200000286102295,2.2225000858306885,9227200,0.0,0.0
2019-04-29 00:00:00-04:00,2.2225000858306885,2.2249999046325684,2.177500009536743,2.190000057220459,10192400,0.0,0.0
2019-04-30 00:00:00-04:00,2.200000047683716,2.2125000953674316,2.1624999046325684,2.1624999046325684,12830800,0.0,0.0
2019-05-01 00:00:00-04:00,2.1649999618530273,2.197499990463257,2.117500066757202,2.127500057220459,14155600,0.0,0.0
2019-05-02 00:00:00-04:00,2.127500057220459,2.2074999809265137,2.127500057220459,2.192500114440918,12467600,0.0,0.0
2019-05-03 00:00:00-04:00,2.202500104904175,2.247499942779541,2.192500114440918,2.242500066757202,8718400,0.0,0.0
2019-05-06 00:00:00-04:00,2.2125000953674316,2.2300000190734863,2.1649999618530273,2.2125000953674316,9624800,0.0,0.0
2019-05-07 00:00:00-04:00,2.192500114440918,2.2300000190734863,2.172499895095825,2.192500114440918,10366400,0.0,0.0
2019-05-08 00:00:00-04:00,2.1875,2.2125000953674316,2.1624999046325684,2.172499895095825,8249600,0.0,0.0
2019-05-09 00:00:00-04:00,2.1500000953674316,2.1624999046325684,2.119999885559082,2.130000114440918,9358000,0.0,0.0
2019-05-10 00:00:00-04:00,2.130000114440918,2.1449999809265137,2.0899999141693115,2.119999885559082,9206000,0.0,0.0
2019-05-13 00:00:00-04:00,2.0824999809265137,2.0924999713897705,2.0425000190734863,2.065000057220459,12172800,0.0,0.0
2019-05-14 00:00:00-04:00,2.0799999237060547,2.137500047683716,2.059999942779541,2.132499933242798,10451600,0.0,0.0
2019-05-15 00:00:00-04:00,2.109999895095825,2.177500009536743,2.109999895095825,2.172499895095825,9014000,0.0,0.0
2019-05-16 00:00:00-04:00,2.184999942779541,2.2100000381469727,2.1600000858306885,2.1675000190734863,7004000,0.0,0.0
2019-05-17 00:00:00-04:00,2.134999990463257,2.194999933242798,2.134999990463257,2.1524999141693115,7869200,0.0,0.0
2019-05-20 00:00:00-04:00,2.115000009536743,2.130000114440918,1.9950000047683716,2.015000104904175,20174400,0.0,0.0
2019-05-21 00:00:00-04:00,2.0174999237060547,2.0350000858306885,1.972499966621399,2.0325000286102295,22788400,0.0,0.0
2019-05-22 00:00:00-04:00,2.0174999237060547,2.0199999809265137,1.940000057220459,1.975000023841858,18064400,0.0,0.0
2019-05-23 00:00:00-04:00,1.9600000381469727,1.965000033378601,1.9175000190734863,1.9249999523162842,15678000,0.0,0.0
2019-05-24 00:00:00-04:00,1.9275000095367432,1.965000033378601,1.9275000095367432,1.9550000429153442,10168400,0.0,0.0
2019-05-28 00:00:00-04:00,1.962499976158142,1.997499942779541,1.934999942779541,1.934999942779541,10931200,0.0,0.0
2019-05-29 00:00:00-04:00,1.9325000047683716,1.9375,1.847499966621399,1.8925000429153442,16510800,0.0,0.0
2019-05-30 00:00:00-04:00,1.8925000429153442,1.9249999523162842,1.8825000524520874,1.899999976158142,10780800,0.0,0.0
2019-05-31 00:00:00-04:00,1.8674999475479126,1.9149999618530273,1.8300000429153442,1.8949999809265137,15932400,0.0,0.0
2019-06-03 00:00:00-04:00,1.8949999809265137,1.912500023841858,1.8550000190734863,1.8674999475479126,20916400,0.0,0.0
2019-06-04 00:00:00-04:00,1.8949999809265137,1.962499976158142,1.8799999952316284,1.9550000429153442,41720400,0.0,0.0
2019-06-05 00:00:00-04:00,1.372499942779541,1.3975000381469727,1.1775000095367432,1.2599999904632568,157416800,0.0,0.0
2019-06-06 00:00:00-04:00,1.2450000047683716,1.2825000286102295,1.2100000381469727,1.2825000286102295,54232000,0.0,0.0
2019-06-07 00:00:00-04:00,1.2825000286102295,1.3075000047683716,1.247499942779541,1.2549999952316284,42365200,0.0,0.0
2019-06-10 00:00:00-04:00,1.3424999713897705,1.3875000476837158,1.3224999904632568,1.3600000143051147,75706000,0.0,0.0
2019-06-11 00:00:00-04:00,1.3825000524520874,1.462499976158142,1.372499942779541,1.4299999475479126,53695200,0.0,0.0
2019-06-12 00:00:00-04:00,1.4199999570846558,1.4500000476837158,1.375,1.375,19657200,0.0,0.0
2019-06-13 00:00:00-04:00,1.3875000476837158,1.4325000047683716,1.372499942779541,1.4249999523162842,23363200,0.0,0.0
2019-06-14 00:00:00-04:00,1.4249999523162842,1.4574999809265137,1.402500033378601,1.4075000286102295,21218400,0.0,0.0
2019-06-17 00:00:00-04:00,1.4075000286102295,1.4524999856948853,1.399999976158142,1.4249999523162842,14746000,0.0,0.0
2019-06-18 00:00:00-04:00,1.4275000095367432,1.4574999809265137,1.4175000190734863,1.4325000047683716,16281600,0.0,0.0
2019-06-19 00:00:00-04:00,1.4375,1.4375,1.402500033378601,1.4075000286102295,11893200,0.0,0.0
2019-06-20 00:00:00-04:00,1.4149999618530273,1.4225000143051147,1.3799999952316284,1.3825000524520874,15735200,0.0,0.0
2019-06-21 00:00:00-04:00,1.3799999952316284,1.3799999952316284,1.3274999856948853,1.3550000190734863,35817200,0.0,0.0
2019-06-24 00:00:00-04:00,1.3524999618530273,1.3674999475479126,1.3200000524520874,1.3424999713897705,19293200,0.0,0.0
2019-06-25 00:00:00-04:00,1.3350000381469727,1.3825000524520874,1.3300000429153442,1.3624999523162842,12341600,0.0,0.0
2019-06-26 00:00:00-04:00,1.3674999475479126,1.3799999952316284,1.3450000286102295,1.3674999475479126,14207200,0.0,0.0
2019-06-27 00:00:00-04:00,1.3650000095367432,1.3975000381469727,1.3574999570846558,1.3849999904632568,15024000,0.0,0.0
2019-06-28 00:00:00-04:00,1.3825000524520874,1.3949999809265137,1.3600000143051147,1.3674999475479126,15585600,0.0,0.0
2019-07-01 00:00:00-04:00,1.3825000524520874,1.3925000429153442,1.3350000381469727,1.340000033378601,17243200,0.0,0.0
2019-07-02 00:00:00-04:00,1.337499976158142,1.3624999523162842,1.3300000429153442,1.3450000286102295,22574000,0.0,0.0
2019-07-03 00:00:00-04:00,1.3524999618530273,1.3574999570846558,1.3174999952316284,1.3274999856948853,10248400,0.0,0.0
2019-07-05 00:00:00-04:00,1.3250000476837158,1.409999966621399,1.3174999952316284,1.3799999952316284,51578400,0.0,0.0
2019-07-08 00:00:00-04:00,1.375,1.3825000524520874,1.3550000190734863,1.3624999523162842,26370800,0.0,0.0
2019-07-09 00:00:00-04:00,1.3700000047683716,1.3875000476837158,1.3200000524520874,1.3274999856948853,46887600,0.0,0.0
2019-07-10 00:00:00-04:00,1.337499976158142,1.3424999713897705,1.2925000190734863,1.2949999570846558,43413200,0.0,0.0
2019-07-11 00:00:00-04:00,1.2450000047683716,1.252500057220459,1.1825000047683716,1.2100000381469727,67112800,0.0,0.0
2019-07-12 00:00:00-04:00,1.215000033378601,1.2324999570846558,1.2024999856948853,1.2274999618530273,17568800,0.0,0.0
2019-07-15 00:00:00-04:00,1.2174999713897705,1.222499966621399,1.1875,1.1875,12273600,0.0,0.0
2019-07-16 00:00:00-04:00,1.190000057220459,1.2024999856948853,1.1575000286102295,1.1575000286102295,23880000,0.0,0.0
2019-07-17 00:00:00-04:00,1.1575000286102295,1.159999966621399,1.0824999809265137,1.0950000286102295,30572400,0.0,0.0
2019-07-18 00:00:00-04:00,1.097499966621399,1.1050000190734863,1.0299999713897705,1.0499999523162842,34342800,0.0,0.0
2019-07-19 00:00:00-04:00,1.0549999475479126,1.1050000190734863,1.0549999475479126,1.0800000429153442,43786000,0.0,0.0
2019-07-22 00:00:00-04:00,1.0824999809265137,1.100000023841858,1.0299999713897705,1.034999966621399,21954800,0.0,0.0
2019-07-23 00:00:00-04:00,1.037500023841858,1.0499999523162842,0.9950000047683716,1.0225000381469727,30814000,0.0,0.0
2019-07-24 00:00:00-04:00,1.0199999809265137,1.0499999523162842,1.0125000476837158,1.0199999809265137,24082400,0.0,0.0
2019-07-25 00:00:00-04:00,1.024999976158142,1.0800000429153442,0.9925000071525574,0.9950000047683716,23160000,0.0,0.0
2019-07-26 00:00:00-04:00,1.0,1.0199999809265137,0.9900000095367432,1.002500057220459,12836000,0.0,0.0
2019-07-29 00:00:00-04:00,1.0049999952316284,1.0399999618530273,1.0049999952316284,1.0299999713897705,17308400,0.0,0.0
2019-07-30 00:00:00-04:00,1.024999976158142,1.0325000286102295,0.9750000238418579,1.0075000524520874,21085600,0.0,0.0
2019-07-31 00:00:00-04:00,1.0075000524520874,1.0449999570846558,1.0,1.0049999952316284,20835600,0.0,0.0
2019-08-01 00:00:00-04:00,1.0049999952316284,1.0149999856948853,0.9449999928474426,0.9599999785423279,22386000,0.0,0.0
2019-08-02 00:00:00-04:00,0.9574999809265137,0.9725000262260437,0.9375,0.9449999928474426,14378800,0.0,0.0
2019-08-05 00:00:00-04:00,0.9300000071525574,0.9375,0.8949999809265137,0.9275000095367432,22727200,0.0,0.0
2019-08-06 00:00:00-04:00,0.9325000047683716,0.9549999833106995,0.9075000286102295,0.9524999856948853,20629600,0.0,0.0
2019-08-07 00:00:00-04:00,0.9350000023841858,0.9624999761581421,0.9150000214576721,0.9524999856948853,23424400,0.0,0.0
2019-08-08 00:00:00-04:00,0.9599999785423279,0.9775000214576721,0.9424999952316284,0.9725000262260437,9226800,0.0,0.0
2019-08-09 00:00:00-04:00,0.9574999809265137,0.9649999737739563,0.8974999785423279,0.8974999785423279,12317600,0.0,0.0
2019-08-12 00:00:00-04:00,0.8949999809265137,0.9049999713897705,0.8600000143051147,0.8774999976158142,10710400,0.0,0.0
2019-08-13 00:00:00-04:00,0.8700000047683716,0.9399999976158142,0.8675000071525574,0.8675000071525574,18018000,0.0,0.0
2019-08-14 00:00:00-04:00,0.8475000262260437,0.8550000190734863,0.7975000143051147,0.8299999833106995,24327600,0.0,0.0
2019-08-15 00:00:00-04:00,0.8299999833106995,0.8525000214576721,0.7875000238418579,0.8025000095367432,23553600,0.0,0.0
2019-08-16 00:00:00-04:00,0.8125,0.8399999737739563,0.8025000095367432,0.8299999833106995,12522800,0.0,0.0
2019-08-19 00:00:00-04:00,0.8424999713897705,0.8675000071525574,0.8349999785423279,0.8450000286102295,11550000,0.0,0.0
2019-08-20 00:00:00-04:00,0.8374999761581421,0.8650000095367432,0.8199999928474426,0.8550000190734863,17040000,0.0,0.0
2019-08-21 00:00:00-04:00,0.875,0.9049999713897705,0.8600000143051147,0.8849999904632568,23643600,0.0,0.0
2019-08-22 00:00:00-04:00,0.9925000071525574,1.0625,0.9300000071525574,0.9674999713897705,116709200,0.0,0.0
2019-08-23 00:00:00-04:00,0.9599999785423279,0.9750000238418579,0.8899999856948853,0.9125000238418579,34643600,0.0,0.0
2019-08-26 00:00:00-04:00,0.9300000071525574,1.0099999904632568,0.9125000238418579,0.9549999833106995,41277600,0.0,0.0
2019-08-27 00:00:00-04:00,0.9674999713897705,0.9825000166893005,0.9200000166893005,0.925000011920929,22804000,0.0,0.0
2019-08-28 00:00:00-04:00,0.925000011920929,0.9925000071525574,0.9175000190734863,0.9700000286102295,25756800,0.0,0.0
2019-08-29 00:00:00-04:00,0.9825000166893005,1.0724999904632568,0.9375,1.0575000047683716,53454000,0.0,0.0
2019-08-30 00:00:00-04:00,1.065000057220459,1.090000033378601,0.9800000190734863,0.9925000071525574,42538400,0.0,0.0
2019-09-03 00:00:00-04:00,0.9925000071525574,1.0175000429153442,0.9150000214576721,0.9524999856948853,36177600,0.0,0.0
2019-09-04 00:00:00-04:00,0.9700000286102295,1.0,0.9624999761581421,0.9950000047683716,16908400,0.0,0.0
2019-09-05 00:00:00-04:00,1.0199999809265137,1.059999942779541,1.0175000429153442,1.0575000047683716,27568000,0.0,0.0
2019-09-06 00:00:00-04:00,1.059999942779541,1.090000033378601,1.034999966621399,1.0774999856948853,26806000,0.0,0.0
2019-09-09 00:00:00-04:00,1.087499976158142,1.2300000190734863,1.087499976158142,1.190000057220459,58315200,0.0,0.0
2019-09-10 00:00:00-04:00,1.2174999713897705,1.274999976158142,1.127500057220459,1.2725000381469727,66636800,0.0,0.0
2019-09-11 00:00:00-04:00,1.0475000143051147,1.2374999523162842,0.9925000071525574,1.1475000381469727,136020000,0.0,0.0
2019-09-12 00:00:00-04:00,1.149999976158142,1.2024999856948853,1.1074999570846558,1.1449999809265137,35634800,0.0,0.0
2019-09-13 00:00:00-04:00,1.1549999713897705,1.1924999952316284,1.0924999713897705,1.1024999618530273,30648800,0.0,0.0
2019-09-16 00:00:00-04:00,1.0750000476837158,1.1174999475479126,1.0674999952316284,1.087499976158142,27045200,0.0,0.0
2019-09-17 00:00:00-04:00,1.0750000476837158,1.0850000381469727,1.0325000286102295,1.0824999809265137,25624000,0.0,0.0
2019-09-18 00:00:00-04:00,1.0824999809265137,1.1725000143051147,1.0824999809265137,1.149999976158142,39184800,0.0,0.0
2019-09-19 00:00:00-04:00,1.159999966621399,1.1675000190734863,1.1050000190734863,1.1100000143051147,31441200,0.0,0.0
2019-09-20 00:00:00-04:00,1.1475000381469727,1.2000000476837158,1.125,1.1749999523162842,46415200,0.0,0.0
2019-09-23 00:00:00-04:00,1.1699999570846558,1.2999999523162842,1.152500033378601,1.2549999952316284,49896000,0.0,0.0
2019-09-24 00:00:00-04:00,1.284999966621399,1.375,1.2450000047683716,1.252500057220459,52391600,0.0,0.0
2019-09-25 00:00:00-04:00,1.2725000381469727,1.3875000476837158,1.2699999809265137,1.2999999523162842,48657200,0.0,0.0
2019-09-26 00:00:00-04:00,1.2975000143051147,1.3350000381469727,1.2699999809265137,1.3200000524520874,24323600,0.0,0.0
2019-09-27 00:00:00-04:00,1.3125,1.3624999523162842,1.3049999475479126,1.3350000381469727,22194000,0.0,0.0
2019-09-30 00:00:00-04:00,1.3574999570846558,1.409999966621399,1.350000023841858,1.3799999952316284,35679200,0.0,0.0
2019-10-01 00:00:00-04:00,1.409999966621399,1.4550000429153442,1.372499942779541,1.3949999809265137,26369600,0.0,0.0
2019-10-02 00:00:00-04:00,1.3875000476837158,1.3875000476837158,1.309999942779541,1.3300000429153442,32619600,0.0,0.0
2019-10-03 00:00:00-04:00,1.3250000476837158,1.3700000047683716,1.3075000047683716,1.3550000190734863,17386800,0.0,0.0
2019-10-04 00:00:00-04:00,1.3574999570846558,1.3899999856948853,1.3424999713897705,1.3875000476837158,16852400,0.0,0.0
2019-10-07 00:00:00-04:00,1.3700000047683716,1.3949999809265137,1.3524999618530273,1.372499942779541,16619200,0.0,0.0
2019-10-08 00:00:00-04:00,1.3574999570846558,1.3600000143051147,1.2899999618530273,1.3075000047683716,19292400,0.0,0.0
2019-10-09 00:00:00-04:00,1.3125,1.3250000476837158,1.2400000095367432,1.247499942779541,23238400,0.0,0.0
2019-10-10 00:00:00-04:00,1.2549999952316284,1.287500023841858,1.2400000095367432,1.2625000476837158,20912000,0.0,0.0
2019-10-11 00:00:00-04:00,1.284999966621399,1.372499942779541,1.284999966621399,1.3424999713897705,23636800,0.0,0.0
2019-10-14 00:00:00-04:00,1.3300000429153442,1.3975000381469727,1.3049999475479126,1.3949999809265137,21095600,0.0,0.0
2019-10-15 00:00:00-04:00,1.399999976158142,1.4774999618530273,1.3975000381469727,1.402500033378601,25403600,0.0,0.0
2019-10-16 00:00:00-04:00,1.3949999809265137,1.4774999618530273,1.3949999809265137,1.4700000286102295,15474800,0.0,0.0
2019-10-17 00:00:00-04:00,1.472499966621399,1.5125000476837158,1.4500000476837158,1.5075000524520874,14426400,0.0,0.0
2019-10-18 00:00:00-04:00,1.5075000524520874,1.5125000476837158,1.4424999952316284,1.4850000143051147,12788400,0.0,0.0
2019-10-21 00:00:00-04:00,1.4950000047683716,1.5399999618530273,1.4550000429153442,1.4824999570846558,14446400,0.0,0.0
2019-10-22 00:00:00-04:00,1.4824999570846558,1.6100000143051147,1.4824999570846558,1.597499966621399,16698000,0.0,0.0
2019-10-23 00:00:00-04:00,1.5824999809265137,1.6549999713897705,1.5575000047683716,1.6074999570846558,16285600,0.0,0.0
2019-10-24 00:00:00-04:00,1.625,1.6375000476837158,1.5075000524520874,1.6050000190734863,17072800,0.0,0.0
2019-10-25 00:00:00-04:00,1.5800000429153442,1.6074999570846558,1.5625,1.587499976158142,10581600,0.0,0.0
2019-10-28 00:00:00-04:00,1.5950000286102295,1.622499942779541,1.5425000190734863,1.5475000143051147,11418800,0.0,0.0
2019-10-29 00:00:00-04:00,1.5525000095367432,1.5625,1.4474999904632568,1.4524999856948853,15675200,0.0,0.0
2019-10-30 00:00:00-04:00,1.440000057220459,1.4574999809265137,1.3799999952316284,1.4325000047683716,14958000,0.0,0.0
2019-10-31 00:00:00-04:00,1.4075000286102295,1.4225000143051147,1.3274999856948853,1.3600000143051147,17434400,0.0,0.0
2019-11-01 00:00:00-04:00,1.3624999523162842,1.5,1.3574999570846558,1.4600000381469727,20841600,0.0,0.0
2019-11-04 00:00:00-05:00,1.475000023841858,1.5049999952316284,1.4424999952316284,1.462499976158142,14680000,0.0,0.0
2019-11-05 00:00:00-05:00,1.4700000286102295,1.5499999523162842,1.465000033378601,1.4774999618530273,13496400,0.0,0.0
2019-11-06 00:00:00-05:00,1.475000023841858,1.5475000143051147,1.4550000429153442,1.5225000381469727,16513200,0.0,0.0
2019-11-07 00:00:00-05:00,1.5449999570846558,1.5800000429153442,1.5099999904632568,1.5549999475479126,12517200,0.0,0.0
2019-11-08 00:00:00-05:00,1.5425000190734863,1.5700000524520874,1.5125000476837158,1.5225000381469727,7874800,0.0,0.0
2019-11-11 00:00:00-05:00,1.5125000476837158,1.5225000381469727,1.4424999952316284,1.5049999952316284,12437600,0.0,0.0
2019-11-12 00:00:00-05:00,1.5075000524520874,1.5175000429153442,1.4674999713897705,1.4800000190734863,7338000,0.0,0.0
2019-11-13 00:00:00-05:00,1.4774999618530273,1.4924999475479126,1.4524999856948853,1.4850000143051147,6134400,0.0,0.0
2019-11-14 00:00:00-05:00,1.4874999523162842,1.527500033378601,1.475000023841858,1.4950000047683716,6834800,0.0,0.0
2019-11-15 00:00:00-05:00,1.5,1.502500057220459,1.462499976158142,1.4700000286102295,8663600,0.0,0.0
2019-11-18 00:00:00-05:00,1.462499976158142,1.462499976158142,1.402500033378601,1.4049999713897705,11983600,0.0,0.0
2019-11-19 00:00:00-05:00,1.3925000429153442,1.4149999618530273,1.3624999523162842,1.375,13442000,0.0,0.0
2019-11-20 00:00:00-05:00,1.3849999904632568,1.3849999904632568,1.340000033378601,1.3650000095367432,10666800,0.0,0.0
2019-11-21 00:00:00-05:00,1.3650000095367432,1.3949999809265137,1.337499976158142,1.375,11136000,0.0,0.0
2019-11-22 00:00:00-05:00,1.3975000381469727,1.462499976158142,1.375,1.4149999618530273,13972400,0.0,0.0
2019-11-25 00:00:00-05:00,1.4175000190734863,1.5149999856948853,1.4075000286102295,1.5075000524520874,10979600,0.0,0.0
2019-11-26 00:00:00-05:00,1.5075000524520874,1.565000057220459,1.502500057220459,1.524999976158142,10594800,0.0,0.0
2019-11-27 00:00:00-05:00,1.524999976158142,1.597499966621399,1.5049999952316284,1.587499976158142,12120000,0.0,0.0
2019-11-29 00:00:00-05:00,1.5824999809265137,1.597499966621399,1.559999942779541,1.5850000381469727,5476000,0.0,0.0
2019-12-02 00:00:00-05:00,1.587499976158142,1.6150000095367432,1.5225000381469727,1.5425000190734863,8242400,0.0,0.0
2019-12-03 00:00:00-05:00,1.5099999904632568,1.5449999570846558,1.4824999570846558,1.5299999713897705,8859600,0.0,0.0
2019-12-04 00:00:00-05:00,1.5425000190734863,1.622499942779541,1.5299999713897705,1.6074999570846558,11489600,0.0,0.0
2019-12-05 00:00:00-05:00,1.5800000429153442,1.6299999952316284,1.559999942779541,1.600000023841858,17525600,0.0,0.0
2019-12-06 00:00:00-05:00,1.597499966621399,1.6699999570846558,1.597499966621399,1.6699999570846558,19029200,0.0,0.0
2019-12-09 00:00:00-05:00,1.662500023841858,1.7300000190734863,1.5475000143051147,1.5824999809265137,25002400,0.0,0.0
2019-12-10 00:00:00-05:00,1.5724999904632568,1.6349999904632568,1.5299999713897705,1.627500057220459,38379600,0.0,0.0
2019-12-11 00:00:00-05:00,1.3125,1.4524999856948853,1.2949999570846558,1.3825000524520874,78071200,0.0,0.0
2019-12-12 00:00:00-05:00,1.3650000095367432,1.4275000095367432,1.3524999618530273,1.3949999809265137,25549200,0.0,0.0
2019-12-13 00:00:00-05:00,1.3674999475479126,1.4049999713897705,1.309999942779541,1.3624999523162842,21756000,0.0,0.0
2019-12-16 00:00:00-05:00,1.347499966621399,1.3975000381469727,1.347499966621399,1.375,17627600,0.0,0.0
2019-12-17 00:00:00-05:00,1.375,1.5199999809265137,1.372499942779541,1.5149999856948853,16565600,0.0,0.0
2019-12-18 00:00:00-05:00,1.5149999856948853,1.5674999952316284,1.4824999570846558,1.5399999618530273,21056400,0.0,0.0
2019-12-19 00:00:00-05:00,1.5525000095367432,1.559999942779541,1.5075000524520874,1.5149999856948853,17808000,0.0,0.0
2019-12-20 00:00:00-05:00,1.5149999856948853,1.5549999475479126,1.4900000095367432,1.497499942779541,21938400,0.0,0.0
2019-12-23 00:00:00-05:00,1.5125000476837158,1.5175000429153442,1.3849999904632568,1.402500033378601,25130800,0.0,0.0
2019-12-24 00:00:00-05:00,1.412500023841858,1.4175000190734863,1.3600000143051147,1.3600000143051147,13582000,0.0,0.0
2019-12-26 00:00:00-05:00,1.3674999475479126,1.377500057220459,1.3125,1.350000023841858,17057600,0.0,0.0
2019-12-27 00:00:00-05:00,1.3550000190734863,1.4950000047683716,1.347499966621399,1.475000023841858,44165200,0.0,0.0
2019-12-30 00:00:00-05:00,1.4700000286102295,1.5625,1.440000057220459,1.5325000286102295,17928400,0.0,0.0
2019-12-31 00:00:00-05:00,1.5199999809265137,1.597499966621399,1.497499942779541,1.5199999809265137,17290400,0.0,0.0
2020-01-02 00:00:00-05:00,1.534999966621399,1.6174999475479126,1.5175000429153442,1.5774999856948853,17814400,0.0,0.0
2020-01-03 00:00:00-05:00,1.5525000095367432,1.5625,1.4600000381469727,1.4700000286102295,14175600,0.0,0.0
2020-01-06 00:00:00-05:00,1.4500000476837158,1.4774999618530273,1.399999976158142,1.462499976158142,13579200,0.0,0.0
2020-01-07 00:00:00-05:00,1.4424999952316284,1.4574999809265137,1.3600000143051147,1.3799999952316284,20912000,0.0,0.0
2020-01-08 00:00:00-05:00,1.372499942779541,1.462499976158142,1.3524999618530273,1.4299999475479126,22517600,0.0,0.0
2020-01-09 00:00:00-05:00,1.4550000429153442,1.4550000429153442,1.3700000047683716,1.3875000476837158,10572000,0.0,0.0
2020-01-10 00:00:00-05:00,1.3899999856948853,1.399999976158142,1.3450000286102295,1.3574999570846558,11125600,0.0,0.0
2020-01-13 00:00:00-05:00,1.3574999570846558,1.402500033378601,1.3324999809265137,1.3574999570846558,14500800,0.0,0.0
2020-01-14 00:00:00-05:00,1.1950000524520874,1.25,1.1325000524520874,1.1775000095367432,50247600,0.0,0.0
2020-01-15 00:00:00-05:00,1.1649999618530273,1.1825000047683716,1.1375000476837158,1.152500033378601,19924400,0.0,0.0
2020-01-16 00:00:00-05:00,1.152500033378601,1.1775000095367432,1.1299999952316284,1.1549999713897705,17148400,0.0,0.0
2020-01-17 00:00:00-05:00,1.1449999809265137,1.1875,1.127500057220459,1.1875,16078000,0.0,0.0
2020-01-21 00:00:00-05:00,1.1875,1.1875,1.1375000476837158,1.1475000381469727,14128400,0.0,0.0
2020-01-22 00:00:00-05:00,1.1375000476837158,1.159999966621399,1.1150000095367432,1.1399999856948853,10510000,0.0,0.0
2020-01-23 00:00:00-05:00,1.1375000476837158,1.159999966621399,1.1150000095367432,1.1549999713897705,7520800,0.0,0.0
2020-01-24 00:00:00-05:00,1.159999966621399,1.159999966621399,1.0625,1.0800000429153442,16654400,0.0,0.0
2020-01-27 00:00:00-05:00,1.0499999523162842,1.087499976158142,1.0399999618530273,1.0700000524520874,8490000,0.0,0.0
2020-01-28 00:00:00-05:00,1.0750000476837158,1.0750000476837158,1.0449999570846558,1.0525000095367432,8579600,0.0,0.0
2020-01-29 00:00:00-05:00,1.0549999475479126,1.0800000429153442,1.0325000286102295,1.0325000286102295,6210400,0.0,0.0
2020-01-30 00:00:00-05:00,1.024999976158142,1.0299999713897705,0.9700000286102295,0.9825000166893005,12026000,0.0,0.0
2020-01-31 00:00:00-05:00,0.9775000214576721,0.9850000143051147,0.9574999809265137,0.9599999785423279,11566800,0.0,0.0
2020-02-03 00:00:00-05:00,0.9700000286102295,0.9950000047683716,0.9624999761581421,0.987500011920929,8102400,0.0,0.0
2020-02-04 00:00:00-05:00,1.0075000524520874,1.0625,0.9925000071525574,1.0175000429153442,14252400,0.0,0.0
2020-02-05 00:00:00-05:00,1.037500023841858,1.1024999618530273,1.034999966621399,1.0449999570846558,10566800,0.0,0.0
2020-02-06 00:00:00-05:00,1.0499999523162842,1.0750000476837158,1.034999966621399,1.034999966621399,6041200,0.0,0.0
2020-02-07 00:00:00-05:00,1.027500033378601,1.0325000286102295,0.9424999952316284,0.9524999856948853,10969200,0.0,0.0
2020-02-10 00:00:00-05:00,0.9624999761581421,1.024999976158142,0.9350000023841858,0.9850000143051147,11108000,0.0,0.0
2020-02-11 00:00:00-05:00,0.9950000047683716,1.059999942779541,0.987500011920929,1.0049999952316284,13660000,0.0,0.0
2020-02-12 00:00:00-05:00,1.0325000286102295,1.127500057220459,1.0175000429153442,1.0475000143051147,19282400,0.0,0.0
2020-02-13 00:00:00-05:00,1.0299999713897705,1.065000057220459,1.0175000429153442,1.027500033378601,8326800,0.0,0.0
2020-02-14 00:00:00-05:00,1.027500033378601,1.0475000143051147,1.0049999952316284,1.0049999952316284,6330800,0.0,0.0
2020-02-18 00:00:00-05:00,1.002500057220459,1.0199999809265137,0.9900000095367432,1.0149999856948853,5870400,0.0,0.0
2020-02-19 00:00:00-05:00,1.0149999856948853,1.0674999952316284,0.9800000190734863,1.037500023841858,10372400,0.0,0.0
2020-02-20 00:00:00-05:00,1.0399999618530273,1.0750000476837158,1.027500033378601,1.034999966621399,6249200,0.0,0.0
2020-02-21 00:00:00-05:00,1.0299999713897705,1.0449999570846558,0.9975000023841858,1.0099999904632568,6782800,0.0,0.0
2020-02-24 00:00:00-05:00,0.9750000238418579,0.9825000166893005,0.925000011920929,0.925000011920929,14265200,0.0,0.0
2020-02-25 00:00:00-05:00,0.9424999952316284,0.9474999904632568,0.887499988079071,0.8899999856948853,17791600,0.0,0.0
2020-02-26 00:00:00-05:00,0.8949999809265137,0.9049999713897705,0.8399999737739563,0.8475000262260437,18899200,0.0,0.0
2020-02-27 00:00:00-05:00,0.8075000047683716,0.9075000286102295,0.7950000166893005,0.8675000071525574,15518000,0.0,0.0
2020-02-28 00:00:00-05:00,0.8349999785423279,0.9300000071525574,0.8349999785423279,0.8999999761581421,18768800,0.0,0.0
2020-03-02 00:00:00-05:00,0.8999999761581421,0.9624999761581421,0.8475000262260437,0.9574999809265137,12833600,0.0,0.0
2020-03-03 00:00:00-05:00,0.9700000286102295,0.9725000262260437,0.875,0.9075000286102295,17130000,0.0,0.0
2020-03-04 00:00:00-05:00,0.9275000095367432,0.9574999809265137,0.8650000095367432,0.9424999952316284,17030400,0.0,0.0
2020-03-05 00:00:00-05:00,0.925000011920929,0.9975000023841858,0.8974999785423279,0.9900000095367432,14397600,0.0,0.0
2020-03-06 00:00:00-05:00,0.9599999785423279,1.0175000429153442,0.9399999976158142,0.9800000190734863,8387200,0.0,0.0
2020-03-09 00:00:00-04:00,0.8974999785423279,0.9925000071525574,0.875,0.925000011920929,10928000,0.0,0.0
2020-03-10 00:00:00-04:00,0.9850000143051147,1.065000057220459,0.949999988079071,1.0575000047683716,19452800,0.0,0.0
2020-03-11 00:00:00-04:00,1.034999966621399,1.0625,1.0,1.034999966621399,17656400,0.0,0.0
2020-03-12 00:00:00-04:00,0.925000011920929,1.0099999904632568,0.8700000047683716,0.9950000047683716,20493600,0.0,0.0
2020-03-13 00:00:00-04:00,1.0325000286102295,1.162500023841858,0.9624999761581421,1.1475000381469727,23148800,0.0,0.0
2020-03-16 00:00:00-04:00,0.9825000166893005,1.1425000429153442,0.9750000238418579,1.0924999713897705,19466800,0.0,0.0
2020-03-17 00:00:00-04:00,1.100000023841858,1.162500023841858,1.027500033378601,1.0575000047683716,14248800,0.0,0.0
2020-03-18 00:00:00-04:00,1.024999976158142,1.0625,0.875,0.9424999952316284,14606800,0.0,0.0
2020-03-19 00:00:00-04:00,0.9275000095367432,1.0499999523162842,0.887499988079071,1.0475000143051147,20158000,0.0,0.0
2020-03-20 00:00:00-04:00,1.0199999809265137,1.0199999809265137,0.9125000238418579,0.9399999976158142,30888800,0.0,0.0
2020-03-23 00:00:00-04:00,0.8949999809265137,0.9649999737739563,0.875,0.9524999856948853,24039200,0.0,0.0
2020-03-24 00:00:00-04:00,0.987500011920929,1.0525000095367432,0.9725000262260437,1.0399999618530273,27222400,0.0,0.0
2020-03-25 00:00:00-04:00,1.037500023841858,1.122499942779541,1.0099999904632568,1.0425000190734863,14368400,0.0,0.0
2020-03-26 00:00:00-04:00,1.059999942779541,1.1775000095367432,1.059999942779541,1.1024999618530273,24742800,0.0,0.0
2020-03-27 00:00:00-04:00,1.2350000143051147,1.2725000381469727,1.037500023841858,1.0549999475479126,28099200,0.0,0.0
2020-03-30 00:00:00-04:00,1.0549999475479126,1.0674999952316284,0.9125000238418579,0.9125000238418579,13402400,0.0,0.0
2020-03-31 00:00:00-04:00,0.9075000286102295,0.949999988079071,0.875,0.875,9203600,0.0,0.0
2020-04-01 00:00:00-04:00,0.862500011920929,0.8725000023841858,0.7799999713897705,0.8125,18274800,0.0,0.0
2020-04-02 00:00:00-04:00,0.8149999976158142,0.8374999761581421,0.7124999761581421,0.7124999761581421,16257200,0.0,0.0
2020-04-03 00:00:00-04:00,0.7124999761581421,0.7350000143051147,0.6424999833106995,0.699999988079071,15321600,0.0,0.0
2020-04-06 00:00:00-04:00,0.7149999737739563,0.800000011920929,0.7074999809265137,0.7724999785423279,13362000,0.0,0.0
2020-04-07 00:00:00-04:00,0.8475000262260437,0.8600000143051147,0.7749999761581421,0.8174999952316284,11347600,0.0,0.0
2020-04-08 00:00:00-04:00,0.8075000047683716,0.9175000190734863,0.800000011920929,0.8525000214576721,11538000,0.0,0.0
2020-04-09 00:00:00-04:00,0.8999999761581421,1.0625,0.8725000023841858,0.9725000262260437,23634400,0.0,0.0
2020-04-13 00:00:00-04:00,1.0625,1.190000057220459,1.0399999618530273,1.184999942779541,27378000,0.0,0.0
2020-04-14 00:00:00-04:00,1.3025000095367432,1.6174999475479126,1.284999966621399,1.4874999523162842,54026400,0.0,0.0
2020-04-15 00:00:00-04:00,1.4149999618530273,1.4175000190734863,1.225000023841858,1.3174999952316284,29999600,0.0,0.0
2020-04-16 00:00:00-04:00,1.2799999713897705,1.3600000143051147,1.2200000286102295,1.2575000524520874,13487600,0.0,0.0
2020-04-17 00:00:00-04:00,1.3049999475479126,1.3200000524520874,1.1074999570846558,1.2200000286102295,22612800,0.0,0.0
2020-04-20 00:00:00-04:00,1.212499976158142,1.475000023841858,1.1950000524520874,1.402500033378601,24340000,0.0,0.0
2020-04-21 00:00:00-04:00,1.3075000047683716,1.3250000476837158,1.190000057220459,1.1950000524520874,16568400,0.0,0.0
2020-04-22 00:00:00-04:00,1.284999966621399,1.2925000190734863,1.2074999809265137,1.222499966621399,10711200,0.0,0.0
2020-04-23 00:00:00-04:00,1.1875,1.222499966621399,1.1449999809265137,1.1749999523162842,9063600,0.0,0.0
2020-04-24 00:00:00-04:00,1.1950000524520874,1.212499976158142,1.1649999618530273,1.1924999952316284,8944800,0.0,0.0
2020-04-27 00:00:00-04:00,1.212499976158142,1.497499942779541,1.2024999856948853,1.4550000429153442,29100400,0.0,0.0
2020-04-28 00:00:00-04:00,1.4800000190734863,1.5099999904632568,1.2649999856948853,1.409999966621399,20800800,0.0,0.0
2020-04-29 00:00:00-04:00,1.4574999809265137,1.5225000381469727,1.3624999523162842,1.5099999904632568,13478400,0.0,0.0
2020-04-30 00:00:00-04:00,1.4674999713897705,1.4950000047683716,1.409999966621399,1.4325000047683716,8693200,0.0,0.0
2020-05-01 00:00:00-04:00,1.412500023841858,1.5449999570846558,1.3624999523162842,1.5125000476837158,16022400,0.0,0.0
2020-05-04 00:00:00-04:00,1.4600000381469727,1.4824999570846558,1.350000023841858,1.3700000047683716,16272400,0.0,0.0
2020-05-05 00:00:00-04:00,1.3875000476837158,1.4075000286102295,1.337499976158142,1.347499966621399,8423600,0.0,0.0
2020-05-06 00:00:00-04:00,1.350000023841858,1.350000023841858,1.225000023841858,1.2324999570846558,13478400,0.0,0.0
2020-05-07 00:00:00-04:00,1.2074999809265137,1.2324999570846558,1.162500023841858,1.2174999713897705,10003200,0.0,0.0
2020-05-08 00:00:00-04:00,1.2200000286102295,1.2975000143051147,1.2050000429153442,1.2450000047683716,9410400,0.0,0.0
2020-05-11 00:00:00-04:00,1.2300000190734863,1.2400000095367432,1.1875,1.190000057220459,6796800,0.0,0.0
2020-05-12 00:00:00-04:00,1.1950000524520874,1.2300000190734863,1.1150000095367432,1.1349999904632568,10556800,0.0,0.0
2020-05-13 00:00:00-04:00,1.1349999904632568,1.1349999904632568,1.0175000429153442,1.0525000095367432,11531600,0.0,0.0
2020-05-14 00:00:00-04:00,1.037500023841858,1.0475000143051147,0.9900000095367432,1.0325000286102295,8019600,0.0,0.0
2020-05-15 00:00:00-04:00,1.0125000476837158,1.1124999523162842,1.0099999904632568,1.0549999475479126,7762400,0.0,0.0
2020-05-18 00:00:00-04:00,1.100000023841858,1.1575000286102295,1.090000033378601,1.1449999809265137,9456800,0.0,0.0
2020-05-19 00:00:00-04:00,1.1449999809265137,1.1875,1.0924999713897705,1.1100000143051147,7362800,0.0,0.0
2020-05-20 00:00:00-04:00,1.125,1.1725000143051147,1.0850000381469727,1.1074999570846558,10174400,0.0,0.0
2020-05-21 00:00:00-04:00,1.1124999523162842,1.162500023841858,1.100000023841858,1.1100000143051147,7887600,0.0,0.0
2020-05-22 00:00:00-04:00,1.1150000095367432,1.122499942779541,1.0325000286102295,1.0449999570846558,9519600,0.0,0.0
2020-05-26 00:00:00-04:00,1.0850000381469727,1.152500033378601,1.0824999809265137,1.1050000190734863,14182800,0.0,0.0
2020-05-27 00:00:00-04:00,1.1425000429153442,1.1775000095367432,1.090000033378601,1.1725000143051147,12586400,0.0,0.0
2020-05-28 00:00:00-04:00,1.1875,1.190000057220459,1.0750000476837158,1.0824999809265137,8735600,0.0,0.0
2020-05-29 00:00:00-04:00,1.0824999809265137,1.1050000190734863,1.0125000476837158,1.0149999856948853,15846800,0.0,0.0
2020-06-01 00:00:00-04:00,1.0299999713897705,1.090000033378601,1.0049999952316284,1.0325000286102295,10446400,0.0,0.0
2020-06-02 00:00:00-04:00,1.0674999952316284,1.0774999856948853,1.0149999856948853,1.0449999570846558,9477600,0.0,0.0
2020-06-03 00:00:00-04:00,1.059999942779541,1.1299999952316284,1.0499999523162842,1.1100000143051147,12149600,0.0,0.0
2020-06-04 00:00:00-04:00,1.1100000143051147,1.1799999475479126,1.0924999713897705,1.1174999475479126,14057200,0.0,0.0
2020-06-05 00:00:00-04:00,1.0724999904632568,1.1024999618530273,1.0225000381469727,1.034999966621399,25097600,0.0,0.0
2020-06-08 00:00:00-04:00,1.0700000524520874,1.284999966621399,1.0674999952316284,1.252500057220459,40534800,0.0,0.0
2020-06-09 00:00:00-04:00,1.25,1.25,1.1375000476837158,1.2400000095367432,32293600,0.0,0.0
2020-06-10 00:00:00-04:00,1.1950000524520874,1.3825000524520874,1.1699999570846558,1.2675000429153442,42425600,0.0,0.0
2020-06-11 00:00:00-04:00,1.159999966621399,1.225000023841858,1.0449999570846558,1.0924999713897705,24944000,0.0,0.0
2020-06-12 00:00:00-04:00,1.149999976158142,1.1950000524520874,1.097499966621399,1.1799999475479126,17512800,0.0,0.0
2020-06-15 00:00:00-04:00,1.125,1.1924999952316284,1.1050000190734863,1.1725000143051147,15636000,0.0,0.0
2020-06-16 00:00:00-04:00,1.2374999523162842,1.2374999523162842,1.127500057220459,1.159999966621399,12485200,0.0,0.0
2020-06-17 00:00:00-04:00,1.1349999904632568,1.2074999809265137,1.1325000524520874,1.190000057220459,14374000,0.0,0.0
2020-06-18 00:00:00-04:00,1.1675000190734863,1.2374999523162842,1.162500023841858,1.2374999523162842,13695200,0.0,0.0
2020-06-19 00:00:00-04:00,1.2374999523162842,1.2699999809265137,1.1725000143051147,1.2200000286102295,29466400,0.0,0.0
2020-06-22 00:00:00-04:00,1.1974999904632568,1.2374999523162842,1.1799999475479126,1.2174999713897705,12715600,0.0,0.0
2020-06-23 00:00:00-04:00,1.2374999523162842,1.247499942779541,1.2000000476837158,1.2074999809265137,12821600,0.0,0.0
2020-06-24 00:00:00-04:00,1.2074999809265137,1.2100000381469727,1.0950000286102295,1.1024999618530273,11904800,0.0,0.0
2020-06-25 00:00:00-04:00,1.0824999809265137,1.1349999904632568,1.0750000476837158,1.1150000095367432,9803200,0.0,0.0
2020-06-26 00:00:00-04:00,1.1200000047683716,1.125,1.0674999952316284,1.087499976158142,15204800,0.0,0.0
2020-06-29 00:00:00-04:00,1.087499976158142,1.1299999952316284,1.0750000476837158,1.0950000286102295,8524800,0.0,0.0
2020-06-30 00:00:00-04:00,1.0824999809265137,1.127500057220459,1.0499999523162842,1.0850000381469727,15556000,0.0,0.0
2020-07-01 00:00:00-04:00,1.0774999856948853,1.125,1.0774999856948853,1.1100000143051147,9214800,0.0,0.0
2020-07-02 00:00:00-04:00,1.122499942779541,1.127500057220459,1.0724999904632568,1.0724999904632568,7550400,0.0,0.0
2020-07-06 00:00:00-04:00,1.0774999856948853,1.0850000381469727,1.0475000143051147,1.059999942779541,8563600,0.0,0.0
2020-07-07 00:00:00-04:00,1.0499999523162842,1.0625,1.0149999856948853,1.0225000381469727,9826400,0.0,0.0
2020-07-08 00:00:00-04:00,1.024999976158142,1.0724999904632568,1.0075000524520874,1.065000057220459,8211200,0.0,0.0
2020-07-09 00:00:00-04:00,1.0674999952316284,1.0800000429153442,1.0325000286102295,1.0525000095367432,7970400,0.0,0.0
2020-07-10 00:00:00-04:00,1.0499999523162842,1.0950000286102295,1.0449999570846558,1.0850000381469727,5643200,0.0,0.0
2020-07-13 00:00:00-04:00,1.087499976158142,1.1375000476837158,1.065000057220459,1.065000057220459,16864800,0.0,0.0
2020-07-14 00:00:00-04:00,1.0549999475479126,1.0774999856948853,1.0175000429153442,1.0199999809265137,9046400,0.0,0.0
2020-07-15 00:00:00-04:00,1.0325000286102295,1.0724999904632568,1.0325000286102295,1.0475000143051147,5896400,0.0,0.0
2020-07-16 00:00:00-04:00,1.0475000143051147,1.0499999523162842,1.0225000381469727,1.0425000190734863,5320400,0.0,0.0
2020-07-17 00:00:00-04:00,1.0399999618530273,1.0575000047683716,0.9850000143051147,0.9900000095367432,12263600,0.0,0.0
2020-07-20 00:00:00-04:00,0.987500011920929,1.0149999856948853,0.9424999952316284,0.9624999761581421,13604400,0.0,0.0
2020-07-21 00:00:00-04:00,0.9750000238418579,1.0225000381469727,0.9700000286102295,1.002500057220459,13351600,0.0,0.0
2020-07-22 00:00:00-04:00,1.0049999952316284,1.0299999713897705,0.9800000190734863,1.027500033378601,10094000,0.0,0.0
2020-07-23 00:00:00-04:00,1.0225000381469727,1.0774999856948853,1.0149999856948853,1.027500033378601,12948800,0.0,0.0
2020-07-24 00:00:00-04:00,1.0149999856948853,1.0575000047683716,1.002500057220459,1.0075000524520874,8863600,0.0,0.0
2020-07-27 00:00:00-04:00,1.0049999952316284,1.0299999713897705,0.987500011920929,1.002500057220459,9890800,0.0,0.0
2020-07-28 00:00:00-04:00,0.9900000095367432,1.0125000476837158,0.9800000190734863,0.9850000143051147,18221600,0.0,0.0
2020-07-29 00:00:00-04:00,0.9850000143051147,1.0449999570846558,0.9800000190734863,1.0149999856948853,11518400,0.0,0.0
2020-07-30 00:00:00-04:00,1.0,1.0575000047683716,0.9925000071525574,1.024999976158142,9594000,0.0,0.0
2020-07-31 00:00:00-04:00,1.0149999856948853,1.0399999618530273,0.9975000023841858,1.002500057220459,7517600,0.0,0.0
2020-08-03 00:00:00-04:00,1.0075000524520874,1.0625,1.0,1.037500023841858,10070400,0.0,0.0
2020-08-04 00:00:00-04:00,1.0325000286102295,1.184999942779541,1.0325000286102295,1.1074999570846558,41445600,0.0,0.0
2020-08-05 00:00:00-04:00,1.125,1.190000057220459,1.0625,1.1575000286102295,19677200,0.0,0.0
2020-08-06 00:00:00-04:00,1.149999976158142,1.1649999618530273,1.0950000286102295,1.1074999570846558,7604800,0.0,0.0
2020-08-07 00:00:00-04:00,1.097499966621399,1.100000023841858,1.0149999856948853,1.0399999618530273,13364400,0.0,0.0
2020-08-10 00:00:00-04:00,1.0499999523162842,1.1425000429153442,1.0449999570846558,1.0824999809265137,18247200,0.0,0.0
2020-08-11 00:00:00-04:00,1.1074999570846558,1.1425000429153442,1.0850000381469727,1.087499976158142,12555200,0.0,0.0
2020-08-12 00:00:00-04:00,1.100000023841858,1.1575000286102295,1.090000033378601,1.1299999952316284,12230400,0.0,0.0
2020-08-13 00:00:00-04:00,1.1299999952316284,1.1775000095367432,1.125,1.159999966621399,8513200,0.0,0.0
2020-08-14 00:00:00-04:00,1.149999976158142,1.2074999809265137,1.1375000476837158,1.1875,13897600,0.0,0.0
2020-08-17 00:00:00-04:00,1.1950000524520874,1.1950000524520874,1.1399999856948853,1.1575000286102295,9484000,0.0,0.0
2020-08-18 00:00:00-04:00,1.152500033378601,1.2174999713897705,1.1074999570846558,1.2024999856948853,15337600,0.0,0.0
2020-08-19 00:00:00-04:00,1.2000000476837158,1.2100000381469727,1.159999966621399,1.1799999475479126,10450400,0.0,0.0
2020-08-20 00:00:00-04:00,1.1549999713897705,1.1699999570846558,1.127500057220459,1.152500033378601,9764800,0.0,0.0
2020-08-21 00:00:00-04:00,1.149999976158142,1.399999976158142,1.149999976158142,1.2575000524520874,42570400,0.0,0.0
2020-08-24 00:00:00-04:00,1.274999976158142,1.2825000286102295,1.1399999856948853,1.2174999713897705,18341600,0.0,0.0
2020-08-25 00:00:00-04:00,1.2200000286102295,1.3125,1.2200000286102295,1.2450000047683716,11994800,0.0,0.0
2020-08-26 00:00:00-04:00,1.2424999475479126,1.3049999475479126,1.2300000190734863,1.277500033378601,11118800,0.0,0.0
2020-08-27 00:00:00-04:00,1.277500033378601,1.3450000286102295,1.2549999952316284,1.3125,13537600,0.0,0.0
2020-08-28 00:00:00-04:00,1.3250000476837158,1.3925000429153442,1.3049999475479126,1.347499966621399,16947600,0.0,0.0
2020-08-31 00:00:00-04:00,1.4424999952316284,1.787500023841858,1.4225000143051147,1.6699999570846558,151904000,0.0,0.0
2020-09-01 00:00:00-04:00,1.8250000476837158,1.9550000429153442,1.6924999952316284,1.912500023841858,92634400,0.0,0.0
2020-09-02 00:00:00-04:00,1.9500000476837158,2.012500047683716,1.777500033378601,1.9275000095367432,52044400,0.0,0.0
2020-09-03 00:00:00-04:00,1.9700000286102295,2.112499952316284,1.809999942779541,1.9550000429153442,57378000,0.0,0.0
2020-09-04 00:00:00-04:00,1.9450000524520874,1.9800000190734863,1.7925000190734863,1.912500023841858,30648000,0.0,0.0
2020-09-08 00:00:00-04:00,1.8875000476837158,2.069999933242798,1.8700000047683716,1.9249999523162842,39266400,0.0,0.0
2020-09-09 00:00:00-04:00,1.9900000095367432,1.997499942779541,1.8274999856948853,1.837499976158142,36272400,0.0,0.0
2020-09-10 00:00:00-04:00,1.662500023841858,1.7374999523162842,1.5475000143051147,1.5575000047683716,62233200,0.0,0.0
2020-09-11 00:00:00-04:00,1.565000057220459,1.5824999809265137,1.4674999713897705,1.5225000381469727,24244800,0.0,0.0
2020-09-14 00:00:00-04:00,1.7000000476837158,1.75,1.6074999570846558,1.7274999618530273,40476000,0.0,0.0
2020-09-15 00:00:00-04:00,1.715000033378601,1.815000057220459,1.6725000143051147,1.7725000381469727,22974000,0.0,0.0
2020-09-16 00:00:00-04:00,1.7575000524520874,2.259999990463257,1.7575000524520874,2.1700000762939453,77025200,0.0,0.0
2020-09-17 00:00:00-04:00,2.1424999237060547,2.442500114440918,2.1024999618530273,2.299999952316284,68106800,0.0,0.0
2020-09-18 00:00:00-04:00,2.299999952316284,2.442500114440918,2.2274999618530273,2.367500066757202,69630000,0.0,0.0
2020-09-21 00:00:00-04:00,2.3375000953674316,2.4000000953674316,2.0950000286102295,2.1875,30559200,0.0,0.0
2020-09-22 00:00:00-04:00,2.612499952316284,2.7925000190734863,2.4749999046325684,2.640000104904175,139010000,0.0,0.0
2020-09-23 00:00:00-04:00,2.6500000953674316,2.7149999141693115,2.4800000190734863,2.509999990463257,42604800,0.0,0.0
2020-09-24 00:00:00-04:00,2.427500009536743,2.452500104904175,2.252500057220459,2.2850000858306885,31755200,0.0,0.0
2020-09-25 00:00:00-04:00,2.297499895095825,2.5450000762939453,2.2750000953674316,2.505000114440918,30060800,0.0,0.0
2020-09-28 00:00:00-04:00,2.5399999618530273,2.565000057220459,2.387500047683716,2.5225000381469727,27057200,0.0,0.0
2020-09-29 00:00:00-04:00,2.5,2.6624999046325684,2.4825000762939453,2.5875000953674316,20950400,0.0,0.0
2020-09-30 00:00:00-04:00,2.5625,2.690000057220459,2.515000104904175,2.549999952316284,24316000,0.0,0.0
2020-10-01 00:00:00-04:00,2.5225000381469727,2.5625,2.422499895095825,2.442500114440918,18216400,0.0,0.0
2020-10-02 00:00:00-04:00,2.3450000286102295,2.444999933242798,2.325000047683716,2.3475000858306885,17362000,0.0,0.0
2020-10-05 00:00:00-04:00,2.359999895095825,2.3975000381469727,2.3125,2.365000009536743,11220000,0.0,0.0
2020-10-06 00:00:00-04:00,2.390000104904175,2.4600000381469727,2.2750000953674316,2.2825000286102295,18141600,0.0,0.0
2020-10-07 00:00:00-04:00,2.307499885559082,2.390000104904175,2.2925000190734863,2.3399999141693115,13234400,0.0,0.0
2020-10-08 00:00:00-04:00,2.384999990463257,3.4100000858306885,2.297499895095825,3.372499942779541,305814400,0.0,0.0
2020-10-09 00:00:00-04:00,3.2074999809265137,3.700000047683716,2.9749999046325684,3.005000114440918,308611200,0.0,0.0
2020-10-12 00:00:00-04:00,2.9149999618530273,3.192500114440918,2.8499999046325684,2.950000047683716,94622800,0.0,0.0
2020-10-13 00:00:00-04:00,2.932499885559082,3.1050000190734863,2.9124999046325684,2.9700000286102295,40718800,0.0,0.0
2020-10-14 00:00:00-04:00,3.1675000190734863,3.1700000762939453,3.012500047683716,3.0625,43045600,0.0,0.0
2020-10-15 00:00:00-04:00,2.997499942779541,3.7750000953674316,2.997499942779541,3.4574999809265137,159579200,0.0,0.0
2020-10-16 00:00:00-04:00,3.442500114440918,3.4749999046325684,3.2699999809265137,3.327500104904175,46606400,0.0,0.0
2020-10-19 00:00:00-04:00,3.359999895095825,3.625,3.3450000286102295,3.4774999618530273,52676400,0.0,0.0
2020-10-20 00:00:00-04:00,3.507499933242798,3.5350000858306885,3.4175000190734863,3.4649999141693115,26416000,0.0,0.0
2020-10-21 00:00:00-04:00,3.4749999046325684,3.6050000190734863,3.450000047683716,3.5250000953674316,21447600,0.0,0.0
2020-10-22 00:00:00-04:00,3.549999952316284,3.9674999713897705,3.547499895095825,3.7274999618530273,64848800,0.0,0.0
2020-10-23 00:00:00-04:00,3.762500047683716,3.8450000286102295,3.637500047683716,3.75,26029200,0.0,0.0
2020-10-26 00:00:00-04:00,3.7325000762939453,3.862499952316284,3.315000057220459,3.362499952316284,53505200,0.0,0.0
2020-10-27 00:00:00-04:00,3.427500009536743,3.427500009536743,3.0899999141693115,3.172499895095825,28924000,0.0,0.0
2020-10-28 00:00:00-04:00,3.067500114440918,3.262500047683716,2.944999933242798,2.9549999237060547,25554400,0.0,0.0
2020-10-29 00:00:00-04:00,2.9700000286102295,3.0625,2.9200000762939453,2.932499885559082,16663200,0.0,0.0
2020-10-30 00:00:00-04:00,2.9100000858306885,2.9100000858306885,2.5899999141693115,2.617500066757202,46187600,0.0,0.0
2020-11-02 00:00:00-05:00,2.7049999237060547,2.7725000381469727,2.625,2.6875,20908000,0.0,0.0
2020-11-03 00:00:00-05:00,2.6875,2.9649999141693115,2.6575000286102295,2.8924999237060547,29818000,0.0,0.0
2020-11-04 00:00:00-05:00,2.940000057220459,2.942500114440918,2.6524999141693115,2.7274999618530273,23231600,0.0,0.0
2020-11-05 00:00:00-05:00,2.817500114440918,2.9600000381469727,2.765000104904175,2.862499952316284,18820800,0.0,0.0
2020-11-06 00:00:00-05:00,2.880000114440918,3.0425000190734863,2.8299999237060547,2.9649999141693115,22072800,0.0,0.0
2020-11-09 00:00:00-05:00,3.190000057220459,3.2325000762939453,2.8125,2.872499942779541,24979600,0.0,0.0
2020-11-10 00:00:00-05:00,2.875,2.9149999618530273,2.7074999809265137,2.7750000953674316,15304000,0.0,0.0
2020-11-11 00:00:00-05:00,2.875,2.987499952316284,2.802500009536743,2.9375,19530400,0.0,0.0
2020-11-12 00:00:00-05:00,2.934999942779541,2.9674999713897705,2.742500066757202,2.7825000286102295,17413200,0.0,0.0
2020-11-13 00:00:00-05:00,2.8399999141693115,2.887500047683716,2.75,2.752500057220459,14143600,0.0,0.0
2020-11-16 00:00:00-05:00,2.7899999618530273,3.1649999618530273,2.680000066757202,3.015000104904175,39099200,0.0,0.0
2020-11-17 00:00:00-05:00,2.9124999046325684,2.9800000190734863,2.807499885559082,2.9075000286102295,26712800,0.0,0.0
2020-11-18 00:00:00-05:00,2.950000047683716,3.009999990463257,2.890000104904175,2.8924999237060547,12676800,0.0,0.0
2020-11-19 00:00:00-05:00,2.9000000953674316,3.197499990463257,2.862499952316284,3.115000009536743,47150400,0.0,0.0
2020-11-20 00:00:00-05:00,3.137500047683716,3.365000009536743,3.134999990463257,3.177500009536743,33581600,0.0,0.0
2020-11-23 00:00:00-05:00,3.2249999046325684,3.5299999713897705,3.1675000190734863,3.4749999046325684,38396400,0.0,0.0
2020-11-24 00:00:00-05:00,3.557499885559082,3.565000057220459,3.325000047683716,3.4175000190734863,28732800,0.0,0.0
2020-11-25 00:00:00-05:00,3.4000000953674316,3.8125,3.3550000190734863,3.6875,35440400,0.0,0.0
2020-11-27 00:00:00-05:00,3.822499990463257,4.184999942779541,3.7200000286102295,4.019999980926514,50016800,0.0,0.0
2020-11-30 00:00:00-05:00,4.542500019073486,4.855000019073486,4.139999866485596,4.139999866485596,127934000,0.0,0.0
2020-12-01 00:00:00-05:00,4.277500152587891,4.349999904632568,3.940000057220459,3.950000047683716,50615600,0.0,0.0
2020-12-02 00:00:00-05:00,3.924999952316284,4.170000076293945,3.8450000286102295,4.144999980926514,31533600,0.0,0.0
2020-12-03 00:00:00-05:00,4.119999885559082,4.159999847412109,3.9674999713897705,4.03000020980835,25180000,0.0,0.0
2020-12-04 00:00:00-05:00,4.074999809265137,4.322500228881836,4.065000057220459,4.224999904632568,35890800,0.0,0.0
2020-12-07 00:00:00-05:00,4.25,4.375,4.054999828338623,4.087500095367432,29545200,0.0,0.0
2020-12-08 00:00:00-05:00,4.09250020980835,4.302499771118164,3.9825000762939453,4.235000133514404,64480800,0.0,0.0
2020-12-09 00:00:00-05:00,3.4800000190734863,3.682499885559082,3.307499885559082,3.4149999618530273,97431600,0.0,0.0
2020-12-10 00:00:00-05:00,3.2799999713897705,3.6024999618530273,3.262500047683716,3.5299999713897705,30235600,0.0,0.0
2020-12-11 00:00:00-05:00,3.4774999618530273,3.5,3.255000114440918,3.327500104904175,29987600,0.0,0.0
2020-12-14 00:00:00-05:00,3.3350000381469727,3.3575000762939453,3.0350000858306885,3.180000066757202,40028400,0.0,0.0
2020-12-15 00:00:00-05:00,3.194999933242798,3.505000114440918,3.119999885559082,3.4625000953674316,32759200,0.0,0.0
2020-12-16 00:00:00-05:00,3.490000009536743,3.577500104904175,3.3949999809265137,3.4625000953674316,23460400,0.0,0.0
2020-12-17 00:00:00-05:00,3.490000009536743,3.744999885559082,3.3975000381469727,3.7074999809265137,32779600,0.0,0.0
2020-12-18 00:00:00-05:00,3.944999933242798,4.074999809265137,3.7950000762939453,3.9075000286102295,66475200,0.0,0.0
2020-12-21 00:00:00-05:00,3.952500104904175,4.087500095367432,3.819999933242798,3.882499933242798,39504400,0.0,0.0
2020-12-22 00:00:00-05:00,4.054999828338623,5.010000228881836,4.037499904632568,4.864999771118164,122610800,0.0,0.0
2020-12-23 00:00:00-05:00,5.042500019073486,5.587500095367432,4.78249979019165,5.142499923706055,103321200,0.0,0.0
2020-12-24 00:00:00-05:00,5.252500057220459,5.369999885559082,4.987500190734863,5.037499904632568,25048800,0.0,0.0
2020-12-28 00:00:00-05:00,5.327499866485596,5.492499828338623,5.087500095367432,5.247499942779541,35863600,0.0,0.0
2020-12-29 00:00:00-05:00,5.204999923706055,5.267499923706055,4.639999866485596,4.84499979019165,36965600,0.0,0.0
2020-12-30 00:00:00-05:00,4.84499979019165,5.0,4.712500095367432,4.815000057220459,23737600,0.0,0.0
2020-12-31 00:00:00-05:00,4.8125,4.949999809265137,4.699999809265137,4.710000038146973,27690800,0.0,0.0
2021-01-04 00:00:00-05:00,4.75,4.775000095367432,4.287499904632568,4.3125,40090000,0.0,0.0
2021-01-05 00:00:00-05:00,4.337500095367432,4.519999980926514,4.307499885559082,4.34250020980835,19846000,0.0,0.0
2021-01-06 00:00:00-05:00,4.335000038146973,4.744999885559082,4.332499980926514,4.590000152587891,24224800,0.0,0.0
2021-01-07 00:00:00-05:00,4.617499828338623,4.862500190734863,4.505000114440918,4.519999980926514,24517200,0.0,0.0
2021-01-08 00:00:00-05:00,4.545000076293945,4.574999809265137,4.269999980926514,4.422500133514404,25928000,0.0,0.0
2021-01-11 00:00:00-05:00,4.852499961853027,5.162499904632568,4.752500057220459,4.985000133514404,59632000,0.0,0.0
2021-01-12 00:00:00-05:00,4.989999771118164,5.099999904632568,4.829999923706055,4.987500190734863,28242800,0.0,0.0
2021-01-13 00:00:00-05:00,5.105000019073486,9.662500381469727,5.007500171661377,7.849999904632568,578006800,0.0,0.0
2021-01-14 00:00:00-05:00,9.522500038146973,10.765000343322754,8.262499809265137,9.977499961853027,374869600,0.0,0.0
2021-01-15 00:00:00-05:00,9.6225004196167,10.1875,8.5024995803833,8.875,187465600,0.0,0.0
2021-01-19 00:00:00-05:00,10.387499809265137,11.380000114440918,9.15999984741211,9.84000015258789,298887600,0.0,0.0
2021-01-20 00:00:00-05:00,9.342499732971191,10.297499656677246,9.015000343322754,9.779999732971191,133887200,0.0,0.0
2021-01-21 00:00:00-05:00,9.807499885559082,11.1875,9.25,10.757499694824219,224867600,0.0,0.0
2021-01-22 00:00:00-05:00,10.647500038146973,19.190000534057617,10.579999923706055,16.252500534057617,788631600,0.0,0.0
2021-01-25 00:00:00-05:00,24.1825008392334,39.79499816894531,15.282500267028809,19.197500228881836,711496000,0.0,0.0
2021-01-26 00:00:00-05:00,22.139999389648438,37.5,20.049999237060547,36.994998931884766,714352000,0.0,0.0
2021-01-27 00:00:00-05:00,88.7074966430664,95.0,62.25,86.87750244140625,373586800,0.0,0.0
2021-01-28 00:00:00-05:00,66.25,120.75,28.0625,48.400001525878906,235263200,0.0,0.0
2021-01-29 00:00:00-05:00,94.92749786376953,103.49500274658203,62.5,81.25,202264400,0.0,0.0
2021-02-01 00:00:00-05:00,79.13999938964844,80.5,53.0,56.25,149528800,0.0,0.0
2021-02-02 00:00:00-05:00,35.189998626708984,39.5,18.55500030517578,22.5,312732400,0.0,0.0
2021-02-03 00:00:00-05:00,28.002500534057617,28.350000381469727,21.3125,23.102500915527344,170794000,0.0,0.0
2021-02-04 00:00:00-05:00,22.797500610351562,22.875,13.332500457763672,13.375,249709200,0.0,0.0
2021-02-05 00:00:00-05:00,13.510000228881836,23.75,12.772500038146973,15.942500114440918,325380000,0.0,0.0
2021-02-08 00:00:00-05:00,18.102500915527344,18.165000915527344,14.505000114440918,15.0,102749200,0.0,0.0
2021-02-09 00:00:00-05:00,14.15250015258789,14.25,11.630000114440918,12.577500343322754,107372400,0.0,0.0
2021-02-10 00:00:00-05:00,12.692500114440918,15.707500457763672,11.637499809265137,12.800000190734863,145820000,0.0,0.0
2021-02-11 00:00:00-05:00,12.5024995803833,13.829999923706055,12.055000305175781,12.774999618530273,52226800,0.0,0.0
2021-02-12 00:00:00-05:00,12.6875,13.8100004196167,12.012499809265137,13.100000381469727,58293200,0.0,0.0
2021-02-16 00:00:00-05:00,13.164999961853027,13.375,12.260000228881836,12.3774995803833,32700000,0.0,0.0
2021-02-17 00:00:00-05:00,12.442500114440918,12.797499656677246,11.140000343322754,11.484999656677246,36747200,0.0,0.0
2021-02-18 00:00:00-05:00,12.1225004196167,12.217499732971191,10.162500381469727,10.172499656677246,95962400,0.0,0.0
2021-02-19 00:00:00-05:00,10.319999694824219,10.97249984741211,9.625,10.147500038146973,59312800,0.0,0.0
2021-02-22 00:00:00-05:00,11.672499656677246,12.1274995803833,10.600000381469727,11.5,77904000,0.0,0.0
2021-02-23 00:00:00-05:00,11.242500305175781,11.557499885559082,10.0,11.242500305175781,30260800,0.0,0.0
2021-02-24 00:00:00-05:00,11.175000190734863,22.927499771118164,11.175000190734863,22.927499771118164,332446800,0.0,0.0
2021-02-25 00:00:00-05:00,42.38999938964844,46.16999816894531,25.25,27.1825008392334,601235200,0.0,0.0
2021-02-26 00:00:00-05:00,29.364999771118164,35.724998474121094,21.5,25.434999465942383,368776800,0.0,0.0
2021-03-01 00:00:00-05:00,26.135000228881836,33.497501373291016,24.99250030517578,30.100000381469727,199176000,0.0,0.0
2021-03-02 00:00:00-05:00,29.232500076293945,33.29999923706055,28.049999237060547,29.545000076293945,135132000,0.0,0.0
2021-03-03 00:00:00-05:00,30.627500534057617,31.9375,28.280000686645508,31.045000076293945,77095600,0.0,0.0
2021-03-04 00:00:00-05:00,31.25,36.967498779296875,28.825000762939453,33.087501525878906,130427600,0.0,0.0
2021-03-05 00:00:00-05:00,32.04249954223633,37.88249969482422,31.875,34.435001373291016,122934800,0.0,0.0
2021-03-08 00:00:00-05:00,38.72249984741211,52.717498779296875,36.525001525878906,48.625,254262400,0.0,0.0
2021-03-09 00:00:00-05:00,54.4275016784668,62.462501525878906,52.127498626708984,61.724998474121094,156397200,0.0,0.0
2021-03-10 00:00:00-05:00,67.35749816894531,87.125,43.0,66.25,286282400,0.0,0.0
2021-03-11 00:00:00-05:00,60.40999984741211,70.375,58.150001525878906,65.0,113250000,0.0,0.0
2021-03-12 00:00:00-05:00,68.75,73.875,65.56749725341797,66.125,103383600,0.0,0.0
2021-03-15 00:00:00-04:00,69.37999725341797,70.75,51.5,55.03499984741211,96401600,0.0,0.0
2021-03-16 00:00:00-04:00,50.790000915527344,55.17499923706055,43.087501525878906,52.04249954223633,141691600,0.0,0.0
2021-03-17 00:00:00-04:00,54.459999084472656,57.86750030517578,51.0,52.45249938964844,65926400,0.0,0.0
2021-03-18 00:00:00-04:00,53.5,54.720001220703125,48.912498474121094,50.4375,47059600,0.0,0.0
2021-03-19 00:00:00-04:00,48.932498931884766,56.75,45.665000915527344,50.067501068115234,98709200,0.0,0.0
2021-03-22 00:00:00-04:00,51.314998626708984,52.59000015258789,46.54999923706055,48.622501373291016,40246000,0.0,0.0
2021-03-23 00:00:00-04:00,49.375,50.4375,44.38750076293945,45.4375,57716400,0.0,0.0
2021-03-24 00:00:00-04:00,39.494998931884766,41.74250030517578,29.655000686645508,30.084999084472656,96711600,0.0,0.0
2021-03-25 00:00:00-04:00,30.872499465942383,46.875,29.225000381469727,45.9375,203849200,0.0,0.0
2021-03-26 00:00:00-04:00,49.41999816894531,54.73249816894531,40.814998626708984,45.25,149722800,0.0,0.0
2021-03-29 00:00:00-04:00,45.1875,48.47999954223633,43.377498626708984,45.32500076293945,40168800,0.0,0.0
2021-03-30 00:00:00-04:00,46.875,51.07500076293945,45.5,48.6150016784668,68379600,0.0,0.0
2021-03-31 00:00:00-04:00,49.375,49.8650016784668,46.77750015258789,47.45500183105469,33575200,0.0,0.0
2021-04-01 00:00:00-04:00,48.34000015258789,49.24250030517578,45.900001525878906,47.86249923706055,37337200,0.0,0.0
2021-04-05 00:00:00-04:00,42.75,48.75,41.20249938964844,46.73749923706055,56282000,0.0,0.0
2021-04-06 00:00:00-04:00,46.3025016784668,48.0,45.88999938964844,46.125,24873200,0.0,0.0
2021-04-07 00:00:00-04:00,45.80500030517578,46.125,44.02750015258789,44.49250030517578,19073200,0.0,0.0
2021-04-08 00:00:00-04:00,46.470001220703125,46.470001220703125,41.07500076293945,42.564998626708984,40189600,0.0,0.0
2021-04-09 00:00:00-04:00,42.42499923706055,42.89500045776367,38.25,39.59000015258789,37849600,0.0,0.0
2021-04-12 00:00:00-04:00,39.52750015258789,40.974998474121094,33.752498626708984,35.272499084472656,66734400,0.0,0.0
2021-04-13 00:00:00-04:00,35.470001220703125,36.345001220703125,33.0,35.247501373291016,27227600,0.0,0.0
2021-04-14 00:00:00-04:00,35.89250183105469,43.522499084472656,35.75,41.63249969482422,84552400,0.0,0.0
2021-04-15 00:00:00-04:00,40.75,41.5625,38.20000076293945,39.11000061035156,31427200,0.0,0.0
2021-04-16 00:00:00-04:00,39.0,40.04999923706055,37.8125,38.67250061035156,20858800,0.0,0.0
2021-04-19 00:00:00-04:00,42.95000076293945,43.79999923706055,40.58250045776367,41.092498779296875,42080800,0.0,0.0
2021-04-20 00:00:00-04:00,41.03499984741211,41.22249984741211,38.34000015258789,39.63249969482422,18634400,0.0,0.0
2021-04-21 00:00:00-04:00,39.599998474121094,40.744998931884766,38.97999954223633,39.627498626708984,15251200,0.0,0.0
2021-04-22 00:00:00-04:00,39.775001525878906,39.775001525878906,36.71500015258789,37.79249954223633,17383200,0.0,0.0
2021-04-23 00:00:00-04:00,37.25,38.415000915527344,36.17499923706055,37.79499816894531,16116400,0.0,0.0
2021-04-26 00:00:00-04:00,37.744998931884766,43.66999816894531,37.189998626708984,42.23249816894531,42128400,0.0,0.0
2021-04-27 00:00:00-04:00,45.88750076293945,47.0,43.29249954223633,44.442501068115234,35730800,0.0,0.0
2021-04-28 00:00:00-04:00,43.025001525878906,45.494998931884766,41.50749969482422,44.64500045776367,23155600,0.0,0.0
2021-04-29 00:00:00-04:00,44.13999938964844,45.21500015258789,42.6875,44.04750061035156,15041200,0.0,0.0
2021-04-30 00:00:00-04:00,43.75,45.95000076293945,43.17499923706055,43.397499084472656,17734400,0.0,0.0
2021-05-03 00:00:00-04:00,44.372501373291016,44.372501373291016,39.90250015258789,40.54999923706055,21044000,0.0,0.0
2021-05-04 00:00:00-04:00,39.75,40.372501373291016,37.95000076293945,40.182498931884766,16030000,0.0,0.0
2021-05-05 00:00:00-04:00,40.45750045776367,41.375,39.58250045776367,39.869998931884766,11221600,0.0,0.0
2021-05-06 00:00:00-04:00,40.21500015258789,41.18000030517578,38.900001525878906,40.252498626708984,11771200,0.0,0.0
2021-05-07 00:00:00-04:00,40.02750015258789,41.852500915527344,39.375,40.27750015258789,11738400,0.0,0.0
2021-05-10 00:00:00-04:00,40.32749938964844,40.397499084472656,35.75,35.80500030517578,19226800,0.0,0.0
2021-05-11 00:00:00-04:00,34.25,37.625,34.125,36.72999954223633,18738400,0.0,0.0
2021-05-12 00:00:00-04:00,36.42499923706055,37.625,35.557498931884766,36.1974983215332,10926000,0.0,0.0
2021-05-13 00:00:00-04:00,36.86000061035156,42.48749923706055,36.60749816894531,41.125,35494000,0.0,0.0
2021-05-14 00:00:00-04:00,40.0,41.61750030517578,39.05500030517578,39.97999954223633,17174000,0.0,0.0
2021-05-17 00:00:00-04:00,39.962501525878906,45.625,39.75,45.150001525878906,29848400,0.0,0.0
2021-05-18 00:00:00-04:00,43.6349983215332,47.29999923706055,42.067501068115234,45.16749954223633,30954800,0.0,0.0
2021-05-19 00:00:00-04:00,42.997501373291016,44.744998931884766,41.037498474121094,42.20750045776367,19303600,0.0,0.0
2021-05-20 00:00:00-04:00,42.6974983215332,43.727500915527344,41.724998474121094,42.622501373291016,9912800,0.0,0.0
2021-05-21 00:00:00-04:00,42.75,44.810001373291016,42.58250045776367,44.1974983215332,14618800,0.0,0.0
2021-05-24 00:00:00-04:00,43.962501525878906,47.1150016784668,43.337501525878906,45.002498626708984,18657200,0.0,0.0
2021-05-25 00:00:00-04:00,45.25,54.27750015258789,45.25,52.35749816894531,59550000,0.0,0.0
2021-05-26 00:00:00-04:00,57.25,62.119998931884766,56.38750076293945,60.63999938964844,84479600,0.0,0.0
2021-05-27 00:00:00-04:00,57.45000076293945,66.0,56.75,63.532501220703125,62105200,0.0,0.0
2021-05-28 00:00:00-04:00,65.74250030517578,67.19999694824219,55.35749816894531,55.5,47005600,0.0,0.0
2021-06-01 00:00:00-04:00,58.369998931884766,63.744998931884766,56.76750183105469,62.255001068115234,38502400,0.0,0.0
2021-06-02 00:00:00-04:00,62.220001220703125,73.5,61.07500076293945,70.55999755859375,64076800,0.0,0.0
2021-06-03 00:00:00-04:00,66.42749786376953,68.60749816894531,60.529998779296875,64.54499816894531,32000000,0.0,0.0
2021-06-04 00:00:00-04:00,64.00499725341797,66.25,61.442501068115234,62.09000015258789,14550000,0.0,0.0
2021-06-07 00:00:00-04:00,64.5,70.5,63.79999923706055,70.00250244140625,24206000,0.0,0.0
2021-06-08 00:00:00-04:00,73.0,86.16500091552734,70.25,75.0,69756400,0.0,0.0
2021-06-09 00:00:00-04:00,75.77999877929688,82.0,72.87750244140625,75.63999938964844,53717200,0.0,0.0
2021-06-10 00:00:00-04:00,70.5,72.0,52.75,55.09749984741211,91920800,0.0,0.0
2021-06-11 00:00:00-04:00,55.587501525878906,60.282501220703125,51.532501220703125,58.334999084472656,62323200,0.0,0.0
2021-06-14 00:00:00-04:00,59.125,59.502498626708984,54.79999923706055,57.36000061035156,28530400,0.0,0.0
2021-06-15 00:00:00-04:00,56.59000015258789,57.3125,52.0,55.625,29207600,0.0,0.0
2021-06-16 00:00:00-04:00,53.810001373291016,57.182498931884766,52.25,55.74250030517578,22259200,0.0,0.0
2021-06-17 00:00:00-04:00,56.0,58.415000915527344,55.369998931884766,55.897499084472656,18434400,0.0,0.0
2021-06-18 00:00:00-04:00,55.04499816894531,55.872501373291016,53.25,53.45500183105469,17281200,0.0,0.0
2021-06-21 00:00:00-04:00,54.23749923706055,54.599998474121094,49.25,50.092498779296875,20480800,0.0,0.0
2021-06-22 00:00:00-04:00,54.432498931884766,56.470001220703125,52.29249954223633,55.099998474121094,32800800,0.0,0.0
2021-06-23 00:00:00-04:00,55.36249923706055,55.64250183105469,53.529998779296875,54.834999084472656,14220400,0.0,0.0
2021-06-24 00:00:00-04:00,55.290000915527344,56.86249923706055,52.900001525878906,53.07749938964844,15453200,0.0,0.0
2021-06-25 00:00:00-04:00,53.5,53.54999923706055,49.625,52.377498626708984,50770800,0.0,0.0
2021-06-28 00:00:00-04:00,52.8125,56.11249923706055,52.54999923706055,53.3125,19517600,0.0,0.0
2021-06-29 00:00:00-04:00,53.397499084472656,53.80500030517578,52.002498626708984,52.720001220703125,9920000,0.0,0.0
2021-06-30 00:00:00-04:00,52.42250061035156,53.81999969482422,51.73500061035156,53.53499984741211,10158400,0.0,0.0
2021-07-01 00:00:00-04:00,53.349998474121094,54.20750045776367,50.5,51.09000015258789,10968400,0.0,0.0
2021-07-02 00:00:00-04:00,51.20000076293945,51.36249923706055,49.125,50.70750045776367,10396400,0.0,0.0
2021-07-06 00:00:00-04:00,51.0,51.192501068115234,48.4275016784668,49.88999938964844,11072400,0.0,0.0
2021-07-07 00:00:00-04:00,49.0,49.375,44.38999938964844,47.665000915527344,16958000,0.0,0.0
2021-07-08 00:00:00-04:00,44.95750045776367,48.55500030517578,44.875,47.845001220703125,11430000,0.0,0.0
2021-07-09 00:00:00-04:00,47.720001220703125,48.69499969482422,46.6875,47.807498931884766,6331600,0.0,0.0
2021-07-12 00:00:00-04:00,47.85499954223633,49.4375,46.85499954223633,47.3125,6545200,0.0,0.0
2021-07-13 00:00:00-04:00,46.91999816894531,47.1974983215332,44.75,45.01499938964844,9591600,0.0,0.0
2021-07-14 00:00:00-04:00,45.122501373291016,45.595001220703125,41.26750183105469,41.904998779296875,15655200,0.0,0.0
2021-07-15 00:00:00-04:00,40.0,42.997501373291016,39.502498626708984,41.70500183105469,17194400,0.0,0.0
2021-07-16 00:00:00-04:00,42.537498474121094,44.86750030517578,41.57500076293945,42.2599983215332,13151600,0.0,0.0
2021-07-19 00:00:00-04:00,40.82500076293945,44.0,40.30500030517578,43.372501373291016,9747600,0.0,0.0
2021-07-20 00:00:00-04:00,43.474998474121094,48.40999984741211,43.10499954223633,47.79499816894531,12404400,0.0,0.0
2021-07-21 00:00:00-04:00,46.9474983215332,48.877498626708984,45.52750015258789,46.45249938964844,8916800,0.0,0.0
2021-07-22 00:00:00-04:00,46.32500076293945,46.92250061035156,44.037498474121094,44.712501525878906,5652000,0.0,0.0
2021-07-23 00:00:00-04:00,45.25,45.400001525878906,43.459999084472656,45.09000015258789,5264800,0.0,0.0
2021-07-26 00:00:00-04:00,45.09000015258789,46.5099983215332,44.689998626708984,45.98500061035156,5042400,0.0,0.0
2021-07-27 00:00:00-04:00,45.75,46.25,44.165000915527344,44.6349983215332,4859200,0.0,0.0
2021-07-28 00:00:00-04:00,43.93000030517578,44.279998779296875,41.067501068115234,42.279998779296875,16403200,0.0,0.0
2021-07-29 00:00:00-04:00,42.650001525878906,43.47249984741211,41.127498626708984,41.21500015258789,8960000,0.0,0.0
2021-07-30 00:00:00-04:00,41.25,41.80500030517578,39.717498779296875,40.279998779296875,9508400,0.0,0.0
2021-08-02 00:00:00-04:00,40.5,40.897499084472656,38.76499938964844,39.412498474121094,10131600,0.0,0.0
2021-08-03 00:00:00-04:00,39.185001373291016,39.72249984741211,37.04999923706055,38.1875,57802400,0.0,0.0
2021-08-04 00:00:00-04:00,38.182498931884766,39.4474983215332,36.42250061035156,36.70000076293945,9574000,0.0,0.0
2021-08-05 00:00:00-04:00,37.0,39.400001525878906,36.30500030517578,38.36000061035156,9648400,0.0,0.0
2021-08-06 00:00:00-04:00,38.647499084472656,39.125,37.57749938964844,37.942501068115234,5410800,0.0,0.0
2021-08-09 00:00:00-04:00,37.95000076293945,41.1775016784668,37.665000915527344,40.282501220703125,8996800,0.0,0.0
2021-08-10 00:00:00-04:00,40.34000015258789,41.724998474121094,38.837501525878906,39.76250076293945,6493200,0.0,0.0
2021-08-11 00:00:00-04:00,39.60749816894531,39.76250076293945,38.654998779296875,39.69499969482422,3781600,0.0,0.0
2021-08-12 00:00:00-04:00,39.970001220703125,41.06999969482422,39.33250045776367,40.587501525878906,5271200,0.0,0.0
2021-08-13 00:00:00-04:00,40.11750030517578,40.88750076293945,39.352500915527344,40.630001068115234,4059200,0.0,0.0
2021-08-16 00:00:00-04:00,40.25,42.470001220703125,39.790000915527344,40.98249816894531,6290400,0.0,0.0
2021-08-17 00:00:00-04:00,40.29750061035156,42.369998931884766,40.275001525878906,40.88750076293945,4863600,0.0,0.0
2021-08-18 00:00:00-04:00,40.8125,41.400001525878906,39.1875,39.26250076293945,5647200,0.0,0.0
2021-08-19 00:00:00-04:00,39.192501068115234,39.497501373291016,37.69499969482422,38.224998474121094,4786000,0.0,0.0
2021-08-20 00:00:00-04:00,38.45000076293945,40.022499084472656,38.310001373291016,39.82500076293945,4619600,0.0,0.0
2021-08-23 00:00:00-04:00,40.595001220703125,41.8224983215332,39.88750076293945,41.22249984741211,5372000,0.0,0.0
2021-08-24 00:00:00-04:00,41.5724983215332,56.25,41.287498474121094,52.5724983215332,58608800,0.0,0.0
2021-08-25 00:00:00-04:00,51.662498474121094,56.75,48.25,49.912498474121094,51444400,0.0,0.0
2021-08-26 00:00:00-04:00,50.16999816894531,54.25,49.75,51.30500030517578,24954400,0.0,0.0
2021-08-27 00:00:00-04:00,51.92499923706055,53.25,50.005001068115234,51.23749923706055,12923200,0.0,0.0
2021-08-30 00:00:00-04:00,51.25,54.54750061035156,50.755001068115234,52.29999923706055,13238400,0.0,0.0
2021-08-31 00:00:00-04:00,53.17499923706055,55.57500076293945,52.8650016784668,54.560001373291016,14298800,0.0,0.0
2021-09-01 00:00:00-04:00,56.0,57.86000061035156,52.005001068115234,53.24250030517578,17815200,0.0,0.0
2021-09-02 00:00:00-04:00,53.46500015258789,53.70000076293945,51.57500076293945,53.380001068115234,7408000,0.0,0.0
2021-09-03 00:00:00-04:00,53.01250076293945,54.067501068115234,49.709999084472656,50.6875,10634400,0.0,0.0
2021-09-07 00:00:00-04:00,51.5625,52.474998474121094,49.025001525878906,49.75,9985200,0.0,0.0
2021-09-08 00:00:00-04:00,50.46500015258789,51.720001220703125,47.66999816894531,49.70000076293945,20694400,0.0,0.0
2021-09-09 00:00:00-04:00,45.022499084472656,50.5,44.5,49.79499816894531,30046000,0.0,0.0
2021-09-10 00:00:00-04:00,49.602500915527344,50.540000915527344,47.5,47.602500915527344,12170400,0.0,0.0
2021-09-13 00:00:00-04:00,48.4375,52.220001220703125,47.875,50.849998474121094,17336400,0.0,0.0
2021-09-14 00:00:00-04:00,50.162498474121094,51.154998779296875,48.75,49.810001373291016,8566400,0.0,0.0
2021-09-15 00:00:00-04:00,49.25,51.217498779296875,48.4375,51.130001068115234,9241600,0.0,0.0
2021-09-16 00:00:00-04:00,50.58250045776367,54.13750076293945,50.287498474121094,51.592498779296875,12232800,0.0,0.0
2021-09-17 00:00:00-04:00,52.005001068115234,53.122501373291016,50.19499969482422,51.24250030517578,15783600,0.0,0.0
2021-09-20 00:00:00-04:00,50.0,50.712501525878906,46.13750076293945,48.04999923706055,15767200,0.0,0.0
2021-09-21 00:00:00-04:00,49.84000015258789,49.84000015258789,46.5,47.48749923706055,10535200,0.0,0.0
2021-09-22 00:00:00-04:00,47.40999984741211,48.375,46.5724983215332,47.53499984741211,9026400,0.0,0.0
2021-09-23 00:00:00-04:00,48.08250045776367,48.9375,47.650001525878906,47.810001373291016,6729200,0.0,0.0
2021-09-24 00:00:00-04:00,47.75,47.93000030517578,46.02750015258789,46.290000915527344,6743200,0.0,0.0
2021-09-27 00:00:00-04:00,46.47999954223633,48.01250076293945,46.467498779296875,47.369998931884766,5880400,0.0,0.0
2021-09-28 00:00:00-04:00,47.0,47.70249938964844,44.5,44.650001525878906,7082000,0.0,0.0
2021-09-29 00:00:00-04:00,45.022499084472656,46.119998931884766,43.65250015258789,43.97999954223633,7599600,0.0,0.0
2021-09-30 00:00:00-04:00,43.75,46.36249923706055,41.6974983215332,43.86750030517578,12682800,0.0,0.0
2021-10-01 00:00:00-04:00,44.849998474121094,44.872501373291016,43.0625,44.227500915527344,6204400,0.0,0.0
2021-10-04 00:00:00-04:00,43.98749923706055,44.23749923706055,42.692501068115234,42.84000015258789,4782800,0.0,0.0
2021-10-05 00:00:00-04:00,42.79750061035156,43.29249954223633,41.67499923706055,43.04499816894531,5263600,0.0,0.0
2021-10-06 00:00:00-04:00,42.51499938964844,43.2400016784668,41.45249938964844,42.76750183105469,4801200,0.0,0.0
2021-10-07 00:00:00-04:00,43.0,43.79999923706055,42.6349983215332,43.029998779296875,4637200,0.0,0.0
2021-10-08 00:00:00-04:00,43.125,43.93000030517578,42.779998779296875,43.16999816894531,3272800,0.0,0.0
2021-10-11 00:00:00-04:00,43.25,47.122501373291016,43.25,44.525001525878906,10739600,0.0,0.0
2021-10-12 00:00:00-04:00,45.125,45.44499969482422,43.45000076293945,43.95500183105469,4934800,0.0,0.0
2021-10-13 00:00:00-04:00,44.57500076293945,47.0525016784668,44.0,46.01499938964844,7711600,0.0,0.0
2021-10-14 00:00:00-04:00,45.939998626708984,47.54999923706055,45.650001525878906,45.95750045776367,6695600,0.0,0.0
2021-10-15 00:00:00-04:00,46.0,46.744998931884766,45.220001220703125,45.81999969482422,4800000,0.0,0.0
2021-10-18 00:00:00-04:00,45.73500061035156,47.467498779296875,45.63750076293945,46.505001068115234,6358400,0.0,0.0
2021-10-19 00:00:00-04:00,47.247501373291016,48.04499816894531,46.099998474121094,46.6974983215332,8282400,0.0,0.0
2021-10-20 00:00:00-04:00,46.58250045776367,47.0,45.494998931884766,46.130001068115234,9107600,0.0,0.0
2021-10-21 00:00:00-04:00,46.1775016784668,47.67499923706055,45.150001525878906,45.4275016784668,9609600,0.0,0.0
2021-10-22 00:00:00-04:00,44.525001525878906,44.872501373291016,41.95000076293945,42.45000076293945,11201600,0.0,0.0
2021-10-25 00:00:00-04:00,42.35499954223633,43.70000076293945,41.814998626708984,43.49250030517578,5771200,0.0,0.0
2021-10-26 00:00:00-04:00,43.34000015258789,46.25,43.125,44.459999084472656,8706800,0.0,0.0
2021-10-27 00:00:00-04:00,45.0,45.772499084472656,43.08250045776367,43.377498626708984,4428000,0.0,0.0
2021-10-28 00:00:00-04:00,43.790000915527344,45.78499984741211,43.75,45.712501525878906,6784800,0.0,0.0
2021-10-29 00:00:00-04:00,45.70249938964844,46.4375,44.5,45.877498626708984,9176000,0.0,0.0
2021-11-01 00:00:00-04:00,45.63249969482422,52.14250183105469,45.51250076293945,50.022499084472656,19776800,0.0,0.0
2021-11-02 00:00:00-04:00,49.837501525878906,52.98500061035156,47.92250061035156,51.747501373291016,15529200,0.0,0.0
2021-11-03 00:00:00-04:00,53.5,63.92250061035156,52.0625,54.58250045776367,45062400,0.0,0.0
2021-11-04 00:00:00-04:00,55.5,57.24250030517578,52.88750076293945,54.459999084472656,11632000,0.0,0.0
2021-11-05 00:00:00-04:00,55.15999984741211,55.25,52.252498626708984,53.3125,7242800,0.0,0.0
2021-11-08 00:00:00-05:00,53.125,56.2599983215332,53.002498626708984,54.65999984741211,8631600,0.0,0.0
2021-11-09 00:00:00-05:00,55.5,55.872501373291016,51.11000061035156,51.650001525878906,7381200,0.0,0.0
2021-11-10 00:00:00-05:00,50.529998779296875,51.84749984741211,49.125,49.79750061035156,5237600,0.0,0.0
2021-11-11 00:00:00-05:00,50.0,52.022499084472656,49.537498474121094,51.08000183105469,4317600,0.0,0.0
2021-11-12 00:00:00-05:00,50.53499984741211,51.34000015258789,49.470001220703125,50.525001525878906,3712000,0.0,0.0
2021-11-15 00:00:00-05:00,50.96500015258789,52.875,50.42250061035156,52.28499984741211,5865600,0.0,0.0
2021-11-16 00:00:00-05:00,52.255001068115234,53.14250183105469,50.907501220703125,51.79499816894531,4858400,0.0,0.0
2021-11-17 00:00:00-05:00,51.57500076293945,54.42499923706055,51.5,52.5,5410800,0.0,0.0
2021-11-18 00:00:00-05:00,52.5625,53.78499984741211,51.875,52.529998779296875,4017600,0.0,0.0
2021-11-19 00:00:00-05:00,52.28499984741211,57.34749984741211,52.0625,57.20000076293945,12136800,0.0,0.0
2021-11-22 00:00:00-05:00,57.6150016784668,62.40999984741211,57.4375,61.88750076293945,17485600,0.0,0.0
2021-11-23 00:00:00-05:00,60.959999084472656,63.04999923706055,53.13999938964844,53.474998474121094,13380800,0.0,0.0
2021-11-24 00:00:00-05:00,54.3125,55.997501373291016,52.0,52.94499969482422,5237600,0.0,0.0
2021-11-26 00:00:00-05:00,52.02000045776367,52.932498931884766,49.79999923706055,49.93000030517578,4941200,0.0,0.0
2021-11-29 00:00:00-05:00,51.0,51.977500915527344,50.23500061035156,50.502498626708984,4435200,0.0,0.0
2021-11-30 00:00:00-05:00,50.025001525878906,50.98749923706055,47.0,49.0525016784668,6895600,0.0,0.0
2021-12-01 00:00:00-05:00,49.849998474121094,50.02750015258789,44.252498626708984,44.959999084472656,9406000,0.0,0.0
2021-12-02 00:00:00-05:00,46.25,46.85749816894531,43.26750183105469,45.38999938964844,8348400,0.0,0.0
2021-12-03 00:00:00-05:00,45.25,45.98249816894531,39.76250076293945,43.09749984741211,16386800,0.0,0.0
2021-12-06 00:00:00-05:00,41.5,43.334999084472656,40.79999923706055,41.779998779296875,8914400,0.0,0.0
2021-12-07 00:00:00-05:00,43.79499816894531,45.494998931884766,42.627498626708984,44.45249938964844,7889600,0.0,0.0
2021-12-08 00:00:00-05:00,44.150001525878906,45.0625,42.9900016784668,43.412498474121094,10444800,0.0,0.0
2021-12-09 00:00:00-05:00,41.75,43.17250061035156,37.75,38.939998626708984,20337200,0.0,0.0
2021-12-10 00:00:00-05:00,39.95750045776367,40.57500076293945,37.0,39.752498626708984,18107600,0.0,0.0
2021-12-13 00:00:00-05:00,40.08250045776367,40.22249984741211,33.76750183105469,34.220001220703125,21944800,0.0,0.0
2021-12-14 00:00:00-05:00,32.75,37.592498779296875,32.375,36.92250061035156,26048400,0.0,0.0
2021-12-15 00:00:00-05:00,36.8650016784668,38.0,35.279998779296875,37.147499084472656,11064000,0.0,0.0
2021-12-16 00:00:00-05:00,38.23249816894531,38.61000061035156,35.532501220703125,36.147499084472656,8659200,0.0,0.0
2021-12-17 00:00:00-05:00,35.9375,39.64250183105469,34.83250045776367,38.90999984741211,17226800,0.0,0.0
2021-12-20 00:00:00-05:00,38.29750061035156,39.91999816894531,37.42499923706055,39.28499984741211,7314400,0.0,0.0
2021-12-21 00:00:00-05:00,39.26499938964844,40.0625,38.78499984741211,39.529998779296875,5720800,0.0,0.0
2021-12-22 00:00:00-05:00,39.58250045776367,39.787498474121094,38.029998779296875,38.5,4188800,0.0,0.0
2021-12-23 00:00:00-05:00,38.5,38.75,36.505001068115234,38.03499984741211,4222000,0.0,0.0
2021-12-27 00:00:00-05:00,38.0,38.154998779296875,35.0,37.07749938964844,6454400,0.0,0.0
2021-12-28 00:00:00-05:00,36.875,39.352500915527344,36.602500915527344,36.6150016784668,5324400,0.0,0.0
2021-12-29 00:00:00-05:00,36.962501525878906,38.872501373291016,35.53499984741211,38.48249816894531,8149600,0.0,0.0
2021-12-30 00:00:00-05:00,37.75,40.0,37.5,38.83250045776367,6247600,0.0,0.0
2021-12-31 00:00:00-05:00,38.404998779296875,39.182498931884766,37.025001525878906,37.09749984741211,5576000,0.0,0.0
2022-01-03 00:00:00-05:00,37.307498931884766,39.845001220703125,37.3025016784668,38.209999084472656,5654800,0.0,0.0
2022-01-04 00:00:00-05:00,38.04249954223633,38.247501373291016,35.76250076293945,37.227500915527344,7339600,0.0,0.0
2022-01-05 00:00:00-05:00,37.09749984741211,37.212501525878906,32.287498474121094,32.342498779296875,13585600,0.0,0.0
2022-01-06 00:00:00-05:00,33.209999084472656,34.42499923706055,30.28499984741211,32.75749969482422,24206000,0.0,0.0
2022-01-07 00:00:00-05:00,39.942501068115234,40.07749938964844,33.125,35.154998779296875,48549200,0.0,0.0
2022-01-10 00:00:00-05:00,33.747501373291016,33.92250061035156,30.0,32.787498474121094,22048000,0.0,0.0
2022-01-11 00:00:00-05:00,32.525001525878906,34.20000076293945,31.84749984741211,32.57500076293945,10332400,0.0,0.0
2022-01-12 00:00:00-05:00,32.5,32.83000183105469,31.612499237060547,32.01499938964844,6298000,0.0,0.0
2022-01-13 00:00:00-05:00,32.125,32.625,30.422500610351562,30.6200008392334,8901200,0.0,0.0
2022-01-14 00:00:00-05:00,30.037500381469727,30.575000762939453,28.0049991607666,29.162500381469727,15402000,0.0,0.0
2022-01-18 00:00:00-05:00,28.27750015258789,28.4375,26.100000381469727,27.227500915527344,15022400,0.0,0.0
2022-01-19 00:00:00-05:00,27.502500534057617,28.262500762939453,26.102500915527344,26.642499923706055,9614400,0.0,0.0
2022-01-20 00:00:00-05:00,26.975000381469727,28.799999237060547,25.399999618530273,25.667499542236328,11680400,0.0,0.0
2022-01-21 00:00:00-05:00,25.25,27.552499771118164,23.18000030517578,26.59000015258789,22120000,0.0,0.0
2022-01-24 00:00:00-05:00,24.7549991607666,25.71500015258789,21.572500228881836,25.037500381469727,25039600,0.0,0.0
2022-01-25 00:00:00-05:00,24.229999542236328,26.24250030517578,23.752500534057617,24.947500228881836,14297200,0.0,0.0
2022-01-26 00:00:00-05:00,25.274999618530273,29.75,25.077499389648438,25.815000534057617,33330000,0.0,0.0
2022-01-27 00:00:00-05:00,26.03499984741211,26.75,23.22249984741211,23.3799991607666,14644400,0.0,0.0
2022-01-28 00:00:00-05:00,23.850000381469727,24.5,21.90250015258789,24.477500915527344,16430400,0.0,0.0
2022-01-31 00:00:00-05:00,24.467500686645508,27.454999923706055,24.46500015258789,27.232500076293945,13997200,0.0,0.0
2022-02-01 00:00:00-05:00,28.252500534057617,29.162500381469727,27.065000534057617,28.149999618530273,13847600,0.0,0.0
2022-02-02 00:00:00-05:00,27.587499618530273,27.96500015258789,24.514999389648438,25.010000228881836,13116400,0.0,0.0
2022-02-03 00:00:00-05:00,25.375,26.735000610351562,24.427499771118164,24.8075008392334,10710000,0.0,0.0
2022-02-04 00:00:00-05:00,24.752500534057617,26.0,23.770000457763672,25.584999084472656,7627200,0.0,0.0
2022-02-07 00:00:00-05:00,25.747499465942383,26.344999313354492,24.6924991607666,25.584999084472656,7037600,0.0,0.0
2022-02-08 00:00:00-05:00,25.440000534057617,29.417499542236328,25.137500762939453,28.899999618530273,19839600,0.0,0.0
2022-02-09 00:00:00-05:00,28.522499084472656,31.177499771118164,28.25,31.072500228881836,15467600,0.0,0.0
2022-02-10 00:00:00-05:00,29.487499237060547,32.94499969482422,29.0,30.61750030517578,14826000,0.0,0.0
2022-02-11 00:00:00-05:00,30.6200008392334,32.467498779296875,30.1924991607666,31.0625,11299200,0.0,0.0
2022-02-14 00:00:00-05:00,30.732500076293945,31.375,29.037500381469727,29.272499084472656,9102800,0.0,0.0
2022-02-15 00:00:00-05:00,30.239999771118164,31.8075008392334,29.815000534057617,31.540000915527344,7911600,0.0,0.0
2022-02-16 00:00:00-05:00,31.107500076293945,33.212501525878906,30.979999542236328,32.08250045776367,8007600,0.0,0.0
2022-02-17 00:00:00-05:00,31.6924991607666,32.712501525878906,30.55500030517578,30.852500915527344,6256400,0.0,0.0
2022-02-18 00:00:00-05:00,31.049999237060547,31.412500381469727,29.532499313354492,30.38249969482422,6214000,0.0,0.0
2022-02-22 00:00:00-05:00,29.549999237060547,30.832500457763672,28.547500610351562,29.514999389648438,6156400,0.0,0.0
2022-02-23 00:00:00-05:00,30.30500030517578,30.84000015258789,28.56999969482422,28.717500686645508,5393200,0.0,0.0
2022-02-24 00:00:00-05:00,26.38249969482422,31.427499771118164,26.030000686645508,31.145000457763672,9024800,0.0,0.0
2022-02-25 00:00:00-05:00,30.892499923706055,31.24250030517578,29.122499465942383,29.645000457763672,6841200,0.0,0.0
2022-02-28 00:00:00-05:00,30.25,31.572500228881836,29.22249984741211,30.834999084472656,6458000,0.0,0.0
2022-03-01 00:00:00-05:00,30.547500610351562,31.467500686645508,29.587499618530273,29.7549991607666,4384000,0.0,0.0
2022-03-02 00:00:00-05:00,29.875,30.667499542236328,29.092500686645508,30.49250030517578,5242800,0.0,0.0
2022-03-03 00:00:00-05:00,30.739999771118164,30.934999465942383,29.3075008392334,29.602500915527344,4382400,0.0,0.0
2022-03-04 00:00:00-05:00,29.502500534057617,30.127500534057617,27.645000457763672,27.915000915527344,5911200,0.0,0.0
2022-03-07 00:00:00-05:00,28.75,28.75,24.024999618530273,24.837499618530273,12591600,0.0,0.0
2022-03-08 00:00:00-05:00,25.25749969482422,27.247499465942383,24.272499084472656,25.752500534057617,8536000,0.0,0.0
2022-03-09 00:00:00-05:00,26.7450008392334,27.21500015258789,25.875,26.302499771118164,5598400,0.0,0.0
2022-03-10 00:00:00-05:00,25.979999542236328,26.014999389648438,24.5625,25.139999389648438,5582000,0.0,0.0
2022-03-11 00:00:00-05:00,25.665000915527344,25.725000381469727,23.172500610351562,23.172500610351562,8822000,0.0,0.0
2022-03-14 00:00:00-04:00,23.357500076293945,23.579999923706055,19.395000457763672,19.52750015258789,18134400,0.0,0.0
2022-03-15 00:00:00-04:00,20.524999618530273,21.889999389648438,19.670000076293945,20.65999984741211,14115200,0.0,0.0
2022-03-16 00:00:00-04:00,21.27750015258789,22.502500534057617,20.5,21.71500015258789,10615600,0.0,0.0
2022-03-17 00:00:00-04:00,21.274999618530273,22.395000457763672,20.862499237060547,21.924999237060547,13796400,0.0,0.0
2022-03-18 00:00:00-04:00,19.934999465942383,24.362499237060547,19.725000381469727,22.697500228881836,35688400,0.0,0.0
2022-03-21 00:00:00-04:00,22.5,24.850000381469727,22.440000534057617,23.549999237060547,15812400,0.0,0.0
2022-03-22 00:00:00-04:00,23.850000381469727,31.447500228881836,23.612499237060547,30.78499984741211,60068800,0.0,0.0
2022-03-23 00:00:00-04:00,32.5,37.73249816894531,31.637500762939453,35.25,98399200,0.0,0.0
2022-03-24 00:00:00-04:00,33.502498626708984,35.869998931884766,31.690000534057617,35.59749984741211,36400800,0.0,0.0
2022-03-25 00:00:00-04:00,35.0099983215332,39.540000915527344,34.54999923706055,37.98749923706055,53535600,0.0,0.0
2022-03-28 00:00:00-04:00,37.994998931884766,47.709999084472656,37.8849983215332,47.397499084472656,65266000,0.0,0.0
2022-03-29 00:00:00-04:00,47.060001373291016,49.852500915527344,40.75,44.974998474121094,72046000,0.0,0.0
2022-03-30 00:00:00-04:00,43.75,45.834999084472656,41.25,41.712501525878906,36676800,0.0,0.0
2022-03-31 00:00:00-04:00,40.775001525878906,43.9375,39.627498626708984,41.64500045776367,44968800,0.0,0.0
2022-04-01 00:00:00-04:00,47.224998474121094,47.442501068115234,38.814998626708984,41.25,52758400,0.0,0.0
2022-04-04 00:00:00-04:00,41.744998931884766,43.310001373291016,39.127498626708984,42.682498931884766,18519200,0.0,0.0
2022-04-05 00:00:00-04:00,42.0,42.10749816894531,38.0,38.397499084472656,15825200,0.0,0.0
2022-04-06 00:00:00-04:00,37.752498626708984,39.8224983215332,37.42499923706055,39.15999984741211,16268000,0.0,0.0
2022-04-07 00:00:00-04:00,38.52750015258789,39.17499923706055,35.39250183105469,37.5,15311200,0.0,0.0
2022-04-08 00:00:00-04:00,37.272499084472656,37.6775016784668,35.50749969482422,36.54750061035156,10371600,0.0,0.0
2022-04-11 00:00:00-04:00,35.7599983215332,37.05500030517578,35.15250015258789,36.73249816894531,9812000,0.0,0.0
2022-04-12 00:00:00-04:00,36.625,38.0625,35.41749954223633,36.217498779296875,7996400,0.0,0.0
2022-04-13 00:00:00-04:00,36.025001525878906,38.032501220703125,35.505001068115234,37.67499923706055,8032800,0.0,0.0
2022-04-14 00:00:00-04:00,37.317501068115234,39.125,36.80500030517578,37.692501068115234,10002400,0.0,0.0
2022-04-18 00:00:00-04:00,37.5,37.810001373291016,34.310001373291016,35.3650016784668,9871200,0.0,0.0
2022-04-19 00:00:00-04:00,35.712501525878906,38.244998931884766,34.96500015258789,38.11750030517578,9416800,0.0,0.0
2022-04-20 00:00:00-04:00,38.0,38.08250045776367,36.662498474121094,37.212501525878906,4648000,0.0,0.0
2022-04-21 00:00:00-04:00,37.5,38.279998779296875,34.977500915527344,35.38999938964844,6737600,0.0,0.0
2022-04-22 00:00:00-04:00,35.63750076293945,36.57500076293945,33.88750076293945,34.55500030517578,6278400,0.0,0.0
2022-04-25 00:00:00-04:00,33.852500915527344,34.9275016784668,33.31999969482422,33.98749923706055,6139200,0.0,0.0
2022-04-26 00:00:00-04:00,33.90999984741211,34.20000076293945,31.540000915527344,31.899999618530273,6182800,0.0,0.0
2022-04-27 00:00:00-04:00,31.8174991607666,33.16999816894531,31.145000457763672,32.459999084472656,5223600,0.0,0.0
2022-04-28 00:00:00-04:00,32.56999969482422,33.150001525878906,30.125,32.32749938964844,7070000,0.0,0.0
2022-04-29 00:00:00-04:00,31.825000762939453,32.72249984741211,30.752500534057617,31.267499923706055,5143600,0.0,0.0
2022-05-02 00:00:00-04:00,30.912500381469727,31.34749984741211,28.174999237060547,29.892499923706055,10172000,0.0,0.0
2022-05-03 00:00:00-04:00,29.6200008392334,31.107500076293945,28.604999542236328,30.107500076293945,7312800,0.0,0.0
2022-05-04 00:00:00-04:00,29.802499771118164,31.9375,28.93000030517578,31.770000457763672,6651200,0.0,0.0
2022-05-05 00:00:00-04:00,30.985000610351562,31.170000076293945,28.780000686645508,29.782499313354492,7015600,0.0,0.0
2022-05-06 00:00:00-04:00,29.31999969482422,30.139999389648438,27.5575008392334,28.674999237060547,7161600,0.0,0.0
2022-05-09 00:00:00-04:00,27.69499969482422,27.69499969482422,24.520000457763672,24.697500228881836,13264800,0.0,0.0
2022-05-10 00:00:00-04:00,25.7450008392334,26.514999389648438,22.0,23.375,16603200,0.0,0.0
2022-05-11 00:00:00-04:00,23.36750030517578,23.8174991607666,20.0,20.332500457763672,16681200,0.0,0.0
2022-05-12 00:00:00-04:00,20.760000228881836,27.014999389648438,19.4424991607666,22.392499923706055,40139600,0.0,0.0
2022-05-13 00:00:00-04:00,24.75,26.69499969482422,23.760000228881836,24.59749984741211,23930800,0.0,0.0
2022-05-16 00:00:00-04:00,24.700000762939453,24.795000076293945,22.69499969482422,22.950000762939453,11582000,0.0,0.0
2022-05-17 00:00:00-04:00,23.475000381469727,25.094999313354492,22.799999237060547,25.094999313354492,10444800,0.0,0.0
2022-05-18 00:00:00-04:00,24.094999313354492,24.959999084472656,22.542499542236328,22.8700008392334,11560000,0.0,0.0
2022-05-19 00:00:00-04:00,22.80500030517578,25.4950008392334,22.540000915527344,24.797500610351562,12720400,0.0,0.0
2022-05-20 00:00:00-04:00,24.952499389648438,25.602500915527344,22.4375,23.915000915527344,9972000,0.0,0.0
2022-05-23 00:00:00-04:00,24.142499923706055,24.31999969482422,22.875,24.032499313354492,6994000,0.0,0.0
2022-05-24 00:00:00-04:00,23.512500762939453,23.549999237060547,21.674999237060547,22.287500381469727,8879600,0.0,0.0
2022-05-25 00:00:00-04:00,22.53499984741211,28.86750030517578,22.53499984741211,28.792499542236328,40060000,0.0,0.0
2022-05-26 00:00:00-04:00,29.0,37.1150016784668,28.674999237060547,32.1150016784668,57892400,0.0,0.0
2022-05-27 00:00:00-04:00,35.25,35.92499923706055,31.75,34.3025016784668,30045200,0.0,0.0
2022-05-31 00:00:00-04:00,34.3025016784668,34.98249816894531,30.1299991607666,31.184999465942383,19084400,0.0,0.0
2022-06-01 00:00:00-04:00,30.704999923706055,32.397499084472656,29.252500534057617,30.350000381469727,14991600,0.0,0.0
2022-06-02 00:00:00-04:00,29.75,34.125,28.889999389648438,33.5,27918800,0.0,0.0
2022-06-03 00:00:00-04:00,32.5,34.525001525878906,31.0575008392334,33.42499923706055,18234400,0.0,0.0
2022-06-06 00:00:00-04:00,33.82500076293945,34.025001525878906,31.762500762939453,32.025001525878906,9532800,0.0,0.0
2022-06-07 00:00:00-04:00,32.5,37.47249984741211,31.582500457763672,36.625,24967600,0.0,0.0
2022-06-08 00:00:00-04:00,35.34749984741211,38.25,33.95750045776367,34.682498931884766,24473600,0.0,0.0
2022-06-09 00:00:00-04:00,34.6974983215332,34.974998474121094,31.834999084472656,32.244998931884766,13114400,0.0,0.0
2022-06-10 00:00:00-04:00,31.5,32.98249816894531,30.78499984741211,32.272499084472656,11820000,0.0,0.0
2022-06-13 00:00:00-04:00,30.127500534057617,31.142499923706055,28.575000762939453,29.5625,13792800,0.0,0.0
2022-06-14 00:00:00-04:00,29.392499923706055,32.0,29.024999618530273,31.542499542236328,12739200,0.0,0.0
2022-06-15 00:00:00-04:00,31.237499237060547,32.9900016784668,30.90999984741211,32.3224983215332,10764400,0.0,0.0
2022-06-16 00:00:00-04:00,31.235000610351562,32.3224983215332,30.145000457763672,31.4325008392334,9995200,0.0,0.0
2022-06-17 00:00:00-04:00,31.71500015258789,33.96500015258789,31.579999923706055,33.78499984741211,12340800,0.0,0.0
2022-06-21 00:00:00-04:00,34.55500030517578,36.349998474121094,33.880001068115234,35.06999969482422,12512400,0.0,0.0
2022-06-22 00:00:00-04:00,34.66749954223633,36.182498931884766,34.10749816894531,34.6150016784668,7838000,0.0,0.0
2022-06-23 00:00:00-04:00,35.40999984741211,35.997501373291016,34.182498931884766,35.505001068115234,6682800,0.0,0.0
2022-06-24 00:00:00-04:00,35.75,37.092498779296875,32.88249969482422,33.8025016784668,16995600,0.0,0.0
2022-06-27 00:00:00-04:00,34.11750030517578,34.26250076293945,31.825000762939453,32.42250061035156,9745600,0.0,0.0
2022-06-28 00:00:00-04:00,32.752498626708984,32.83250045776367,30.56999969482422,31.094999313354492,6610000,0.0,0.0
2022-06-29 00:00:00-04:00,30.387500762939453,31.622499465942383,29.897499084472656,30.71500015258789,6826400,0.0,0.0
2022-06-30 00:00:00-04:00,29.842500686645508,31.647499084472656,29.440000534057617,30.575000762939453,6718800,0.0,0.0
2022-07-01 00:00:00-04:00,30.282499313354492,31.292499542236328,29.822500228881836,30.854999542236328,6617200,0.0,0.0
2022-07-05 00:00:00-04:00,30.375,30.6200008392334,29.752500534057617,30.0575008392334,6036000,0.0,0.0
2022-07-06 00:00:00-04:00,30.172500610351562,30.56999969482422,28.342500686645508,29.357500076293945,9988800,0.0,0.0
2022-07-07 00:00:00-04:00,31.122499465942383,33.875,30.452499389648438,33.779998779296875,30313600,0.0,0.0
2022-07-08 00:00:00-04:00,31.665000915527344,33.16749954223633,30.627500534057617,32.1349983215332,13199600,0.0,0.0
2022-07-11 00:00:00-04:00,32.13999938964844,32.935001373291016,31.162500381469727,32.522499084472656,7532800,0.0,0.0
2022-07-12 00:00:00-04:00,32.70000076293945,35.647499084472656,31.815000534057617,34.279998779296875,16899600,0.0,0.0
2022-07-13 00:00:00-04:00,33.75,36.337501525878906,33.75,35.31999969482422,13703600,0.0,0.0
2022-07-14 00:00:00-04:00,34.79750061035156,37.98749923706055,34.04999923706055,34.04999923706055,20970400,0.0,0.0
2022-07-15 00:00:00-04:00,34.86000061035156,35.592498779296875,33.50749969482422,35.40999984741211,9832400,0.0,0.0
2022-07-18 00:00:00-04:00,36.25,37.400001525878906,35.775001525878906,36.65999984741211,11155200,0.0,0.0
2022-07-19 00:00:00-04:00,37.435001373291016,39.209999084472656,36.587501525878906,37.92499923706055,12828000,0.0,0.0
2022-07-20 00:00:00-04:00,38.5,40.407501220703125,38.349998474121094,39.6875,11400400,0.0,0.0
2022-07-21 00:00:00-04:00,39.93000030517578,40.0,37.290000915527344,38.36750030517578,9277600,0.0,0.0
2022-07-22 00:00:00-04:00,36.880001068115234,38.70000076293945,34.93000030517578,35.779998779296875,10060200,0.0,4.0
2022-07-25 00:00:00-04:00,35.0,35.5099983215332,33.25,33.97999954223633,5686300,0.0,0.0
2022-07-26 00:00:00-04:00,32.869998931884766,33.310001373291016,32.099998474121094,32.43000030517578,4866100,0.0,0.0
2022-07-27 00:00:00-04:00,32.959999084472656,34.119998931884766,32.15999984741211,33.779998779296875,4251200,0.0,0.0
2022-07-28 00:00:00-04:00,33.38999938964844,34.43000030517578,32.65999984741211,33.84000015258789,3207400,0.0,0.0
2022-07-29 00:00:00-04:00,33.68000030517578,34.790000915527344,33.060001373291016,34.0099983215332,3988800,0.0,0.0
2022-08-01 00:00:00-04:00,33.79999923706055,35.709999084472656,33.77000045776367,34.779998779296875,4196600,0.0,0.0
2022-08-02 00:00:00-04:00,35.900001525878906,36.79999923706055,35.119998931884766,35.84000015258789,4697100,0.0,0.0
2022-08-03 00:00:00-04:00,36.220001220703125,38.0099983215332,36.0,37.93000030517578,5186500,0.0,0.0
2022-08-04 00:00:00-04:00,38.34000015258789,39.88999938964844,37.88999938964844,38.36000061035156,5421500,0.0,0.0
2022-08-05 00:00:00-04:00,37.369998931884766,40.43000030517578,36.560001373291016,40.02000045776367,8124200,0.0,0.0
2022-08-08 00:00:00-04:00,41.290000915527344,47.9900016784668,40.75,43.45000076293945,17987100,0.0,0.0
2022-08-09 00:00:00-04:00,42.13999938964844,43.189998626708984,39.0,40.369998931884766,6954200,0.0,0.0
2022-08-10 00:00:00-04:00,42.0,42.0,38.630001068115234,40.529998779296875,5434700,0.0,0.0
2022-08-11 00:00:00-04:00,40.90999984741211,41.970001220703125,39.349998474121094,39.45000076293945,5140500,0.0,0.0
2022-08-12 00:00:00-04:00,40.0,41.43000030517578,39.150001525878906,40.7400016784668,5120000,0.0,0.0
2022-08-15 00:00:00-04:00,39.75,40.38999938964844,38.810001373291016,39.68000030517578,5243100,0.0,0.0
2022-08-16 00:00:00-04:00,39.16999816894531,45.529998779296875,38.599998474121094,42.189998626708984,23602800,0.0,0.0
2022-08-17 00:00:00-04:00,42.18000030517578,44.36000061035156,40.40999984741211,40.52000045776367,9766400,0.0,0.0
2022-08-18 00:00:00-04:00,39.27000045776367,40.06999969482422,37.34000015258789,37.93000030517578,8145400,0.0,0.0
2022-08-19 00:00:00-04:00,35.18000030517578,37.189998626708984,34.66999816894531,36.4900016784668,9551900,0.0,0.0
2022-08-22 00:00:00-04:00,34.310001373291016,36.20000076293945,34.20000076293945,34.5,5798600,0.0,0.0
2022-08-23 00:00:00-04:00,34.70000076293945,34.9900016784668,33.45000076293945,33.529998779296875,4836300,0.0,0.0
2022-08-24 00:00:00-04:00,34.0,34.939998626708984,32.439998626708984,32.5,5620300,0.0,0.0
2022-08-25 00:00:00-04:00,32.84000015258789,32.88999938964844,31.5,31.959999084472656,4726300,0.0,0.0
2022-08-26 00:00:00-04:00,31.5,32.380001068115234,30.6299991607666,30.940000534057617,4297300,0.0,0.0
2022-08-29 00:00:00-04:00,30.479999542236328,32.75,30.3799991607666,31.549999237060547,4292700,0.0,0.0
2022-08-30 00:00:00-04:00,31.6200008392334,31.8700008392334,29.420000076293945,29.84000015258789,5060200,0.0,0.0
2022-08-31 00:00:00-04:00,29.25,29.959999084472656,28.260000228881836,28.639999389648438,5157000,0.0,0.0
2022-09-01 00:00:00-04:00,28.0,28.90999984741211,26.950000762939453,27.6299991607666,5293900,0.0,0.0
2022-09-02 00:00:00-04:00,28.260000228881836,28.739999771118164,26.93000030517578,27.360000610351562,4680100,0.0,0.0
2022-09-06 00:00:00-04:00,25.75,26.719999313354492,24.670000076293945,25.139999389648438,7010200,0.0,0.0
2022-09-07 00:00:00-04:00,24.729999542236328,25.190000534057617,23.420000076293945,24.040000915527344,12504700,0.0,0.0
2022-09-08 00:00:00-04:00,25.0,26.739999771118164,24.06999969482422,25.829999923706055,14142200,0.0,0.0
2022-09-09 00:00:00-04:00,26.299999237060547,29.079999923706055,26.100000381469727,28.920000076293945,7899800,0.0,0.0
2022-09-12 00:00:00-04:00,29.030000686645508,30.34000015258789,28.0,29.239999771118164,6175200,0.0,0.0
2022-09-13 00:00:00-04:00,27.399999618530273,28.610000610351562,27.31999969482422,27.850000381469727,3657200,0.0,0.0
2022-09-14 00:00:00-04:00,27.559999465942383,28.450000762939453,26.649999618530273,28.1299991607666,3605800,0.0,0.0
2022-09-15 00:00:00-04:00,27.860000610351562,29.06999969482422,27.860000610351562,28.610000610351562,3329500,0.0,0.0
2022-09-16 00:00:00-04:00,28.329999923706055,28.799999237060547,27.780000686645508,28.639999389648438,4656000,0.0,0.0
2022-09-19 00:00:00-04:00,28.34000015258789,29.649999618530273,28.149999618530273,28.959999084472656,3404000,0.0,0.0
2022-09-20 00:00:00-04:00,29.280000686645508,29.329999923706055,27.18000030517578,27.540000915527344,3145900,0.0,0.0
2022-09-21 00:00:00-04:00,27.450000762939453,28.989999771118164,26.770000457763672,26.860000610351562,3859200,0.0,0.0
2022-09-22 00:00:00-04:00,27.170000076293945,27.270000457763672,24.3799991607666,24.700000762939453,4346500,0.0,0.0
2022-09-23 00:00:00-04:00,24.149999618530273,25.149999618530273,24.059999465942383,25.040000915527344,3622400,0.0,0.0
2022-09-26 00:00:00-04:00,24.65999984741211,25.8700008392334,24.1200008392334,24.479999542236328,3440300,0.0,0.0
2022-09-27 00:00:00-04:00,25.469999313354492,26.389999389648438,25.1299991607666,26.1299991607666,4487200,0.0,0.0
2022-09-28 00:00:00-04:00,25.889999389648438,27.5,25.6200008392334,27.309999465942383,2630100,0.0,0.0
2022-09-29 00:00:00-04:00,27.079999923706055,27.690000534057617,24.690000534057617,25.459999084472656,4118200,0.0,0.0
2022-09-30 00:00:00-04:00,25.030000686645508,25.81999969482422,24.440000534057617,25.1299991607666,3148300,0.0,0.0
2022-10-03 00:00:00-04:00,25.139999389648438,25.6299991607666,24.209999084472656,25.3799991607666,2653900,0.0,0.0
2022-10-04 00:00:00-04:00,25.950000762939453,27.829999923706055,25.950000762939453,27.600000381469727,4581900,0.0,0.0
2022-10-05 00:00:00-04:00,26.770000457763672,26.979999542236328,25.43000030517578,26.389999389648438,2986400,0.0,0.0
2022-10-06 00:00:00-04:00,26.290000915527344,27.0,25.799999237060547,25.989999771118164,2418700,0.0,0.0
2022-10-07 00:00:00-04:00,25.84000015258789,25.84000015258789,24.420000076293945,25.350000381469727,3270600,0.0,0.0
2022-10-10 00:00:00-04:00,25.3700008392334,26.5,24.75,25.0,2917600,0.0,0.0
2022-10-11 00:00:00-04:00,24.8700008392334,26.299999237060547,23.950000762939453,25.270000457763672,4195900,0.0,0.0
2022-10-12 00:00:00-04:00,25.959999084472656,26.889999389648438,25.270000457763672,25.360000610351562,3284400,0.0,0.0
2022-10-13 00:00:00-04:00,24.420000076293945,26.59000015258789,23.90999984741211,25.559999465942383,3516200,0.0,0.0
2022-10-14 00:00:00-04:00,25.770000457763672,26.3700008392334,24.6299991607666,24.6299991607666,2773500,0.0,0.0
2022-10-17 00:00:00-04:00,25.3700008392334,26.40999984741211,25.239999771118164,25.959999084472656,3172200,0.0,0.0
2022-10-18 00:00:00-04:00,27.100000381469727,27.739999771118164,26.1299991607666,26.670000076293945,4402600,0.0,0.0
2022-10-19 00:00:00-04:00,26.0,26.18000030517578,24.270000457763672,24.540000915527344,5318400,0.0,0.0
2022-10-20 00:00:00-04:00,24.649999618530273,25.450000762939453,24.06999969482422,24.40999984741211,5148600,0.0,0.0
2022-10-21 00:00:00-04:00,24.149999618530273,25.329999923706055,24.100000381469727,25.299999237060547,3036300,0.0,0.0
2022-10-24 00:00:00-04:00,25.0,25.190000534057617,24.110000610351562,24.709999084472656,3114300,0.0,0.0
2022-10-25 00:00:00-04:00,24.81999969482422,27.790000915527344,24.799999237060547,26.8700008392334,7791600,0.0,0.0
2022-10-26 00:00:00-04:00,26.3700008392334,27.479999542236328,25.31999969482422,25.420000076293945,3858200,0.0,0.0
2022-10-27 00:00:00-04:00,25.75,26.329999923706055,25.200000762939453,25.93000030517578,2422900,0.0,0.0
2022-10-28 00:00:00-04:00,26.8799991607666,28.790000915527344,26.420000076293945,28.170000076293945,8089600,0.0,0.0
2022-10-31 00:00:00-04:00,31.219999313354492,34.9900016784668,27.90999984741211,28.309999465942383,24027600,0.0,0.0
2022-11-01 00:00:00-04:00,29.399999618530273,29.690000534057617,27.6200008392334,28.389999389648438,5147500,0.0,0.0
2022-11-02 00:00:00-04:00,27.899999618530273,28.75,26.5,26.6200008392334,4143900,0.0,0.0
2022-11-03 00:00:00-04:00,26.0,27.290000915527344,26.0,26.290000915527344,3384400,0.0,0.0
2022-11-04 00:00:00-04:00,26.600000381469727,27.030000686645508,25.34000015258789,26.510000228881836,4138000,0.0,0.0
2022-11-07 00:00:00-05:00,26.25,26.299999237060547,24.799999237060547,25.760000228881836,3303600,0.0,0.0
2022-11-08 00:00:00-05:00,25.329999923706055,25.850000381469727,24.110000610351562,25.139999389648438,4695100,0.0,0.0
2022-11-09 00:00:00-05:00,24.549999237060547,24.670000076293945,21.889999389648438,23.110000610351562,8464800,0.0,0.0
2022-11-10 00:00:00-05:00,24.6200008392334,25.700000762939453,23.90999984741211,24.8799991607666,6107000,0.0,0.0
2022-11-11 00:00:00-05:00,24.780000686645508,26.1200008392334,24.149999618530273,26.100000381469727,3986200,0.0,0.0
2022-11-14 00:00:00-05:00,26.299999237060547,27.3799991607666,25.610000610351562,26.049999237060547,4352200,0.0,0.0
2022-11-15 00:00:00-05:00,26.59000015258789,28.239999771118164,26.270000457763672,27.59000015258789,5392000,0.0,0.0
2022-11-16 00:00:00-05:00,26.6200008392334,27.350000381469727,26.3700008392334,27.139999389648438,2452300,0.0,0.0
2022-11-17 00:00:00-05:00,26.299999237060547,27.760000228881836,26.149999618530273,27.760000228881836,2477700,0.0,0.0
2022-11-18 00:00:00-05:00,28.15999984741211,28.700000762939453,26.829999923706055,27.600000381469727,3087400,0.0,0.0
2022-11-21 00:00:00-05:00,26.65999984741211,27.829999923706055,24.860000610351562,25.15999984741211,4443300,0.0,0.0
2022-11-22 00:00:00-05:00,25.1299991607666,26.450000762939453,24.700000762939453,26.299999237060547,4240400,0.0,0.0
2022-11-23 00:00:00-05:00,25.920000076293945,27.139999389648438,25.920000076293945,26.700000762939453,2737500,0.0,0.0
2022-11-25 00:00:00-05:00,26.5,27.049999237060547,26.139999389648438,26.170000076293945,1122700,0.0,0.0
2022-11-28 00:00:00-05:00,25.790000915527344,26.440000534057617,25.209999084472656,25.290000915527344,2440900,0.0,0.0
2022-11-29 00:00:00-05:00,25.579999923706055,26.350000381469727,25.31999969482422,25.600000381469727,2029500,0.0,0.0
2022-11-30 00:00:00-05:00,25.899999618530273,26.229999542236328,24.90999984741211,26.209999084472656,3731100,0.0,0.0
2022-12-01 00:00:00-05:00,26.0,27.5,25.18000030517578,26.600000381469727,7615200,0.0,0.0
2022-12-02 00:00:00-05:00,26.25,27.8700008392334,26.110000610351562,27.520000457763672,4577200,0.0,0.0
2022-12-05 00:00:00-05:00,27.309999465942383,27.479999542236328,25.440000534057617,25.559999465942383,4973700,0.0,0.0
2022-12-06 00:00:00-05:00,25.40999984741211,25.579999923706055,23.110000610351562,23.389999389648438,7699300,0.0,0.0
2022-12-07 00:00:00-05:00,23.399999618530273,23.610000610351562,21.969999313354492,22.260000228881836,10078200,0.0,0.0
2022-12-08 00:00:00-05:00,22.0,25.0,21.969999313354492,24.790000915527344,10252000,0.0,0.0
2022-12-09 00:00:00-05:00,24.59000015258789,24.59000015258789,22.59000015258789,22.6299991607666,5326700,0.0,0.0
2022-12-12 00:00:00-05:00,22.65999984741211,23.149999618530273,22.18000030517578,22.670000076293945,3750800,0.0,0.0
2022-12-13 00:00:00-05:00,23.549999237060547,23.700000762939453,20.829999923706055,21.0,6305600,0.0,0.0
2022-12-14 00:00:00-05:00,21.190000534057617,22.0,21.010000228881836,21.049999237060547,4604800,0.0,0.0
2022-12-15 00:00:00-05:00,20.739999771118164,21.440000534057617,20.239999771118164,20.579999923706055,6444500,0.0,0.0
2022-12-16 00:00:00-05:00,20.479999542236328,21.1200008392334,20.010000228881836,20.799999237060547,9379700,0.0,0.0
2022-12-19 00:00:00-05:00,20.549999237060547,20.889999389648438,19.59000015258789,19.920000076293945,3700600,0.0,0.0
2022-12-20 00:00:00-05:00,19.860000610351562,21.31999969482422,19.6200008392334,20.260000228881836,4479000,0.0,0.0
2022-12-21 00:00:00-05:00,20.399999618530273,20.899999618530273,20.18000030517578,20.559999465942383,2793600,0.0,0.0
2022-12-22 00:00:00-05:00,20.5,20.5,18.5,19.809999465942383,5343100,0.0,0.0
2022-12-23 00:00:00-05:00,20.0,20.6299991607666,19.649999618530273,20.079999923706055,3174800,0.0,0.0
2022-12-27 00:00:00-05:00,19.90999984741211,19.989999771118164,18.0,18.200000762939453,4233000,0.0,0.0
2022-12-28 00:00:00-05:00,18.290000915527344,18.700000762939453,16.979999542236328,17.920000076293945,5672000,0.0,0.0
2022-12-29 00:00:00-05:00,18.1200008392334,18.56999969482422,17.75,18.329999923706055,3442800,0.0,0.0
2022-12-30 00:00:00-05:00,17.950000762939453,18.579999923706055,17.899999618530273,18.459999084472656,2669500,0.0,0.0
2023-01-03 00:00:00-05:00,18.639999389648438,19.260000228881836,17.09000015258789,17.200000762939453,5135200,0.0,0.0
2023-01-04 00:00:00-05:00,17.25,17.93000030517578,16.899999618530273,17.31999969482422,3939300,0.0,0.0
2023-01-05 00:00:00-05:00,17.059999465942383,17.260000228881836,15.890000343322754,16.219999313354492,6066200,0.0,0.0
2023-01-06 00:00:00-05:00,16.0,16.56999969482422,15.40999984741211,16.459999084472656,4823400,0.0,0.0
2023-01-09 00:00:00-05:00,16.649999618530273,17.1299991607666,16.360000610351562,16.3799991607666,3522600,0.0,0.0
2023-01-10 00:00:00-05:00,16.299999237060547,18.09000015258789,16.25,17.770000457763672,4402800,0.0,0.0
2023-01-11 00:00:00-05:00,18.190000534057617,20.049999237060547,17.860000610351562,19.040000915527344,8405800,0.0,0.0
2023-01-12 00:00:00-05:00,19.040000915527344,20.6299991607666,18.34000015258789,20.6299991607666,5877300,0.0,0.0
2023-01-13 00:00:00-05:00,19.8799991607666,21.110000610351562,19.799999237060547,20.489999771118164,5494400,0.0,0.0
2023-01-17 00:00:00-05:00,20.489999771118164,21.940000534057617,20.3700008392334,21.799999237060547,5407900,0.0,0.0
2023-01-18 00:00:00-05:00,22.010000228881836,22.149999618530273,20.5,20.790000915527344,5632200,0.0,0.0
2023-01-19 00:00:00-05:00,20.440000534057617,20.450000762939453,18.81999969482422,19.040000915527344,4519200,0.0,0.0
2023-01-20 00:00:00-05:00,19.049999237060547,20.06999969482422,18.899999618530273,19.610000610351562,3564300,0.0,0.0
2023-01-23 00:00:00-05:00,19.5,22.489999771118164,19.3700008392334,21.65999984741211,7181500,0.0,0.0
2023-01-24 00:00:00-05:00,21.299999237060547,22.09000015258789,21.0,21.399999618530273,2381600,0.0,0.0
2023-01-25 00:00:00-05:00,20.59000015258789,20.84000015258789,19.530000686645508,20.229999542236328,3515800,0.0,0.0
2023-01-26 00:00:00-05:00,20.610000610351562,21.170000076293945,19.3799991607666,20.010000228881836,3520000,0.0,0.0
2023-01-27 00:00:00-05:00,19.799999237060547,23.309999465942383,19.40999984741211,22.81999969482422,11897200,0.0,0.0
2023-01-30 00:00:00-05:00,22.5,23.479999542236328,21.1299991607666,21.25,4950600,0.0,0.0
2023-01-31 00:00:00-05:00,21.40999984741211,22.049999237060547,21.299999237060547,21.8700008392334,3128400,0.0,0.0
2023-02-01 00:00:00-05:00,21.489999771118164,22.1200008392334,20.549999237060547,21.829999923706055,4517200,0.0,0.0
2023-02-02 00:00:00-05:00,22.440000534057617,24.399999618530273,22.219999313354492,22.700000762939453,7655700,0.0,0.0
2023-02-03 00:00:00-05:00,22.010000228881836,23.93000030517578,21.799999237060547,22.25,4935900,0.0,0.0
2023-02-06 00:00:00-05:00,21.8799991607666,24.8799991607666,21.770000457763672,23.860000610351562,8708400,0.0,0.0
2023-02-07 00:00:00-05:00,23.0,23.049999237060547,20.5,21.219999313354492,9093700,0.0,0.0
2023-02-08 00:00:00-05:00,21.43000030517578,21.549999237060547,20.610000610351562,21.100000381469727,2846400,0.0,0.0
2023-02-09 00:00:00-05:00,21.25,21.649999618530273,19.670000076293945,19.670000076293945,4497400,0.0,0.0
2023-02-10 00:00:00-05:00,19.559999465942383,20.040000915527344,19.049999237060547,19.270000457763672,2902700,0.0,0.0
2023-02-13 00:00:00-05:00,19.299999237060547,19.940000534057617,19.010000228881836,19.690000534057617,2299300,0.0,0.0
2023-02-14 00:00:00-05:00,19.309999465942383,20.010000228881836,19.100000381469727,19.8700008392334,2746300,0.0,0.0
2023-02-15 00:00:00-05:00,19.799999237060547,21.799999237060547,19.59000015258789,21.799999237060547,7137800,0.0,0.0
2023-02-16 00:00:00-05:00,21.25,22.420000076293945,20.850000381469727,21.600000381469727,3879000,0.0,0.0
2023-02-17 00:00:00-05:00,21.270000457763672,22.06999969482422,21.149999618530273,21.989999771118164,2851000,0.0,0.0
2023-02-21 00:00:00-05:00,21.329999923706055,21.829999923706055,20.6299991607666,20.65999984741211,3100300,0.0,0.0
2023-02-22 00:00:00-05:00,20.530000686645508,21.190000534057617,20.329999923706055,20.520000457763672,2164900,0.0,0.0
2023-02-23 00:00:00-05:00,20.65999984741211,20.8700008392334,19.530000686645508,20.139999389648438,2862000,0.0,0.0
2023-02-24 00:00:00-05:00,19.709999084472656,20.079999923706055,19.540000915527344,19.540000915527344,2277600,0.0,0.0
2023-02-27 00:00:00-05:00,19.610000610351562,19.700000762939453,18.889999389648438,19.100000381469727,4006700,0.0,0.0
2023-02-28 00:00:00-05:00,19.059999465942383,19.520000457763672,18.950000762939453,19.229999542236328,3373800,0.0,0.0
2023-03-01 00:00:00-05:00,18.920000076293945,19.09000015258789,18.139999389648438,18.149999618530273,4210100,0.0,0.0
2023-03-02 00:00:00-05:00,18.149999618530273,18.399999618530273,17.6200008392334,18.190000534057617,2622100,0.0,0.0
2023-03-03 00:00:00-05:00,18.190000534057617,19.100000381469727,18.100000381469727,18.700000762939453,2505500,0.0,0.0
2023-03-06 00:00:00-05:00,18.520000457763672,19.5,18.520000457763672,18.649999618530273,2815300,0.0,0.0
2023-03-07 00:00:00-05:00,18.540000915527344,18.84000015258789,18.059999465942383,18.059999465942383,2375300,0.0,0.0
2023-03-08 00:00:00-05:00,18.049999237060547,18.3799991607666,17.6299991607666,18.170000076293945,3277800,0.0,0.0
2023-03-09 00:00:00-05:00,18.06999969482422,18.3799991607666,17.479999542236328,17.520000457763672,2652600,0.0,0.0
2023-03-10 00:00:00-05:00,17.530000686645508,17.770000457763672,16.850000381469727,17.25,2845500,0.0,0.0
2023-03-13 00:00:00-04:00,16.770000457763672,17.350000381469727,16.520000457763672,16.75,2959100,0.0,0.0
2023-03-14 00:00:00-04:00,17.3700008392334,17.40999984741211,16.399999618530273,16.90999984741211,3077400,0.0,0.0
2023-03-15 00:00:00-04:00,16.5,16.690000534057617,15.699999809265137,15.949999809265137,4541500,0.0,0.0
2023-03-16 00:00:00-04:00,16.0,16.770000457763672,15.529999732971191,16.760000228881836,4083000,0.0,0.0
2023-03-17 00:00:00-04:00,16.6200008392334,16.719999313354492,15.920000076293945,16.600000381469727,5105500,0.0,0.0
2023-03-20 00:00:00-04:00,16.649999618530273,17.270000457763672,16.25,16.8700008392334,4463700,0.0,0.0
2023-03-21 00:00:00-04:00,17.149999618530273,18.350000381469727,17.139999389648438,17.649999618530273,15882900,0.0,0.0
2023-03-22 00:00:00-04:00,26.600000381469727,27.0,23.049999237060547,23.8700008392334,66764700,0.0,0.0
2023-03-23 00:00:00-04:00,22.56999969482422,24.59000015258789,22.1299991607666,22.579999923706055,11168900,0.0,0.0
2023-03-24 00:00:00-04:00,22.31999969482422,23.989999771118164,22.100000381469727,23.979999542236328,8756400,0.0,0.0
2023-03-27 00:00:00-04:00,23.989999771118164,24.010000228881836,22.690000534057617,23.0,4580800,0.0,0.0
2023-03-28 00:00:00-04:00,22.969999313354492,23.540000915527344,22.219999313354492,23.149999618530273,5711700,0.0,0.0
2023-03-29 00:00:00-04:00,23.079999923706055,23.700000762939453,22.219999313354492,22.459999084472656,4161400,0.0,0.0
2023-03-30 00:00:00-04:00,22.600000381469727,22.829999923706055,22.110000610351562,22.5,3477600,0.0,0.0
2023-03-31 00:00:00-04:00,22.350000381469727,23.06999969482422,22.149999618530273,23.020000457763672,3880300,0.0,0.0
2023-04-03 00:00:00-04:00,22.940000534057617,23.850000381469727,22.65999984741211,23.170000076293945,4274500,0.0,0.0
2023-04-04 00:00:00-04:00,22.75,23.139999389648438,22.09000015258789,22.350000381469727,3421500,0.0,0.0
2023-04-05 00:00:00-04:00,22.469999313354492,22.469999313354492,21.229999542236328,22.06999969482422,3638100,0.0,0.0
2023-04-06 00:00:00-04:00,22.0,22.670000076293945,21.770000457763672,22.399999618530273,2506900,0.0,0.0
2023-04-10 00:00:00-04:00,21.850000381469727,22.43000030517578,21.81999969482422,22.3700008392334,2176100,0.0,0.0
2023-04-11 00:00:00-04:00,22.56999969482422,23.170000076293945,22.420000076293945,22.690000534057617,2540000,0.0,0.0
2023-04-12 00:00:00-04:00,22.899999618530273,23.280000686645508,22.260000228881836,22.260000228881836,2141100,0.0,0.0
2023-04-13 00:00:00-04:00,22.5,22.850000381469727,22.329999923706055,22.549999237060547,1803900,0.0,0.0
2023-04-14 00:00:00-04:00,22.739999771118164,23.25,22.31999969482422,22.459999084472656,2312400,0.0,0.0
2023-04-17 00:00:00-04:00,22.270000457763672,22.68000030517578,22.139999389648438,22.280000686645508,2066600,0.0,0.0
2023-04-18 00:00:00-04:00,22.139999389648438,22.31999969482422,21.5,21.610000610351562,2748700,0.0,0.0
2023-04-19 00:00:00-04:00,21.280000686645508,21.8700008392334,20.959999084472656,21.309999465942383,2539500,0.0,0.0
2023-04-20 00:00:00-04:00,20.8799991607666,21.56999969482422,20.059999465942383,20.219999313354492,2977400,0.0,0.0
2023-04-21 00:00:00-04:00,20.200000762939453,20.6200008392334,20.100000381469727,20.489999771118164,2085900,0.0,0.0
2023-04-24 00:00:00-04:00,20.149999618530273,20.40999984741211,19.809999465942383,19.93000030517578,2742400,0.0,0.0
2023-04-25 00:00:00-04:00,19.739999771118164,20.040000915527344,18.90999984741211,19.0,2560800,0.0,0.0
2023-04-26 00:00:00-04:00,18.979999542236328,19.229999542236328,18.649999618530273,18.649999618530273,2287600,0.0,0.0
2023-04-27 00:00:00-04:00,18.75,19.34000015258789,18.719999313354492,18.940000534057617,2238900,0.0,0.0
2023-04-28 00:00:00-04:00,18.920000076293945,19.719999313354492,18.8799991607666,19.290000915527344,2835200,0.0,0.0
2023-05-01 00:00:00-04:00,19.15999984741211,19.25,18.459999084472656,18.549999237060547,2356600,0.0,0.0
2023-05-02 00:00:00-04:00,18.450000762939453,18.579999923706055,18.059999465942383,18.579999923706055,1918300,0.0,0.0
2023-05-03 00:00:00-04:00,18.559999465942383,19.200000762939453,18.530000686645508,18.899999618530273,3184000,0.0,0.0
2023-05-04 00:00:00-04:00,19.25,19.479999542236328,18.920000076293945,19.350000381469727,2041800,0.0,0.0
2023-05-05 00:00:00-04:00,19.6200008392334,20.8799991607666,19.510000228881836,20.420000076293945,4353700,0.0,0.0
2023-05-08 00:00:00-04:00,20.459999084472656,20.989999771118164,20.09000015258789,20.510000228881836,2402800,0.0,0.0
2023-05-09 00:00:00-04:00,20.15999984741211,20.649999618530273,20.1200008392334,20.239999771118164,1522700,0.0,0.0
2023-05-10 00:00:00-04:00,20.450000762939453,20.959999084472656,20.3799991607666,20.760000228881836,2139900,0.0,0.0
2023-05-11 00:00:00-04:00,20.690000534057617,21.15999984741211,20.510000228881836,20.8799991607666,1652500,0.0,0.0
2023-05-12 00:00:00-04:00,20.829999923706055,20.979999542236328,20.229999542236328,20.690000534057617,2003900,0.0,0.0
2023-05-15 00:00:00-04:00,20.6200008392334,21.6299991607666,20.489999771118164,21.6200008392334,2602000,0.0,0.0
2023-05-16 00:00:00-04:00,21.5,22.100000381469727,21.420000076293945,21.989999771118164,2498000,0.0,0.0
2023-05-17 00:00:00-04:00,21.989999771118164,23.25,21.899999618530273,22.8700008392334,4573000,0.0,0.0
2023-05-18 00:00:00-04:00,22.899999618530273,23.299999237060547,22.68000030517578,23.049999237060547,2144400,0.0,0.0
2023-05-19 00:00:00-04:00,22.940000534057617,22.989999771118164,21.75,22.059999465942383,2665900,0.0,0.0
2023-05-22 00:00:00-04:00,22.100000381469727,24.360000610351562,21.989999771118164,24.209999084472656,6251600,0.0,0.0
2023-05-23 00:00:00-04:00,23.889999389648438,23.899999618530273,22.799999237060547,23.15999984741211,3786500,0.0,0.0
2023-05-24 00:00:00-04:00,23.1299991607666,23.520000457763672,22.729999542236328,23.270000457763672,1901000,0.0,0.0
2023-05-25 00:00:00-04:00,23.5,23.690000534057617,22.709999084472656,23.350000381469727,2494400,0.0,0.0
2023-05-26 00:00:00-04:00,23.469999313354492,23.709999084472656,23.059999465942383,23.25,2261900,0.0,0.0
2023-05-30 00:00:00-04:00,23.350000381469727,24.690000534057617,23.299999237060547,24.56999969482422,5037800,0.0,0.0
2023-05-31 00:00:00-04:00,24.510000228881836,24.799999237060547,23.8799991607666,24.049999237060547,4265200,0.0,0.0
2023-06-01 00:00:00-04:00,24.040000915527344,24.65999984741211,23.780000686645508,24.100000381469727,3845000,0.0,0.0
2023-06-02 00:00:00-04:00,24.290000915527344,24.93000030517578,24.280000686645508,24.639999389648438,3293100,0.0,0.0
2023-06-05 00:00:00-04:00,24.530000686645508,25.84000015258789,24.15999984741211,24.309999465942383,4201900,0.0,0.0
2023-06-06 00:00:00-04:00,24.010000228881836,25.25,24.0,24.690000534057617,3984300,0.0,0.0
2023-06-07 00:00:00-04:00,26.200000762939453,26.549999237060547,25.06999969482422,26.110000610351562,18001100,0.0,0.0
2023-06-08 00:00:00-04:00,20.299999237060547,22.0,20.100000381469727,21.440000534057617,19213300,0.0,0.0
2023-06-09 00:00:00-04:00,21.780000686645508,23.43000030517578,21.5,22.68000030517578,10321200,0.0,0.0
2023-06-12 00:00:00-04:00,22.850000381469727,24.299999237060547,22.739999771118164,24.299999237060547,7131400,0.0,0.0
2023-06-13 00:00:00-04:00,26.200000762939453,27.649999618530273,25.030000686645508,26.950000762939453,17160600,0.0,0.0
2023-06-14 00:00:00-04:00,26.719999313354492,27.079999923706055,24.899999618530273,25.700000762939453,7243700,0.0,0.0
2023-06-15 00:00:00-04:00,25.40999984741211,26.170000076293945,24.639999389648438,24.84000015258789,5501800,0.0,0.0
2023-06-16 00:00:00-04:00,25.020000457763672,25.110000610351562,24.420000076293945,24.559999465942383,4427000,0.0,0.0
2023-06-20 00:00:00-04:00,24.40999984741211,24.649999618530273,23.719999313354492,24.579999923706055,3250700,0.0,0.0
2023-06-21 00:00:00-04:00,24.84000015258789,25.100000381469727,24.100000381469727,24.43000030517578,2404700,0.0,0.0
2023-06-22 00:00:00-04:00,24.1299991607666,24.329999923706055,23.760000228881836,24.31999969482422,1889600,0.0,0.0
2023-06-23 00:00:00-04:00,23.780000686645508,24.149999618530273,23.68000030517578,23.700000762939453,2230800,0.0,0.0
2023-06-26 00:00:00-04:00,23.3799991607666,24.030000686645508,22.90999984741211,23.020000457763672,2525200,0.0,0.0
2023-06-27 00:00:00-04:00,23.290000915527344,23.600000381469727,23.0,23.579999923706055,2141500,0.0,0.0
2023-06-28 00:00:00-04:00,23.440000534057617,25.100000381469727,23.399999618530273,24.979999542236328,3493900,0.0,0.0
2023-06-29 00:00:00-04:00,24.959999084472656,25.469999313354492,24.6200008392334,24.899999618530273,3101000,0.0,0.0
2023-06-30 00:00:00-04:00,24.969999313354492,25.1299991607666,24.25,24.25,2797500,0.0,0.0
2023-07-03 00:00:00-04:00,24.290000915527344,25.110000610351562,24.209999084472656,24.90999984741211,1806600,0.0,0.0
2023-07-05 00:00:00-04:00,24.639999389648438,24.850000381469727,23.790000915527344,23.899999618530273,2263100,0.0,0.0
2023-07-06 00:00:00-04:00,23.520000457763672,23.56999969482422,22.81999969482422,22.829999923706055,2384600,0.0,0.0
2023-07-07 00:00:00-04:00,22.969999313354492,23.530000686645508,22.670000076293945,22.709999084472656,2439600,0.0,0.0
2023-07-10 00:00:00-04:00,22.610000610351562,23.559999465942383,22.0,23.540000915527344,3318200,0.0,0.0
2023-07-11 00:00:00-04:00,23.200000762939453,24.440000534057617,23.200000762939453,23.90999984741211,3063500,0.0,0.0
2023-07-12 00:00:00-04:00,24.25,24.309999465942383,23.440000534057617,23.440000534057617,1742200,0.0,0.0
2023-07-13 00:00:00-04:00,23.540000915527344,23.979999542236328,23.420000076293945,23.459999084472656,1912200,0.0,0.0
2023-07-14 00:00:00-04:00,23.489999771118164,23.719999313354492,22.940000534057617,22.969999313354492,2175300,0.0,0.0
2023-07-17 00:00:00-04:00,22.8799991607666,23.309999465942383,22.700000762939453,22.81999969482422,2026000,0.0,0.0
2023-07-18 00:00:00-04:00,22.719999313354492,23.799999237060547,22.68000030517578,23.079999923706055,2345100,0.0,0.0
2023-07-19 00:00:00-04:00,23.420000076293945,23.579999923706055,22.959999084472656,23.170000076293945,2250100,0.0,0.0
2023-07-20 00:00:00-04:00,23.010000228881836,23.219999313354492,22.65999984741211,22.90999984741211,2256700,0.0,0.0
2023-07-21 00:00:00-04:00,23.049999237060547,23.219999313354492,22.15999984741211,22.18000030517578,3134100,0.0,0.0
2023-07-24 00:00:00-04:00,22.420000076293945,23.040000915527344,22.200000762939453,23.040000915527344,2970400,0.0,0.0
2023-07-25 00:00:00-04:00,23.100000381469727,23.100000381469727,22.530000686645508,22.850000381469727,1672000,0.0,0.0
2023-07-26 00:00:00-04:00,22.700000762939453,22.989999771118164,22.479999542236328,22.700000762939453,1489200,0.0,0.0
2023-07-27 00:00:00-04:00,22.940000534057617,23.489999771118164,22.1299991607666,22.219999313354492,3370900,0.0,0.0
2023-07-28 00:00:00-04:00,22.020000457763672,22.489999771118164,21.790000915527344,21.93000030517578,2642100,0.0,0.0
2023-07-31 00:00:00-04:00,22.0,22.3799991607666,21.850000381469727,22.200000762939453,1973400,0.0,0.0
2023-08-01 00:00:00-04:00,21.950000762939453,22.0,21.260000228881836,21.5,2567100,0.0,0.0
2023-08-02 00:00:00-04:00,21.149999618530273,21.149999618530273,20.34000015258789,20.829999923706055,2625800,0.0,0.0
2023-08-03 00:00:00-04:00,20.8799991607666,21.18000030517578,20.739999771118164,20.93000030517578,1318700,0.0,0.0
2023-08-04 00:00:00-04:00,20.950000762939453,21.889999389648438,20.889999389648438,20.979999542236328,2400500,0.0,0.0
2023-08-07 00:00:00-04:00,20.899999618530273,21.239999771118164,20.479999542236328,21.06999969482422,1441300,0.0,0.0
2023-08-08 00:00:00-04:00,20.700000762939453,20.899999618530273,20.280000686645508,20.739999771118164,1431300,0.0,0.0
2023-08-09 00:00:00-04:00,20.850000381469727,20.850000381469727,19.81999969482422,19.93000030517578,2929600,0.0,0.0
2023-08-10 00:00:00-04:00,20.0,20.290000915527344,19.8700008392334,20.190000534057617,1432400,0.0,0.0
2023-08-11 00:00:00-04:00,20.030000686645508,20.3799991607666,19.969999313354492,20.190000534057617,1500200,0.0,0.0
2023-08-14 00:00:00-04:00,19.75,20.010000228881836,19.079999923706055,19.959999084472656,3329300,0.0,0.0
2023-08-15 00:00:00-04:00,19.770000457763672,19.780000686645508,19.09000015258789,19.329999923706055,2290300,0.0,0.0
2023-08-16 00:00:00-04:00,19.18000030517578,19.34000015258789,18.549999237060547,18.59000015258789,3015600,0.0,0.0
2023-08-17 00:00:00-04:00,18.790000915527344,18.809999465942383,18.299999237060547,18.3799991607666,2056800,0.0,0.0
2023-08-18 00:00:00-04:00,18.18000030517578,18.65999984741211,18.139999389648438,18.360000610351562,2023900,0.0,0.0
2023-08-21 00:00:00-04:00,18.299999237060547,18.81999969482422,18.200000762939453,18.479999542236328,2864700,0.0,0.0
2023-08-22 00:00:00-04:00,18.6200008392334,18.6200008392334,17.25,17.260000228881836,3791900,0.0,0.0
2023-08-23 00:00:00-04:00,17.25,17.34000015258789,16.8799991607666,16.889999389648438,2909100,0.0,0.0
2023-08-24 00:00:00-04:00,16.940000534057617,16.979999542236328,16.18000030517578,16.360000610351562,3624500,0.0,0.0
2023-08-25 00:00:00-04:00,16.5,17.18000030517578,16.450000762939453,17.1299991607666,3423500,0.0,0.0
2023-08-28 00:00:00-04:00,17.350000381469727,18.110000610351562,17.25,17.56999969482422,3007400,0.0,0.0
2023-08-29 00:00:00-04:00,17.600000381469727,18.549999237060547,17.600000381469727,18.239999771118164,2709200,0.0,0.0
2023-08-30 00:00:00-04:00,18.200000762939453,18.520000457763672,17.90999984741211,18.3700008392334,1884500,0.0,0.0
2023-08-31 00:00:00-04:00,18.40999984741211,19.420000076293945,18.149999618530273,18.549999237060547,4674100,0.0,0.0
2023-09-01 00:00:00-04:00,18.65999984741211,18.729999542236328,18.31999969482422,18.420000076293945,2131800,0.0,0.0
2023-09-05 00:00:00-04:00,18.450000762939453,19.34000015258789,18.260000228881836,19.229999542236328,3781300,0.0,0.0
2023-09-06 00:00:00-04:00,19.059999465942383,19.149999618530273,18.420000076293945,18.75,6107200,0.0,0.0
2023-09-07 00:00:00-04:00,19.1299991607666,19.479999542236328,17.610000610351562,18.889999389648438,5021300,0.0,0.0
2023-09-08 00:00:00-04:00,18.149999618530273,18.5,17.350000381469727,17.709999084472656,4689200,0.0,0.0
2023-09-11 00:00:00-04:00,17.850000381469727,17.850000381469727,16.899999618530273,17.020000457763672,3543800,0.0,0.0
2023-09-12 00:00:00-04:00,17.530000686645508,18.5,17.190000534057617,17.229999542236328,5179400,0.0,0.0
2023-09-13 00:00:00-04:00,17.309999465942383,17.93000030517578,17.270000457763672,17.809999465942383,3012600,0.0,0.0
2023-09-14 00:00:00-04:00,17.799999237060547,18.520000457763672,17.600000381469727,18.329999923706055,3078000,0.0,0.0
2023-09-15 00:00:00-04:00,18.360000610351562,18.610000610351562,18.149999618530273,18.219999313354492,6158000,0.0,0.0
2023-09-18 00:00:00-04:00,17.989999771118164,18.100000381469727,17.350000381469727,17.549999237060547,3694600,0.0,0.0
2023-09-19 00:00:00-04:00,17.59000015258789,17.639999389648438,17.1299991607666,17.520000457763672,2584200,0.0,0.0
2023-09-20 00:00:00-04:00,17.6299991607666,17.93000030517578,17.450000762939453,17.520000457763672,2129800,0.0,0.0
2023-09-21 00:00:00-04:00,17.280000686645508,17.31999969482422,16.649999618530273,17.020000457763672,2910700,0.0,0.0
2023-09-22 00:00:00-04:00,17.18000030517578,17.350000381469727,17.0,17.18000030517578,2100300,0.0,0.0
2023-09-25 00:00:00-04:00,17.0,17.719999313354492,16.850000381469727,17.670000076293945,2181200,0.0,0.0
2023-09-26 00:00:00-04:00,17.3799991607666,17.81999969482422,16.780000686645508,16.780000686645508,2726800,0.0,0.0
2023-09-27 00:00:00-04:00,16.8700008392334,17.260000228881836,16.809999465942383,17.149999618530273,1681300,0.0,0.0
2023-09-28 00:00:00-04:00,18.020000457763672,18.100000381469727,16.440000534057617,16.84000015258789,7431900,0.0,0.0
2023-09-29 00:00:00-04:00,17.049999237060547,17.260000228881836,16.399999618530273,16.459999084472656,3388600,0.0,0.0
2023-10-02 00:00:00-04:00,16.299999237060547,16.309999465942383,15.260000228881836,15.390000343322754,6087700,0.0,0.0
2023-10-03 00:00:00-04:00,15.289999961853027,15.289999961853027,14.569999694824219,14.600000381469727,4510300,0.0,0.0
2023-10-04 00:00:00-04:00,14.770000457763672,14.9399995803833,14.4399995803833,14.869999885559082,2586400,0.0,0.0
2023-10-05 00:00:00-04:00,14.699999809265137,14.979999542236328,14.579999923706055,14.710000038146973,1945100,0.0,0.0
2023-10-06 00:00:00-04:00,14.59000015258789,15.260000228881836,14.579999923706055,15.079999923706055,2458300,0.0,0.0
2023-10-09 00:00:00-04:00,14.770000457763672,15.5,14.720000267028809,15.399999618530273,2276300,0.0,0.0
2023-10-10 00:00:00-04:00,15.5,16.190000534057617,15.399999618530273,16.0,2915900,0.0,0.0
2023-10-11 00:00:00-04:00,16.010000228881836,16.09000015258789,15.739999771118164,15.819999694824219,2098200,0.0,0.0
2023-10-12 00:00:00-04:00,15.770000457763672,15.800000190734863,14.819999694824219,15.09000015258789,3180300,0.0,0.0
2023-10-13 00:00:00-04:00,14.920000076293945,15.109999656677246,14.779999732971191,14.920000076293945,1823300,0.0,0.0
2023-10-16 00:00:00-04:00,14.8100004196167,14.930000305175781,14.149999618530273,14.430000305175781,3508600,0.0,0.0
2023-10-17 00:00:00-04:00,14.25,14.829999923706055,14.100000381469727,14.119999885559082,3842400,0.0,0.0
2023-10-18 00:00:00-04:00,14.0,14.25,13.8100004196167,13.850000381469727,4045800,0.0,0.0
2023-10-19 00:00:00-04:00,13.800000190734863,13.850000381469727,12.899999618530273,13.15999984741211,5808000,0.0,0.0
2023-10-20 00:00:00-04:00,13.180000305175781,13.800000190734863,13.119999885559082,13.4399995803833,3657600,0.0,0.0
2023-10-23 00:00:00-04:00,13.279999732971191,13.59000015258789,13.039999961853027,13.4399995803833,2785500,0.0,0.0
2023-10-24 00:00:00-04:00,13.59000015258789,14.300000190734863,13.550000190734863,14.039999961853027,3738300,0.0,0.0
2023-10-25 00:00:00-04:00,14.010000228881836,14.010000228881836,13.609999656677246,13.710000038146973,1967300,0.0,0.0
2023-10-26 00:00:00-04:00,13.729999542236328,13.800000190734863,13.40999984741211,13.5,2036400,0.0,0.0
2023-10-27 00:00:00-04:00,13.510000228881836,13.619999885559082,13.020000457763672,13.119999885559082,2481700,0.0,0.0
2023-10-30 00:00:00-04:00,13.149999618530273,13.270000457763672,12.59000015258789,12.800000190734863,3475900,0.0,0.0
2023-10-31 00:00:00-04:00,12.850000381469727,13.899999618530273,12.819999694824219,13.770000457763672,4574600,0.0,0.0
2023-11-01 00:00:00-04:00,13.779999732971191,13.800000190734863,13.010000228881836,13.010000228881836,3430100,0.0,0.0
2023-11-02 00:00:00-04:00,13.369999885559082,13.699999809265137,13.279999732971191,13.640000343322754,3566600,0.0,0.0
2023-11-03 00:00:00-04:00,13.899999618530273,14.399999618530273,13.829999923706055,13.869999885559082,2963100,0.0,0.0
2023-11-06 00:00:00-05:00,13.989999771118164,14.050000190734863,13.489999771118164,13.529999732971191,2164400,0.0,0.0
2023-11-07 00:00:00-05:00,13.470000267028809,13.789999961853027,13.229999542236328,13.640000343322754,2354400,0.0,0.0
2023-11-08 00:00:00-05:00,13.510000228881836,13.760000228881836,13.279999732971191,13.279999732971191,1705600,0.0,0.0
2023-11-09 00:00:00-05:00,13.25,13.319999694824219,12.699999809265137,12.699999809265137,2750100,0.0,0.0
2023-11-10 00:00:00-05:00,12.8100004196167,12.970000267028809,12.350000381469727,12.539999961853027,3872400,0.0,0.0
2023-11-13 00:00:00-05:00,12.5,12.529999732971191,11.829999923706055,12.140000343322754,4318500,0.0,0.0
2023-11-14 00:00:00-05:00,12.75,13.390000343322754,12.6899995803833,12.899999618530273,5187500,0.0,0.0
2023-11-15 00:00:00-05:00,13.149999618530273,13.5,13.029999732971191,13.270000457763672,4121600,0.0,0.0
2023-11-16 00:00:00-05:00,13.140000343322754,13.1899995803833,12.520000457763672,12.529999732971191,3425800,0.0,0.0
2023-11-17 00:00:00-05:00,12.520000457763672,13.0600004196167,12.520000457763672,13.029999732971191,3414200,0.0,0.0
2023-11-20 00:00:00-05:00,13.0,13.199999809265137,12.800000190734863,12.800000190734863,2294900,0.0,0.0
2023-11-21 00:00:00-05:00,12.649999618530273,12.720000267028809,12.260000228881836,12.550000190734863,3710100,0.0,0.0
2023-11-22 00:00:00-05:00,12.5600004196167,12.710000038146973,12.1899995803833,12.289999961853027,2358800,0.0,0.0
2023-11-24 00:00:00-05:00,12.220000267028809,12.40999984741211,12.180000305175781,12.199999809265137,1232500,0.0,0.0
2023-11-27 00:00:00-05:00,12.180000305175781,12.329999923706055,11.890000343322754,11.90999984741211,3710600,0.0,0.0
2023-11-28 00:00:00-05:00,11.899999618530273,13.550000190734863,11.890000343322754,13.489999771118164,14192900,0.0,0.0
2023-11-29 00:00:00-05:00,15.489999771118164,17.559999465942383,14.699999809265137,16.25,61172800,0.0,0.0
2023-11-30 00:00:00-05:00,16.290000915527344,16.329999923706055,14.319999694824219,14.550000190734863,16537200,0.0,0.0
2023-12-01 00:00:00-05:00,14.520000457763672,15.989999771118164,14.5,15.300000190734863,13347300,0.0,0.0
2023-12-04 00:00:00-05:00,15.289999961853027,17.40999984741211,14.90999984741211,16.979999542236328,20098700,0.0,0.0
2023-12-05 00:00:00-05:00,16.469999313354492,16.719999313354492,14.869999885559082,14.90999984741211,14220100,0.0,0.0
2023-12-06 00:00:00-05:00,15.359999656677246,15.699999809265137,14.640000343322754,14.84000015258789,12691300,0.0,0.0
2023-12-07 00:00:00-05:00,13.710000038146973,16.520000457763672,13.5600004196167,16.360000610351562,19840700,0.0,0.0
2023-12-08 00:00:00-05:00,15.829999923706055,16.479999542236328,15.470000267028809,15.550000190734863,10375400,0.0,0.0
2023-12-11 00:00:00-05:00,15.449999809265137,15.6899995803833,14.979999542236328,15.069999694824219,4961200,0.0,0.0
2023-12-12 00:00:00-05:00,15.119999885559082,15.359999656677246,14.84000015258789,15.220000267028809,4210700,0.0,0.0
2023-12-13 00:00:00-05:00,15.220000267028809,16.799999237060547,15.1899995803833,16.690000534057617,9086900,0.0,0.0
2023-12-14 00:00:00-05:00,17.139999389648438,17.8799991607666,16.799999237060547,17.440000534057617,10750700,0.0,0.0
2023-12-15 00:00:00-05:00,17.399999618530273,17.579999923706055,17.010000228881836,17.260000228881836,7110100,0.0,0.0
2023-12-18 00:00:00-05:00,17.239999771118164,18.510000228881836,17.100000381469727,17.860000610351562,7352200,0.0,0.0
2023-12-19 00:00:00-05:00,17.889999389648438,18.59000015258789,17.229999542236328,17.719999313354492,5447100,0.0,0.0
2023-12-20 00:00:00-05:00,17.530000686645508,18.3799991607666,16.889999389648438,16.93000030517578,5553000,0.0,0.0
2023-12-21 00:00:00-05:00,17.190000534057617,17.34000015258789,16.59000015258789,16.979999542236328,3975300,0.0,0.0
2023-12-22 00:00:00-05:00,16.780000686645508,17.200000762939453,16.450000762939453,16.969999313354492,3325100,0.0,0.0
2023-12-26 00:00:00-05:00,16.979999542236328,17.40999984741211,16.81999969482422,17.360000610351562,3079600,0.0,0.0
2023-12-27 00:00:00-05:00,17.43000030517578,18.3700008392334,17.3700008392334,18.3700008392334,4800100,0.0,0.0
2023-12-28 00:00:00-05:00,18.049999237060547,18.31999969482422,17.850000381469727,18.06999969482422,3574800,0.0,0.0
2023-12-29 00:00:00-05:00,18.040000915527344,18.15999984741211,17.459999084472656,17.530000686645508,4524200,0.0,0.0
2024-01-02 00:00:00-05:00,17.25,17.600000381469727,16.579999923706055,16.670000076293945,4428000,0.0,0.0
2024-01-03 00:00:00-05:00,16.299999237060547,16.829999923706055,15.899999618530273,16.690000534057617,4193600,0.0,0.0
2024-01-04 00:00:00-05:00,16.510000228881836,16.75,16.309999465942383,16.360000610351562,2671500,0.0,0.0
2024-01-05 00:00:00-05:00,16.15999984741211,16.520000457763672,15.960000038146973,15.960000038146973,2615700,0.0,0.0
2024-01-08 00:00:00-05:00,15.779999732971191,16.1200008392334,15.699999809265137,15.789999961853027,3031100,0.0,0.0
2024-01-09 00:00:00-05:00,15.59000015258789,15.619999885559082,15.119999885559082,15.15999984741211,3105300,0.0,0.0
2024-01-10 00:00:00-05:00,15.119999885559082,15.760000228881836,14.970000267028809,15.729999542236328,3191700,0.0,0.0
2024-01-11 00:00:00-05:00,15.649999618530273,15.800000190734863,15.239999771118164,15.25,2992200,0.0,0.0
2024-01-12 00:00:00-05:00,15.300000190734863,15.619999885559082,14.729999542236328,14.75,2475500,0.0,0.0
2024-01-16 00:00:00-05:00,14.600000381469727,14.619999885559082,13.930000305175781,13.979999542236328,3581200,0.0,0.0
2024-01-17 00:00:00-05:00,13.859999656677246,14.109999656677246,13.710000038146973,14.079999923706055,2706200,0.0,0.0
2024-01-18 00:00:00-05:00,14.199999809265137,14.770000457763672,14.050000190734863,14.289999961853027,3906000,0.0,0.0
2024-01-19 00:00:00-05:00,14.359999656677246,14.600000381469727,14.09000015258789,14.510000228881836,2391500,0.0,0.0
2024-01-22 00:00:00-05:00,14.5,15.15999984741211,14.300000190734863,14.899999618530273,3606500,0.0,0.0
2024-01-23 00:00:00-05:00,15.0,15.020000457763672,14.050000190734863,14.180000305175781,3495300,0.0,0.0
2024-01-24 00:00:00-05:00,14.279999732971191,14.380000114440918,13.819999694824219,13.949999809265137,2513800,0.0,0.0
2024-01-25 00:00:00-05:00,13.970000267028809,14.539999961853027,13.920000076293945,14.520000457763672,3635900,0.0,0.0
2024-01-26 00:00:00-05:00,14.4399995803833,14.720000267028809,14.40999984741211,14.489999771118164,2288800,0.0,0.0
2024-01-29 00:00:00-05:00,14.5,14.8100004196167,14.319999694824219,14.779999732971191,2164200,0.0,0.0
2024-01-30 00:00:00-05:00,14.539999961853027,14.819999694824219,14.510000228881836,14.550000190734863,1652600,0.0,0.0
2024-01-31 00:00:00-05:00,14.399999618530273,14.829999923706055,14.220000267028809,14.229999542236328,2684700,0.0,0.0
2024-02-01 00:00:00-05:00,14.34000015258789,14.420000076293945,14.020000457763672,14.420000076293945,2220200,0.0,0.0
2024-02-02 00:00:00-05:00,14.149999618530273,14.920000076293945,14.079999923706055,14.729999542236328,2922600,0.0,0.0
2024-02-05 00:00:00-05:00,14.5,14.609999656677246,13.399999618530273,13.460000038146973,4361500,0.0,0.0
2024-02-06 00:00:00-05:00,13.600000381469727,14.300000190734863,13.430000305175781,14.100000381469727,3047800,0.0,0.0
2024-02-07 00:00:00-05:00,14.119999885559082,14.300000190734863,13.779999732971191,14.069999694824219,1947800,0.0,0.0
2024-02-08 00:00:00-05:00,14.010000228881836,14.4399995803833,13.890000343322754,14.350000381469727,1838300,0.0,0.0
2024-02-09 00:00:00-05:00,14.369999885559082,15.229999542236328,14.300000190734863,14.65999984741211,3575300,0.0,0.0
2024-02-12 00:00:00-05:00,14.579999923706055,15.220000267028809,14.529999732971191,14.729999542236328,2750100,0.0,0.0
2024-02-13 00:00:00-05:00,14.199999809265137,14.399999618530273,13.770000457763672,14.170000076293945,3788700,0.0,0.0
2024-02-14 00:00:00-05:00,14.329999923706055,14.430000305175781,14.050000190734863,14.40999984741211,2504400,0.0,0.0
2024-02-15 00:00:00-05:00,14.539999961853027,14.75,14.229999542236328,14.510000228881836,2400500,0.0,0.0
2024-02-16 00:00:00-05:00,14.460000038146973,14.529999732971191,14.100000381469727,14.119999885559082,2297200,0.0,0.0
2024-02-20 00:00:00-05:00,13.960000038146973,14.050000190734863,13.15999984741211,13.489999771118164,3784500,0.0,0.0
2024-02-21 00:00:00-05:00,13.460000038146973,13.670000076293945,13.229999542236328,13.40999984741211,1731300,0.0,0.0
2024-02-22 00:00:00-05:00,13.5,13.649999618530273,13.34000015258789,13.359999656677246,1817800,0.0,0.0
2024-02-23 00:00:00-05:00,13.300000190734863,13.789999961853027,13.119999885559082,13.510000228881836,2319700,0.0,0.0
2024-02-26 00:00:00-05:00,13.3100004196167,13.75,13.199999809265137,13.680000305175781,2278600,0.0,0.0
2024-02-27 00:00:00-05:00,13.699999809265137,14.289999961853027,13.680000305175781,14.210000038146973,2795500,0.0,0.0
2024-02-28 00:00:00-05:00,14.0,14.470000267028809,13.890000343322754,14.239999771118164,2440700,0.0,0.0
2024-02-29 00:00:00-05:00,14.34000015258789,14.649999618530273,14.029999732971191,14.270000457763672,2638700,0.0,0.0
2024-03-01 00:00:00-05:00,14.180000305175781,15.09000015258789,13.989999771118164,14.949999809265137,4890900,0.0,0.0
2024-03-04 00:00:00-05:00,14.930000305175781,15.59000015258789,14.829999923706055,15.220000267028809,4367600,0.0,0.0
2024-03-05 00:00:00-05:00,14.949999809265137,15.279999732971191,14.779999732971191,15.0,3152700,0.0,0.0
2024-03-06 00:00:00-05:00,15.220000267028809,15.890000343322754,14.9399995803833,15.260000228881836,3818100,0.0,0.0
2024-03-07 00:00:00-05:00,15.260000228881836,15.510000228881836,15.050000190734863,15.260000228881836,2111900,0.0,0.0
2024-03-08 00:00:00-05:00,15.399999618530273,15.630000114440918,14.520000457763672,14.649999618530273,3165700,0.0,0.0
2024-03-11 00:00:00-04:00,14.640000343322754,14.9399995803833,14.359999656677246,14.430000305175781,2111900,0.0,0.0
2024-03-12 00:00:00-04:00,14.350000381469727,14.84000015258789,14.09000015258789,14.720000267028809,2382600,0.0,0.0
2024-03-13 00:00:00-04:00,14.6899995803833,15.199999809265137,14.619999885559082,14.869999885559082,2898100,0.0,0.0
2024-03-14 00:00:00-04:00,14.800000190734863,15.020000457763672,14.399999618530273,14.630000114440918,2534200,0.0,0.0
2024-03-15 00:00:00-04:00,14.550000190734863,14.829999923706055,14.210000038146973,14.239999771118164,4476500,0.0,0.0
2024-03-18 00:00:00-04:00,14.25,14.300000190734863,13.899999618530273,13.90999984741211,3490800,0.0,0.0
2024-03-19 00:00:00-04:00,13.760000228881836,13.890000343322754,13.300000190734863,13.40999984741211,3894700,0.0,0.0
2024-03-20 00:00:00-04:00,13.470000267028809,13.789999961853027,13.210000038146973,13.479999542236328,3921300,0.0,0.0
2024-03-21 00:00:00-04:00,13.5600004196167,14.020000457763672,13.479999542236328,13.65999984741211,3382800,0.0,0.0
2024-03-22 00:00:00-04:00,13.760000228881836,13.949999809265137,13.010000228881836,13.100000381469727,4400000,0.0,0.0
2024-03-25 00:00:00-04:00,13.420000076293945,15.149999618530273,13.3100004196167,15.119999885559082,10416300,0.0,0.0
2024-03-26 00:00:00-04:00,15.149999618530273,15.630000114440918,14.75,15.5,17245800,0.0,0.0
2024-03-27 00:00:00-04:00,13.050000190734863,13.720000267028809,12.800000190734863,13.170000076293945,17871300,0.0,0.0
2024-03-28 00:00:00-04:00,13.1899995803833,13.1899995803833,12.470000267028809,12.520000457763672,8473500,0.0,0.0
2024-04-01 00:00:00-04:00,12.630000114440918,12.670000076293945,11.550000190734863,11.989999771118164,9207100,0.0,0.0
2024-04-02 00:00:00-04:00,11.84000015258789,11.989999771118164,11.260000228881836,11.279999732971191,6327700,0.0,0.0
2024-04-03 00:00:00-04:00,11.220000267028809,11.5,10.899999618530273,11.380000114440918,4331500,0.0,0.0
2024-04-04 00:00:00-04:00,11.5,11.829999923706055,11.380000114440918,11.529999732971191,4347000,0.0,0.0
2024-04-05 00:00:00-04:00,11.300000190734863,11.5,10.970000267028809,11.25,4750800,0.0,0.0
2024-04-08 00:00:00-04:00,11.300000190734863,11.369999885559082,10.829999923706055,10.829999923706055,3659100,0.0,0.0
2024-04-09 00:00:00-04:00,10.850000381469727,11.180000305175781,10.729999542236328,11.010000228881836,3514400,0.0,0.0
2024-04-10 00:00:00-04:00,10.899999618530273,11.069999694824219,10.75,10.850000381469727,3546200,0.0,0.0
2024-04-11 00:00:00-04:00,10.90999984741211,11.390000343322754,10.800000190734863,11.289999961853027,3802100,0.0,0.0
2024-04-12 00:00:00-04:00,11.210000038146973,11.229999542236328,10.760000228881836,10.770000457763672,3196300,0.0,0.0
2024-04-15 00:00:00-04:00,10.8100004196167,10.84000015258789,10.0600004196167,10.0600004196167,5086300,0.0,0.0
2024-04-16 00:00:00-04:00,10.0,10.550000190734863,9.949999809265137,10.369999885559082,4162100,0.0,0.0
2024-04-17 00:00:00-04:00,10.4399995803833,10.59000015258789,10.300000190734863,10.300000190734863,2096700,0.0,0.0
2024-04-18 00:00:00-04:00,10.319999694824219,10.630000114440918,10.270000457763672,10.3100004196167,2175400,0.0,0.0
2024-04-19 00:00:00-04:00,10.199999809265137,10.5,10.199999809265137,10.420000076293945,2455100,0.0,0.0
2024-04-22 00:00:00-04:00,10.40999984741211,10.449999809265137,10.010000228881836,10.010000228881836,3261000,0.0,0.0
2024-04-23 00:00:00-04:00,10.050000190734863,10.279999732971191,10.010000228881836,10.15999984741211,2511800,0.0,0.0
2024-04-24 00:00:00-04:00,10.15999984741211,10.9399995803833,10.15999984741211,10.930000305175781,4829600,0.0,0.0
2024-04-25 00:00:00-04:00,10.699999809265137,11.210000038146973,10.479999542236328,11.210000038146973,4903800,0.0,0.0
2024-04-26 00:00:00-04:00,11.180000305175781,12.1899995803833,11.0,11.899999618530273,7685100,0.0,0.0
2024-04-29 00:00:00-04:00,11.84000015258789,11.960000038146973,11.180000305175781,11.289999961853027,3821500,0.0,0.0
2024-04-30 00:00:00-04:00,11.180000305175781,11.300000190734863,10.90999984741211,11.09000015258789,2866500,0.0,0.0
2024-05-01 00:00:00-04:00,11.029999732971191,11.319999694824219,10.699999809265137,10.90999984741211,2653200,0.0,0.0
2024-05-02 00:00:00-04:00,11.109999656677246,12.880000114440918,10.960000038146973,12.760000228881836,8654800,0.0,0.0
2024-05-03 00:00:00-04:00,12.420000076293945,17.450000762939453,12.3100004196167,16.469999313354492,36292400,0.0,0.0
2024-05-06 00:00:00-04:00,14.989999771118164,17.399999618530273,13.619999885559082,16.309999465942383,48018700,0.0,0.0
2024-05-07 00:00:00-04:00,15.850000381469727,17.290000915527344,14.930000305175781,16.309999465942383,24308600,0.0,0.0
2024-05-08 00:00:00-04:00,16.049999237060547,17.239999771118164,15.329999923706055,15.920000076293945,24775100,0.0,0.0
2024-05-09 00:00:00-04:00,15.899999618530273,18.510000228881836,15.350000381469727,18.010000228881836,25759300,0.0,0.0
2024-05-10 00:00:00-04:00,17.93000030517578,20.200000762939453,16.8799991607666,17.459999084472656,36831900,0.0,0.0
2024-05-13 00:00:00-04:00,26.34000015258789,38.20000076293945,24.770000457763672,30.450000762939453,187241700,0.0,0.0
2024-05-14 00:00:00-04:00,64.83000183105469,64.83000183105469,36.0,48.75,206979100,0.0,0.0
2024-05-15 00:00:00-04:00,40.310001373291016,42.349998474121094,31.0,39.54999923706055,131790100,0.0,0.0
2024-05-16 00:00:00-04:00,33.97999954223633,35.2400016784668,27.59000015258789,27.670000076293945,76177600,0.0,0.0
2024-05-17 00:00:00-04:00,21.860000610351562,22.40999984741211,19.700000762939453,22.209999084472656,96079600,0.0,0.0
2024-05-20 00:00:00-04:00,21.540000915527344,23.399999618530273,18.940000534057617,23.139999389648438,55261600,0.0,0.0
2024-05-21 00:00:00-04:00,22.239999771118164,22.850000381469727,20.040000915527344,22.1200008392334,49250100,0.0,0.0
2024-05-22 00:00:00-04:00,21.559999465942383,22.25,20.760000228881836,21.1200008392334,43521400,0.0,0.0
2024-05-23 00:00:00-04:00,21.399999618530273,21.399999618530273,18.260000228881836,18.31999969482422,30561100,0.0,0.0
2024-05-24 00:00:00-04:00,18.420000076293945,19.68000030517578,17.700000762939453,19.0,41886700,0.0,0.0
2024-05-28 00:00:00-04:00,23.100000381469727,26.65999984741211,21.149999618530273,23.780000686645508,105077600,0.0,0.0
2024-05-29 00:00:00-04:00,22.0,22.979999542236328,21.049999237060547,21.239999771118164,26921200,0.0,0.0
2024-05-30 00:00:00-04:00,21.020000457763672,22.700000762939453,20.100000381469727,22.610000610351562,24508800,0.0,0.0
2024-05-31 00:00:00-04:00,22.579999923706055,23.719999313354492,21.68000030517578,23.139999389648438,22174300,0.0,0.0
2024-06-03 00:00:00-04:00,40.189998626708984,40.5,26.399999618530273,28.0,165808300,0.0,0.0
2024-06-04 00:00:00-04:00,26.260000228881836,28.010000228881836,25.200000762939453,26.5,51662100,0.0,0.0
2024-06-05 00:00:00-04:00,26.299999237060547,31.84000015258789,26.110000610351562,31.56999969482422,73156400,0.0,0.0
2024-06-06 00:00:00-04:00,31.56999969482422,47.5,31.280000686645508,46.54999923706055,206685800,0.0,0.0
2024-06-07 00:00:00-04:00,37.689998626708984,48.0,26.1200008392334,28.219999313354492,279054400,0.0,0.0
2024-06-10 00:00:00-04:00,28.969999313354492,29.34000015258789,23.059999465942383,24.829999923706055,131572400,0.0,0.0
2024-06-11 00:00:00-04:00,24.399999618530273,30.920000076293945,22.790000915527344,30.489999771118164,146914700,0.0,0.0
2024-06-12 00:00:00-04:00,29.170000076293945,33.70000076293945,24.829999923706055,25.459999084472656,147986700,0.0,0.0
2024-06-13 00:00:00-04:00,26.559999465942383,29.579999923706055,25.559999465942383,29.1200008392334,107306600,0.0,0.0
2024-06-14 00:00:00-04:00,29.229999542236328,30.65999984741211,27.40999984741211,28.700000762939453,82874400,0.0,0.0
2024-06-17 00:00:00-04:00,28.549999237060547,29.18000030517578,23.790000915527344,25.219999313354492,90351900,0.0,0.0
2024-06-18 00:00:00-04:00,24.579999923706055,25.969999313354492,23.610000610351562,24.700000762939453,38079200,0.0,0.0
2024-06-20 00:00:00-04:00,24.25,25.93000030517578,23.649999618530273,25.59000015258789,36029300,0.0,0.0
2024-06-21 00:00:00-04:00,25.239999771118164,25.809999465942383,23.510000228881836,23.93000030517578,28004000,0.0,0.0
2024-06-24 00:00:00-04:00,23.260000228881836,24.829999923706055,23.239999771118164,23.649999618530273,22162900,0.0,0.0
2024-06-25 00:00:00-04:00,23.600000381469727,24.969999313354492,22.549999237060547,24.93000030517578,27625600,0.0,0.0
2024-06-26 00:00:00-04:00,24.600000381469727,25.3799991607666,24.040000915527344,24.200000762939453,17903000,0.0,0.0
2024-06-27 00:00:00-04:00,24.100000381469727,26.690000534057617,24.059999465942383,25.09000015258789,34867000,0.0,0.0
2024-06-28 00:00:00-04:00,25.020000457763672,26.170000076293945,24.309999465942383,24.690000534057617,20212000,0.0,0.0
2024-07-01 00:00:00-04:00,23.350000381469727,23.780000686645508,22.309999465942383,23.329999923706055,30689000,0.0,0.0
2024-07-02 00:00:00-04:00,23.239999771118164,24.31999969482422,23.100000381469727,23.979999542236328,13703500,0.0,0.0
2024-07-03 00:00:00-04:00,24.030000686645508,24.889999389648438,23.649999618530273,24.3700008392334,11829500,0.0,0.0
2024-07-05 00:00:00-04:00,24.18000030517578,25.079999923706055,23.81999969482422,24.18000030517578,11782100,0.0,0.0
2024-07-08 00:00:00-04:00,24.1200008392334,25.139999389648438,23.850000381469727,24.450000762939453,11815500,0.0,0.0
2024-07-09 00:00:00-04:00,24.600000381469727,25.18000030517578,24.0,24.600000381469727,9419800,0.0,0.0
2024-07-10 00:00:00-04:00,25.0,26.450000762939453,24.899999618530273,24.969999313354492,22325400,0.0,0.0
2024-07-11 00:00:00-04:00,25.440000534057617,26.020000457763672,25.020000457763672,25.56999969482422,13032700,0.0,0.0
2024-07-12 00:00:00-04:00,25.760000228881836,26.889999389648438,25.420000076293945,26.049999237060547,16238900,0.0,0.0
2024-07-15 00:00:00-04:00,25.979999542236328,27.200000762939453,25.649999618530273,27.0,17136400,0.0,0.0
2024-07-16 00:00:00-04:00,27.75,28.829999923706055,27.3700008392334,28.540000915527344,25594500,0.0,0.0
2024-07-17 00:00:00-04:00,28.399999618530273,29.790000915527344,27.239999771118164,27.979999542236328,23775000,0.0,0.0
2024-07-18 00:00:00-04:00,27.979999542236328,28.3799991607666,25.610000610351562,25.8799991607666,16969700,0.0,0.0
2024-07-19 00:00:00-04:00,25.549999237060547,26.389999389648438,24.850000381469727,24.969999313354492,12763300,0.0,0.0
2024-07-22 00:00:00-04:00,24.84000015258789,25.979999542236328,24.3799991607666,25.219999313354492,14090400,0.0,0.0
2024-07-23 00:00:00-04:00,25.219999313354492,25.68000030517578,24.889999389648438,25.5,7921700,0.0,0.0
2024-07-24 00:00:00-04:00,25.149999618530273,25.450000762939453,23.93000030517578,24.010000228881836,9549200,0.0,0.0
2024-07-25 00:00:00-04:00,23.59000015258789,24.59000015258789,23.360000610351562,23.950000762939453,8567700,0.0,0.0
2024-07-26 00:00:00-04:00,24.280000686645508,24.770000457763672,24.110000610351562,24.1299991607666,6833900,0.0,0.0
2024-07-29 00:00:00-04:00,24.229999542236328,24.3799991607666,23.540000915527344,23.600000381469727,7250200,0.0,0.0
2024-07-30 00:00:00-04:00,23.600000381469727,23.889999389648438,22.34000015258789,22.399999618530273,9272400,0.0,0.0
2024-07-31 00:00:00-04:00,22.860000610351562,23.450000762939453,22.610000610351562,22.670000076293945,8005800,0.0,0.0
2024-08-01 00:00:00-04:00,22.920000076293945,23.09000015258789,21.559999465942383,21.709999084472656,9334400,0.0,0.0
2024-08-02 00:00:00-04:00,20.950000762939453,21.610000610351562,20.43000030517578,21.06999969482422,9030000,0.0,0.0
2024-08-05 00:00:00-04:00,18.829999923706055,20.799999237060547,18.729999542236328,20.649999618530273,12205900,0.0,0.0
2024-08-06 00:00:00-04:00,21.020000457763672,21.579999923706055,20.260000228881836,21.280000686645508,6505300,0.0,0.0
2024-08-07 00:00:00-04:00,21.149999618530273,21.459999084472656,20.3799991607666,20.829999923706055,6101100,0.0,0.0
2024-08-08 00:00:00-04:00,21.010000228881836,21.8799991607666,20.809999465942383,21.75,5439700,0.0,0.0
2024-08-09 00:00:00-04:00,21.510000228881836,22.170000076293945,21.459999084472656,21.93000030517578,4828900,0.0,0.0
2024-08-12 00:00:00-04:00,21.979999542236328,22.270000457763672,21.450000762939453,21.8799991607666,4449100,0.0,0.0
2024-08-13 00:00:00-04:00,21.959999084472656,22.3799991607666,21.860000610351562,22.270000457763672,3913700,0.0,0.0
2024-08-14 00:00:00-04:00,22.34000015258789,22.729999542236328,21.790000915527344,21.989999771118164,3489400,0.0,0.0
2024-08-15 00:00:00-04:00,22.25,22.84000015258789,21.969999313354492,22.530000686645508,5361400,0.0,0.0
2024-08-16 00:00:00-04:00,22.3700008392334,22.690000534057617,22.239999771118164,22.399999618530273,3641800,0.0,0.0
2024-08-19 00:00:00-04:00,22.350000381469727,23.100000381469727,22.31999969482422,22.65999984741211,4543500,0.0,0.0
2024-08-20 00:00:00-04:00,22.5,22.520000457763672,21.959999084472656,22.280000686645508,3570300,0.0,0.0
2024-08-21 00:00:00-04:00,22.170000076293945,22.649999618530273,22.15999984741211,22.549999237060547,3163200,0.0,0.0
2024-08-22 00:00:00-04:00,22.5,22.760000228881836,22.09000015258789,22.1200008392334,3382500,0.0,0.0
2024-08-23 00:00:00-04:00,22.25,22.6200008392334,22.18000030517578,22.209999084472656,4056700,0.0,0.0
2024-08-26 00:00:00-04:00,22.25,22.389999389648438,21.299999237060547,21.360000610351562,4780500,0.0,0.0
2024-08-27 00:00:00-04:00,21.059999465942383,21.290000915527344,20.65999984741211,20.739999771118164,4118800,0.0,0.0
2024-08-28 00:00:00-04:00,20.709999084472656,21.06999969482422,19.8799991607666,19.899999618530273,5219500,0.0,0.0
2024-08-29 00:00:00-04:00,20.5,22.450000762939453,20.469999313354492,21.510000228881836,10428400,0.0,0.0
2024-08-30 00:00:00-04:00,21.81999969482422,23.479999542236328,21.729999542236328,23.420000076293945,15680700,0.0,0.0
2024-09-03 00:00:00-04:00,24.149999618530273,24.690000534057617,22.81999969482422,23.139999389648438,11350500,0.0,0.0
2024-09-04 00:00:00-04:00,22.850000381469727,23.709999084472656,22.110000610351562,22.1200008392334,6700900,0.0,0.0
2024-09-05 00:00:00-04:00,22.0,22.68000030517578,21.65999984741211,22.389999389648438,5101200,0.0,0.0
2024-09-06 00:00:00-04:00,22.399999618530273,24.479999542236328,21.799999237060547,23.920000076293945,23884000,0.0,0.0
2024-09-09 00:00:00-04:00,23.239999771118164,25.020000457763672,23.15999984741211,24.25,14064700,0.0,0.0
2024-09-10 00:00:00-04:00,24.770000457763672,24.799999237060547,23.1299991607666,23.450000762939453,19175500,0.0,0.0
2024-09-11 00:00:00-04:00,20.81999969482422,21.09000015258789,19.309999465942383,20.639999389648438,28921500,0.0,0.0
2024-09-12 00:00:00-04:00,20.469999313354492,20.709999084472656,19.989999771118164,20.399999618530273,9567500,0.0,0.0
2024-09-13 00:00:00-04:00,20.489999771118164,20.920000076293945,20.34000015258789,20.649999618530273,8053700,0.0,0.0
2024-09-16 00:00:00-04:00,20.450000762939453,20.520000457763672,19.920000076293945,20.09000015258789,5981200,0.0,0.0
2024-09-17 00:00:00-04:00,20.239999771118164,20.559999465942383,19.920000076293945,20.15999984741211,6307600,0.0,0.0
2024-09-18 00:00:00-04:00,20.049999237060547,20.260000228881836,19.420000076293945,19.649999618530273,10728200,0.0,0.0
2024-09-19 00:00:00-04:00,19.889999389648438,20.030000686645508,19.469999313354492,19.510000228881836,8902600,0.0,0.0
2024-09-20 00:00:00-04:00,19.6299991607666,22.030000686645508,19.479999542236328,21.850000381469727,61919200,0.0,0.0
2024-09-23 00:00:00-04:00,21.540000915527344,22.559999465942383,21.229999542236328,22.309999465942383,13969500,0.0,0.0
2024-09-24 00:00:00-04:00,22.610000610351562,22.719999313354492,21.540000915527344,22.6299991607666,12121400,0.0,0.0
2024-09-25 00:00:00-04:00,22.15999984741211,22.829999923706055,22.06999969482422,22.18000030517578,6139700,0.0,0.0
2024-09-26 00:00:00-04:00,22.399999618530273,22.639999389648438,21.8700008392334,22.290000915527344,5777500,0.0,0.0
2024-09-27 00:00:00-04:00,22.389999389648438,23.100000381469727,21.969999313354492,22.479999542236328,7416500,0.0,0.0
2024-09-30 00:00:00-04:00,22.299999237060547,23.639999389648438,22.170000076293945,22.93000030517578,10161700,0.0,0.0
2024-10-01 00:00:00-04:00,22.950000762939453,23.1200008392334,21.809999465942383,21.969999313354492,7189200,0.0,0.0
2024-10-02 00:00:00-04:00,21.860000610351562,22.299999237060547,21.40999984741211,21.489999771118164,5673100,0.0,0.0
2024-10-03 00:00:00-04:00,21.360000610351562,21.790000915527344,21.110000610351562,21.200000762939453,4665800,0.0,0.0
2024-10-04 00:00:00-04:00,21.479999542236328,21.969999313354492,21.290000915527344,21.399999618530273,5286200,0.0,0.0
2024-10-07 00:00:00-04:00,21.350000381469727,21.530000686645508,20.809999465942383,20.899999618530273,5988000,0.0,0.0
2024-10-08 00:00:00-04:00,20.899999618530273,21.270000457763672,20.530000686645508,20.709999084472656,4840500,0.0,0.0
2024-10-09 00:00:00-04:00,20.5,20.739999771118164,20.299999237060547,20.5,3914000,0.0,0.0
2024-10-10 00:00:00-04:00,20.469999313354492,21.049999237060547,20.3799991607666,20.90999984741211,4180800,0.0,0.0
2024-10-11 00:00:00-04:00,20.65999984741211,21.219999313354492,20.65999984741211,20.829999923706055,3931600,0.0,0.0
2024-10-14 00:00:00-04:00,20.75,21.670000076293945,20.459999084472656,21.329999923706055,6636600,0.0,0.0
2024-10-15 00:00:00-04:00,21.450000762939453,21.68000030517578,20.979999542236328,21.270000457763672,4851900,0.0,0.0
2024-10-16 00:00:00-04:00,21.1299991607666,21.75,21.030000686645508,21.65999984741211,4264600,0.0,0.0
2024-10-17 00:00:00-04:00,21.5,21.65999984741211,21.229999542236328,21.40999984741211,3015300,0.0,0.0
2024-10-18 00:00:00-04:00,21.40999984741211,21.610000610351562,20.979999542236328,21.219999313354492,5302200,0.0,0.0
2024-10-21 00:00:00-04:00,21.100000381469727,21.219999313354492,20.65999984741211,20.700000762939453,3956500,0.0,0.0
2024-10-22 00:00:00-04:00,20.6200008392334,20.940000534057617,20.43000030517578,20.93000030517578,3232300,0.0,0.0
2024-10-23 00:00:00-04:00,20.729999542236328,20.979999542236328,20.350000381469727,20.540000915527344,2945000,0.0,0.0
2024-10-24 00:00:00-04:00,20.6299991607666,20.84000015258789,20.479999542236328,20.6299991607666,2682300,0.0,0.0
2024-10-25 00:00:00-04:00,20.649999618530273,21.43000030517578,20.540000915527344,20.56999969482422,5989000,0.0,0.0
2024-10-28 00:00:00-04:00,20.84000015258789,22.770000457763672,20.729999542236328,22.729999542236328,13641200,0.0,0.0
2024-10-29 00:00:00-04:00,22.700000762939453,23.200000762939453,22.09000015258789,22.68000030517578,10078100,0.0,0.0
2024-10-30 00:00:00-04:00,23.399999618530273,24.540000915527344,22.75,23.280000686645508,12383600,0.0,0.0
2024-10-31 00:00:00-04:00,22.829999923706055,23.030000686645508,22.049999237060547,22.18000030517578,5594500,0.0,0.0
2024-11-01 00:00:00-04:00,22.399999618530273,23.049999237060547,22.079999923706055,22.40999984741211,4744500,0.0,0.0
2024-11-04 00:00:00-05:00,22.200000762939453,22.649999618530273,21.8799991607666,22.329999923706055,4300200,0.0,0.0
2024-11-05 00:00:00-05:00,22.31999969482422,23.200000762939453,22.270000457763672,22.989999771118164,5858400,0.0,0.0
2024-11-06 00:00:00-05:00,23.309999465942383,23.81999969482422,22.899999618530273,23.100000381469727,6648000,0.0,0.0
2024-11-07 00:00:00-05:00,23.06999969482422,23.65999984741211,22.809999465942383,23.450000762939453,5554400,0.0,0.0
2024-11-08 00:00:00-05:00,23.440000534057617,25.389999389648438,23.239999771118164,24.8799991607666,15908600,0.0,0.0
2024-11-11 00:00:00-05:00,25.260000228881836,28.049999237060547,24.6299991607666,27.260000228881836,26633000,0.0,0.0
2024-11-12 00:00:00-05:00,26.059999465942383,27.100000381469727,24.950000762939453,26.84000015258789,18972700,0.0,0.0
2024-11-13 00:00:00-05:00,26.260000228881836,28.219999313354492,26.219999313354492,26.459999084472656,18490300,0.0,0.0
2024-11-14 00:00:00-05:00,27.170000076293945,28.280000686645508,26.719999313354492,27.3700008392334,16502000,0.0,0.0
2024-11-15 00:00:00-05:00,28.079999923706055,28.59000015258789,26.31999969482422,26.59000015258789,16451800,0.0,0.0
2024-11-18 00:00:00-05:00,26.649999618530273,27.15999984741211,25.850000381469727,26.440000534057617,8541600,0.0,0.0
2024-11-19 00:00:00-05:00,25.889999389648438,27.600000381469727,25.709999084472656,27.56999969482422,8698600,0.0,0.0
2024-11-20 00:00:00-05:00,27.260000228881836,29.799999237060547,27.260000228881836,28.450000762939453,22089700,0.0,0.0
2024-11-21 00:00:00-05:00,29.09000015258789,29.170000076293945,27.18000030517578,27.81999969482422,10587200,0.0,0.0
2024-11-22 00:00:00-05:00,27.8799991607666,28.459999084472656,27.420000076293945,27.899999618530273,7975700,0.0,0.0
2024-11-25 00:00:00-05:00,28.049999237060547,29.770000457763672,27.959999084472656,29.670000076293945,13090400,0.0,0.0
2024-11-26 00:00:00-05:00,29.399999618530273,32.119998931884766,28.780000686645508,30.329999923706055,24657300,0.0,0.0
2024-11-27 00:00:00-05:00,30.799999237060547,31.549999237060547,30.510000228881836,30.889999389648438,12895100,0.0,0.0
2024-11-29 00:00:00-05:00,31.010000228881836,31.079999923706055,28.850000381469727,29.049999237060547,10473700,0.0,0.0
2024-12-02 00:00:00-05:00,28.959999084472656,29.3700008392334,26.75,27.270000457763672,13576600,0.0,0.0
2024-12-03 00:00:00-05:00,26.549999237060547,27.59000015258789,26.489999771118164,27.440000534057617,6009900,0.0,0.0
2024-12-04 00:00:00-05:00,27.06999969482422,27.829999923706055,26.6299991607666,27.030000686645508,6387500,0.0,0.0
2024-12-05 00:00:00-05:00,27.0,30.8700008392334,26.149999618530273,28.6299991607666,40704900,0.0,0.0
2024-12-06 00:00:00-05:00,29.1200008392334,29.350000381469727,28.110000610351562,29.059999465942383,15161400,0.0,0.0
2024-12-09 00:00:00-05:00,29.0,29.860000610351562,27.739999771118164,27.93000030517578,11495400,0.0,0.0
2024-12-10 00:00:00-05:00,27.8799991607666,28.389999389648438,26.850000381469727,26.93000030517578,18209400,0.0,0.0
2024-12-11 00:00:00-05:00,27.75,30.15999984741211,27.510000228881836,28.969999313354492,20485000,0.0,0.0
2024-12-12 00:00:00-05:00,28.899999618530273,29.65999984741211,28.579999923706055,28.75,8855700,0.0,0.0
2024-12-13 00:00:00-05:00,28.700000762939453,28.860000610351562,27.920000076293945,27.989999771118164,6581600,0.0,0.0
2024-12-16 00:00:00-05:00,27.700000762939453,29.59000015258789,27.270000457763672,29.440000534057617,8700000,0.0,0.0
2024-12-17 00:00:00-05:00,29.639999389648438,31.8799991607666,29.639999389648438,31.260000228881836,19948100,0.0,0.0
2024-12-18 00:00:00-05:00,31.100000381469727,31.700000762939453,28.34000015258789,28.549999237060547,13947300,0.0,0.0
2024-12-19 00:00:00-05:00,29.15999984741211,30.600000381469727,28.81999969482422,29.0,10338200,0.0,0.0
2024-12-20 00:00:00-05:00,28.540000915527344,30.520000457763672,28.309999465942383,29.81999969482422,19606700,0.0,0.0
2024-12-23 00:00:00-05:00,29.81999969482422,31.110000610351562,29.780000686645508,30.899999618530273,8226500,0.0,0.0
2024-12-24 00:00:00-05:00,31.0,31.59000015258789,30.579999923706055,31.139999389648438,5523500,0.0,0.0
2024-12-26 00:00:00-05:00,32.619998931884766,34.369998931884766,31.600000381469727,32.9900016784668,20432900,0.0,0.0
2024-12-27 00:00:00-05:00,32.38999938964844,33.04999923706055,30.729999542236328,32.20000076293945,10141700,0.0,0.0
2024-12-30 00:00:00-05:00,31.799999237060547,32.880001068115234,31.610000610351562,32.0099983215332,9593100,0.0,0.0
2024-12-31 00:00:00-05:00,32.060001373291016,32.439998626708984,31.100000381469727,31.34000015258789,7395300,0.0,0.0
2025-01-02 00:00:00-05:00,31.84000015258789,32.04999923706055,30.3700008392334,30.65999984741211,7979700,0.0,0.0
2025-01-03 00:00:00-05:00,30.799999237060547,32.13999938964844,30.56999969482422,31.649999618530273,7461800,0.0,0.0
2025-01-06 00:00:00-05:00,31.700000762939453,33.4900016784668,30.760000228881836,32.81999969482422,12609400,0.0,0.0
2025-01-07 00:00:00-05:00,32.79999923706055,34.400001525878906,31.709999084472656,33.369998931884766,13360700,0.0,0.0
2025-01-08 00:00:00-05:00,32.970001220703125,33.369998931884766,32.40999984741211,32.959999084472656,6320000,0.0,0.0
2025-01-10 00:00:00-05:00,32.5,32.939998626708984,31.399999618530273,32.310001373291016,7068200,0.0,0.0
2025-01-13 00:00:00-05:00,31.600000381469727,31.799999237060547,30.899999618530273,31.020000457763672,5567000,0.0,0.0
2025-01-14 00:00:00-05:00,31.260000228881836,31.68000030517578,27.559999465942383,27.8799991607666,11796600,0.0,0.0
2025-01-15 00:00:00-05:00,28.899999618530273,29.329999923706055,27.84000015258789,27.959999084472656,6025400,0.0,0.0
2025-01-16 00:00:00-05:00,27.940000534057617,28.139999389648438,27.40999984741211,27.719999313354492,4432000,0.0,0.0
2025-01-17 00:00:00-05:00,27.610000610351562,28.790000915527344,27.020000457763672,27.510000228881836,8977500,0.0,0.0
2025-01-21 00:00:00-05:00,27.399999618530273,27.56999969482422,26.329999923706055,27.469999313354492,5867800,0.0,0.0
2025-01-22 00:00:00-05:00,27.360000610351562,28.020000457763672,27.299999237060547,27.649999618530273,5025400,0.0,0.0
2025-01-23 00:00:00-05:00,27.8799991607666,29.260000228881836,27.68000030517578,28.329999923706055,8828200,0.0,0.0
2025-01-24 00:00:00-05:00,28.299999237060547,28.670000076293945,27.6200008392334,27.770000457763672,4511600,0.0,0.0
2025-01-27 00:00:00-05:00,26.920000076293945,27.68000030517578,26.799999237060547,26.969999313354492,5060300,0.0,0.0
2025-01-28 00:00:00-05:00,27.0,27.59000015258789,26.649999618530273,27.459999084472656,3169900,0.0,0.0
2025-01-29 00:00:00-05:00,27.40999984741211,27.739999771118164,27.059999465942383,27.510000228881836,3220400,0.0,0.0
2025-01-30 00:00:00-05:00,27.84000015258789,28.229999542236328,27.709999084472656,27.989999771118164,3343900,0.0,0.0
2025-01-31 00:00:00-05:00,27.790000915527344,28.18000030517578,26.899999618530273,26.899999618530273,4544000,0.0,0.0
2025-02-03 00:00:00-05:00,25.56999969482422,26.540000915527344,25.5,25.889999389648438,5740500,0.0,0.0
2025-02-04 00:00:00-05:00,25.850000381469727,26.25,25.799999237060547,25.899999618530273,3353700,0.0,0.0
2025-02-05 00:00:00-05:00,25.700000762939453,25.809999465942383,24.899999618530273,24.93000030517578,4580200,0.0,0.0
2025-02-06 00:00:00-05:00,24.93000030517578,25.389999389648438,24.530000686645508,24.799999237060547,4349500,0.0,0.0
2025-02-07 00:00:00-05:00,24.899999618530273,25.020000457763672,24.600000381469727,24.729999542236328,3403300,0.0,0.0
2025-02-10 00:00:00-05:00,25.5,27.270000457763672,25.299999237060547,27.1200008392334,9694700,0.0,0.0
2025-02-11 00:00:00-05:00,26.850000381469727,27.760000228881836,26.469999313354492,26.559999465942383,7042700,0.0,0.0
2025-02-12 00:00:00-05:00,26.1200008392334,26.399999618530273,25.600000381469727,25.989999771118164,3999200,0.0,0.0
2025-02-13 00:00:00-05:00,25.75,26.399999618530273,25.75,26.34000015258789,8255300,0.0,0.0
2025-02-14 00:00:00-05:00,28.899999618530273,28.969999313354492,26.899999618530273,27.0,12142600,0.0,0.0
2025-02-18 00:00:00-05:00,27.030000686645508,27.59000015258789,26.65999984741211,26.969999313354492,5337800,0.0,0.0
2025-02-19 00:00:00-05:00,26.799999237060547,26.959999084472656,25.920000076293945,26.0,4382100,0.0,0.0
2025-02-20 00:00:00-05:00,25.799999237060547,27.450000762939453,25.760000228881836,27.040000915527344,7735200,0.0,0.0
2025-02-21 00:00:00-05:00,27.25,27.579999923706055,26.15999984741211,26.420000076293945,6130900,0.0,0.0
2025-02-24 00:00:00-05:00,26.34000015258789,26.389999389648438,24.950000762939453,25.0,5980000,0.0,0.0
2025-02-25 00:00:00-05:00,24.93000030517578,25.290000915527344,23.829999923706055,24.420000076293945,6551500,0.0,0.0
2025-02-26 00:00:00-05:00,24.540000915527344,25.209999084472656,24.450000762939453,24.610000610351562,3272500,0.0,0.0
2025-02-27 00:00:00-05:00,25.0,25.3700008392334,24.139999389648438,24.479999542236328,4590000,0.0,0.0
2025-02-28 00:00:00-05:00,24.329999923706055,25.100000381469727,24.200000762939453,25.040000915527344,4137100,0.0,0.0
2025-03-03 00:00:00-05:00,25.260000228881836,25.479999542236328,24.18000030517578,24.399999618530273,4291000,0.0,0.0
2025-03-04 00:00:00-05:00,23.770000457763672,24.860000610351562,23.440000534057617,24.299999237060547,5068700,0.0,0.0
2025-03-05 00:00:00-05:00,24.329999923706055,25.15999984741211,24.110000610351562,25.06999969482422,3282500,0.0,0.0
2025-03-06 00:00:00-05:00,24.739999771118164,25.010000228881836,24.049999237060547,24.200000762939453,3421400,0.0,0.0
2025-03-07 00:00:00-05:00,24.0,24.350000381469727,23.520000457763672,24.0,3464000,0.0,0.0
2025-03-10 00:00:00-04:00,23.440000534057617,23.579999923706055,22.260000228881836,22.420000076293945,6226900,0.0,0.0
2025-03-11 00:00:00-04:00,22.350000381469727,22.979999542236328,22.079999923706055,22.610000610351562,4226900,0.0,0.0
2025-03-12 00:00:00-04:00,22.950000762939453,23.239999771118164,21.889999389648438,21.989999771118164,3718200,0.0,0.0
2025-03-13 00:00:00-04:00,22.049999237060547,22.25,21.559999465942383,21.950000762939453,3829800,0.0,0.0
2025-03-14 00:00:00-04:00,22.290000915527344,23.149999618530273,22.290000915527344,23.049999237060547,3960500,0.0,0.0
2025-03-17 00:00:00-04:00,23.239999771118164,23.729999542236328,22.969999313354492,23.5,2899100,0.0,0.0
2025-03-18 00:00:00-04:00,23.290000915527344,23.6200008392334,23.139999389648438,23.299999237060547,2155800,0.0,0.0
2025-03-19 00:00:00-04:00,23.399999618530273,23.989999771118164,23.260000228881836,23.709999084472656,3032300,0.0,0.0
2025-03-20 00:00:00-04:00,23.649999618530273,24.1200008392334,23.510000228881836,23.510000228881836,1998200,0.0,0.0
2025-03-21 00:00:00-04:00,23.75,24.809999465942383,23.649999618530273,24.75,6893900,0.0,0.0
2025-03-24 00:00:00-04:00,25.350000381469727,25.829999923706055,25.149999618530273,25.610000610351562,5036000,0.0,0.0
2025-03-25 00:00:00-04:00,25.700000762939453,25.770000457763672,24.989999771118164,25.399999618530273,10106800,0.0,0.0
2025-03-26 00:00:00-04:00,28.84000015258789,29.799999237060547,27.31999969482422,28.360000610351562,52930500,0.0,0.0
2025-03-27 00:00:00-04:00,25.8700008392334,26.280000686645508,21.15999984741211,22.09000015258789,96733100,0.0,0.0
2025-03-28 00:00:00-04:00,21.889999389648438,22.790000915527344,21.700000762939453,21.729999542236328,44771700,0.0,0.0
2025-03-31 00:00:00-04:00,21.399999618530273,22.6299991607666,20.729999542236328,22.31999969482422,16147900,0.0,0.0
2025-04-01 00:00:00-04:00,22.760000228881836,23.25,21.950000762939453,22.610000610351562,14435300,0.0,0.0
2025-04-02 00:00:00-04:00,22.489999771118164,23.020000457763672,22.25,22.690000534057617,10965100,0.0,0.0
2025-04-03 00:00:00-04:00,21.600000381469727,21.780000686645508,21.079999923706055,21.100000381469727,11141900,0.0,0.0
2025-04-04 00:00:00-04:00,21.420000076293945,23.850000381469727,20.780000686645508,23.489999771118164,20608200,0.0,0.0
2025-04-07 00:00:00-04:00,22.600000381469727,25.020000457763672,22.399999618530273,24.290000915527344,17191900,0.0,0.0
2025-04-08 00:00:00-04:00,24.81999969482422,24.93000030517578,22.969999313354492,23.389999389648438,12062300,0.0,0.0
2025-04-09 00:00:00-04:00,23.030000686645508,25.459999084472656,23.030000686645508,25.399999618530273,17695900,0.0,0.0
2025-04-10 00:00:00-04:00,25.0,26.200000762939453,24.40999984741211,25.020000457763672,11545400,0.0,0.0
2025-04-11 00:00:00-04:00,25.5,26.440000534057617,25.25,26.399999618530273,10927500,0.0,0.0
